account_id,month,company_size,industry,contract_type,discount_pct,regime_state,active_users,usage_growth,feature_adoption_rate,error_rate,tickets_count,ticket_growth,payment_delay_flag,current_mrr,next_month_mrr,previous_month,previous_mrr,previous_active_users,previous_feature_adoption_rate,previous_error_rate,previous_tickets_count,previous_discount_pct,mrr_change,mrr_change_pct,absolute_mrr_change,change_direction,active_users_change,active_users_change_pct,feature_adoption_change,error_rate_change,tickets_change,tickets_change_pct,discount_change,transaction_id,timestamp,transaction_type,amount,reason_code,transaction_count,transaction_ids,transaction_timestamps,transaction_types,transaction_amounts,reason_codes,transaction_amount_total,transaction_reconciliation_diff,positive_transaction_amount,negative_transaction_amount,new_arr_amount,expansion_amount,contraction_amount,churn_amount,sla_credit_amount,refund_amount,usage_overage_amount,new_arr_share,expansion_share,contraction_share,churn_share,sla_credit_share,refund_share,usage_overage_share,largest_transaction_id,largest_transaction_timestamp,largest_transaction_type,largest_transaction_amount,largest_transaction_reason_code,largest_positive_transaction_amount,largest_negative_transaction_amount,primary_transaction_type,primary_reason_code,primary_driver_amount,primary_driver_share,secondary_transaction_type,secondary_reason_code,secondary_driver_amount,secondary_driver_share,change_classification,usage_signal,adoption_signal,reliability_signal,support_signal,payment_signal,usage_growth_driver_flag,feature_adoption_driver_flag,error_rate_driver_flag,ticket_growth_driver_flag,payment_delay_driver_flag,discount_driver_flag,variance_score,variance_rank,material_variance_flag,account_contribution_to_total_change,account_contribution_pct,company_size_mrr_change,company_size_contribution_pct,industry_mrr_change,industry_contribution_pct,contract_type_mrr_change,contract_type_contribution_pct,prior_3m_avg_mrr,prior_3m_avg_change,prior_3m_avg_change_pct,prior_3m_max_change,prior_3m_min_change,change_vs_prior_3m_avg,historical_change_label,churn_flag,churn_reason_code,driver_summary,evidence_summary
ACC-0001,1,Enterprise,Technology,Annual,0.049,stable,338.0919,0.122039,0.05,0.02,0,,0,42000,42000,,,,,,,0.049,0,0,0,increase,,,,,,,,INV-2025-01-001,2025-01-06T10:00:00,New_ARR,42000,New_Logo_Signed,1,"[""INV-2025-01-001""]","[""2025-01-06T10:00:00""]","[""New_ARR""]",[42000.0],"[""New_Logo_Signed""]",42000,0,42000,0,42000,0,0,0,0,0,0,1,0,0,0,0,0,0,INV-2025-01-001,2025-01-06T10:00:00,New_ARR,42000,New_Logo_Signed,42000,0,New_ARR,New_Logo_Signed,42000,1,,,0,0,New_ARR,positive,unknown,unknown,unknown,stable,True,False,False,False,False,False,0,1,True,0,0,0,0,0,0,0,0,,,,,,,insufficient_history,False,,"New_ARR +42,000.0000","1 transactions; largest INV-2025-01-001 +42,000.0000 (New_Logo_Signed)"
ACC-0002,1,Enterprise,Healthcare,Annual,0.0064,stable,506.0866,0.071336,0.05,0.02,0,,0,58000,58000,,,,,,,0.0064,0,0,0,increase,,,,,,,,INV-2025-01-002,2025-01-17T10:00:00,New_ARR,58000,New_Logo_Signed,1,"[""INV-2025-01-002""]","[""2025-01-17T10:00:00""]","[""New_ARR""]",[58000.0],"[""New_Logo_Signed""]",58000,0,58000,0,58000,0,0,0,0,0,0,1,0,0,0,0,0,0,INV-2025-01-002,2025-01-17T10:00:00,New_ARR,58000,New_Logo_Signed,58000,0,New_ARR,New_Logo_Signed,58000,1,,,0,0,New_ARR,positive,unknown,unknown,unknown,stable,True,False,False,False,False,False,0,2,True,0,0,0,0,0,0,0,0,,,,,,,insufficient_history,False,,"New_ARR +58,000.0000","1 transactions; largest INV-2025-01-002 +58,000.0000 (New_Logo_Signed)"
ACC-0008,1,SMB,Logistics,Multi-Year,0.1711,stable,8.6556,-0.037527,0.05,0.02,0,,0,911.54,911.54,,,,,,,0.1711,0,0,0,increase,,,,,,,,INV-2025-01-003,2025-01-07T10:00:00,New_ARR,911.54,New_Logo_Signed,1,"[""INV-2025-01-003""]","[""2025-01-07T10:00:00""]","[""New_ARR""]",[911.54],"[""New_Logo_Signed""]",911.54,0,911.54,0,911.54,0,0,0,0,0,0,1,0,0,0,0,0,0,INV-2025-01-003,2025-01-07T10:00:00,New_ARR,911.54,New_Logo_Signed,911.54,0,New_ARR,New_Logo_Signed,911.54,1,,,0,0,New_ARR,negative,unknown,unknown,unknown,stable,True,False,False,False,False,False,0,3,True,0,0,0,0,0,0,0,0,,,,,,,insufficient_history,False,,New_ARR +911.5400,1 transactions; largest INV-2025-01-003 +911.5400 (New_Logo_Signed)
ACC-0011,1,SMB,Real Estate,Monthly,0.0649,stable,21.7139,0.120592,0.05,0.02,0,,0,2107.97,2107.97,,,,,,,0.0649,0,0,0,increase,,,,,,,,INV-2025-01-004,2025-01-16T10:00:00,New_ARR,2107.97,New_Logo_Signed,1,"[""INV-2025-01-004""]","[""2025-01-16T10:00:00""]","[""New_ARR""]",[2107.97],"[""New_Logo_Signed""]",2107.97,0,2107.97,0,2107.97,0,0,0,0,0,0,1,0,0,0,0,0,0,INV-2025-01-004,2025-01-16T10:00:00,New_ARR,2107.97,New_Logo_Signed,2107.97,0,New_ARR,New_Logo_Signed,2107.97,1,,,0,0,New_ARR,positive,unknown,unknown,unknown,stable,True,False,False,False,False,False,0,4,False,0,0,0,0,0,0,0,0,,,,,,,insufficient_history,False,,"New_ARR +2,107.9700","1 transactions; largest INV-2025-01-004 +2,107.9700 (New_Logo_Signed)"
ACC-0030,1,SMB,Education,Multi-Year,0.0329,stable,3.9793,-0.039569,0.05,0.02,0,,0,883.45,883.45,,,,,,,0.0329,0,0,0,increase,,,,,,,,INV-2025-01-005,2025-01-27T10:00:00,New_ARR,883.45,New_Logo_Signed,1,"[""INV-2025-01-005""]","[""2025-01-27T10:00:00""]","[""New_ARR""]",[883.45],"[""New_Logo_Signed""]",883.45,0,883.45,0,883.45,0,0,0,0,0,0,1,0,0,0,0,0,0,INV-2025-01-005,2025-01-27T10:00:00,New_ARR,883.45,New_Logo_Signed,883.45,0,New_ARR,New_Logo_Signed,883.45,1,,,0,0,New_ARR,negative,unknown,unknown,unknown,stable,True,False,False,False,False,False,0,5,False,0,0,0,0,0,0,0,0,,,,,,,insufficient_history,False,,New_ARR +883.4500,1 transactions; largest INV-2025-01-005 +883.4500 (New_Logo_Signed)
ACC-0043,1,SMB,Media,Annual,0.0855,stable,2.1603,0.033371,0.05,0.02,0,,0,465.54,465.54,,,,,,,0.0855,0,0,0,increase,,,,,,,,INV-2025-01-006,2025-01-21T10:00:00,New_ARR,465.54,New_Logo_Signed,1,"[""INV-2025-01-006""]","[""2025-01-21T10:00:00""]","[""New_ARR""]",[465.54],"[""New_Logo_Signed""]",465.54,0,465.54,0,465.54,0,0,0,0,0,0,1,0,0,0,0,0,0,INV-2025-01-006,2025-01-21T10:00:00,New_ARR,465.54,New_Logo_Signed,465.54,0,New_ARR,New_Logo_Signed,465.54,1,,,0,0,New_ARR,positive,unknown,unknown,unknown,stable,True,False,False,False,False,False,0,6,False,0,0,0,0,0,0,0,0,,,,,,,insufficient_history,False,,New_ARR +465.5400,1 transactions; largest INV-2025-01-006 +465.5400 (New_Logo_Signed)
ACC-0060,1,Mid-Market,Education,Monthly,0.0488,stable,107.8985,-0.054466,0.05,0.02,0,,0,12230.26,12230.26,,,,,,,0.0488,0,0,0,increase,,,,,,,,INV-2025-01-007,2025-01-03T10:00:00,New_ARR,12230.26,New_Logo_Signed,1,"[""INV-2025-01-007""]","[""2025-01-03T10:00:00""]","[""New_ARR""]",[12230.26],"[""New_Logo_Signed""]",12230.26,0,12230.26,0,12230.26,0,0,0,0,0,0,1,0,0,0,0,0,0,INV-2025-01-007,2025-01-03T10:00:00,New_ARR,12230.26,New_Logo_Signed,12230.26,0,New_ARR,New_Logo_Signed,12230.26,1,,,0,0,New_ARR,negative,unknown,unknown,unknown,stable,True,False,False,False,False,False,0,7,False,0,0,0,0,0,0,0,0,,,,,,,insufficient_history,False,,"New_ARR +12,230.2600","1 transactions; largest INV-2025-01-007 +12,230.2600 (New_Logo_Signed)"
ACC-0070,1,Enterprise,Technology,Annual,0.1814,stable,573.8216,-0.00117,0.05,0.02,0,,0,82488.71,82488.71,,,,,,,0.1814,0,0,0,increase,,,,,,,,INV-2025-01-008,2025-01-09T10:00:00,New_ARR,82488.71,New_Logo_Signed,1,"[""INV-2025-01-008""]","[""2025-01-09T10:00:00""]","[""New_ARR""]",[82488.71],"[""New_Logo_Signed""]",82488.71,0,82488.71,0,82488.71,0,0,0,0,0,0,1,0,0,0,0,0,0,INV-2025-01-008,2025-01-09T10:00:00,New_ARR,82488.71,New_Logo_Signed,82488.71,0,New_ARR,New_Logo_Signed,82488.71,1,,,0,0,New_ARR,stable,unknown,unknown,unknown,stable,False,False,False,False,False,False,0,8,False,0,0,0,0,0,0,0,0,,,,,,,insufficient_history,False,,"New_ARR +82,488.7100","1 transactions; largest INV-2025-01-008 +82,488.7100 (New_Logo_Signed)"
ACC-0001,2,Enterprise,Technology,Annual,0.049,stable,341.356,-0.015551,0.064958,0.010291,1,inf,0,42000,42511.23,1,42000,338.0919,0.05,0.02,0,0.049,0,0,0,increase,3.2641,0.0096544756,0.014958,-0.009709,1,inf,0,,,,0,,0,[],[],[],[],[],0,0,0,0,0,0,0,0,0,0,0,0,0,0,0,0,0,0,,,,0,,0,0,,,0,0,,,0,0,No_Change,stable,positive,stable,stable,stable,False,True,False,False,False,False,0,1,True,0,0,0,0,0,0,0,0,,,,,,,insufficient_history,False,,No driver activity this period.,0 transactions
ACC-0002,2,Enterprise,Healthcare,Annual,0.0064,stable,504.2886,-0.032487,0.058901,0.014661,0,,0,58000,58000,1,58000,506.0866,0.05,0.02,0,0.0064,0,0,0,increase,-1.798,-0.0035527516,0.008901,-0.005339,0,,0,,,,0,,0,[],[],[],[],[],0,0,0,0,0,0,0,0,0,0,0,0,0,0,0,0,0,0,,,,0,,0,0,,,0,0,,,0,0,No_Change,negative,stable,stable,stable,stable,True,False,False,False,False,False,0,2,True,0,0,0,0,0,0,0,0,,,,,,,insufficient_history,False,,No driver activity this period.,0 transactions
ACC-0007,2,Mid-Market,Technology,Multi-Year,0.0723,stable,110.5956,-0.03559,0.05,0.02,0,,0,19811.56,21586.34,,,,,,,0.0723,0,0,0,increase,,,,,,,,INV-2025-02-001,2025-02-16T10:00:00,New_ARR,19811.56,New_Logo_Signed,1,"[""INV-2025-02-001""]","[""2025-02-16T10:00:00""]","[""New_ARR""]",[19811.56],"[""New_Logo_Signed""]",19811.56,0,19811.56,0,19811.56,0,0,0,0,0,0,1,0,0,0,0,0,0,INV-2025-02-001,2025-02-16T10:00:00,New_ARR,19811.56,New_Logo_Signed,19811.56,0,New_ARR,New_Logo_Signed,19811.56,1,,,0,0,New_ARR,negative,unknown,unknown,unknown,stable,True,False,False,False,False,False,0,3,True,0,0,0,0,0,0,0,0,,,,,,,insufficient_history,False,,"New_ARR +19,811.5600","1 transactions; largest INV-2025-02-001 +19,811.5600 (New_Logo_Signed)"
ACC-0008,2,SMB,Logistics,Multi-Year,0.1711,stable,7.2087,0.070154,0.068779,0.020459,0,,0,911.54,911.54,1,911.54,8.6556,0.05,0.02,0,0.1711,0,0,0,increase,-1.4469,-0.1671634549,0.018779,0.000459,0,,0,,,,0,,0,[],[],[],[],[],0,0,0,0,0,0,0,0,0,0,0,0,0,0,0,0,0,0,,,,0,,0,0,,,0,0,,,0,0,No_Change,positive,positive,stable,stable,stable,True,True,False,False,False,False,0,4,False,0,0,0,0,0,0,0,0,,,,,,,insufficient_history,False,,No driver activity this period.,0 transactions
ACC-0011,2,SMB,Real Estate,Monthly,0.0649,stable,25.2515,-0.034137,0.047434,0.019015,1,inf,0,2107.97,2107.97,1,2107.97,21.7139,0.05,0.02,0,0.0649,0,0,0,increase,3.5376,0.1629186834,-0.002566,-0.000985,1,inf,0,,,,0,,0,[],[],[],[],[],0,0,0,0,0,0,0,0,0,0,0,0,0,0,0,0,0,0,,,,0,,0,0,,,0,0,,,0,0,No_Change,negative,stable,stable,stable,stable,True,False,False,False,False,False,0,5,False,0,0,0,0,0,0,0,0,,,,,,,insufficient_history,False,,No driver activity this period.,0 transactions
ACC-0014,2,SMB,Education,Multi-Year,0.0799,stable,35.6148,0.139227,0.05,0.02,0,,0,8869.08,8869.08,,,,,,,0.0799,0,0,0,increase,,,,,,,,INV-2025-02-002,2025-02-24T10:00:00,New_ARR,8869.08,New_Logo_Signed,1,"[""INV-2025-02-002""]","[""2025-02-24T10:00:00""]","[""New_ARR""]",[8869.08],"[""New_Logo_Signed""]",8869.08,0,8869.08,0,8869.08,0,0,0,0,0,0,1,0,0,0,0,0,0,INV-2025-02-002,2025-02-24T10:00:00,New_ARR,8869.08,New_Logo_Signed,8869.08,0,New_ARR,New_Logo_Signed,8869.08,1,,,0,0,New_ARR,positive,unknown,unknown,unknown,stable,True,False,False,False,False,False,0,6,False,0,0,0,0,0,0,0,0,,,,,,,insufficient_history,False,,"New_ARR +8,869.0800","1 transactions; largest INV-2025-02-002 +8,869.0800 (New_Logo_Signed)"
ACC-0015,2,SMB,Fintech,Multi-Year,0.0306,stable,5.0277,0.109068,0.05,0.02,0,,0,1228.75,1228.75,,,,,,,0.0306,0,0,0,increase,,,,,,,,INV-2025-02-003,2025-02-21T10:00:00,New_ARR,1228.75,New_Logo_Signed,1,"[""INV-2025-02-003""]","[""2025-02-21T10:00:00""]","[""New_ARR""]",[1228.75],"[""New_Logo_Signed""]",1228.75,0,1228.75,0,1228.75,0,0,0,0,0,0,1,0,0,0,0,0,0,INV-2025-02-003,2025-02-21T10:00:00,New_ARR,1228.75,New_Logo_Signed,1228.75,0,New_ARR,New_Logo_Signed,1228.75,1,,,0,0,New_ARR,positive,unknown,unknown,unknown,stable,True,False,False,False,False,False,0,7,False,0,0,0,0,0,0,0,0,,,,,,,insufficient_history,False,,"New_ARR +1,228.7500","1 transactions; largest INV-2025-02-003 +1,228.7500 (New_Logo_Signed)"
ACC-0030,2,SMB,Education,Multi-Year,0.0329,stable,3.5233,0.111738,0.064134,0.024733,1,inf,0,883.45,883.45,1,883.45,3.9793,0.05,0.02,0,0.0329,0,0,0,increase,-0.456,-0.1145930189,0.014134,0.004733,1,inf,0,,,,0,,0,[],[],[],[],[],0,0,0,0,0,0,0,0,0,0,0,0,0,0,0,0,0,0,,,,0,,0,0,,,0,0,,,0,0,No_Change,positive,positive,stable,stable,stable,True,True,False,False,False,False,0,8,False,0,0,0,0,0,0,0,0,,,,,,,insufficient_history,False,,No driver activity this period.,0 transactions
ACC-0043,2,SMB,Media,Annual,0.0855,stable,2.6645,-0.033187,0.05751,0.017043,1,inf,0,465.54,465.54,1,465.54,2.1603,0.05,0.02,0,0.0855,0,0,0,increase,0.5042,0.2333935102,0.00751,-0.002957,1,inf,0,,,,0,,0,[],[],[],[],[],0,0,0,0,0,0,0,0,0,0,0,0,0,0,0,0,0,0,,,,0,,0,0,,,0,0,,,0,0,No_Change,negative,stable,stable,stable,stable,True,False,False,False,False,False,0,9,False,0,0,0,0,0,0,0,0,,,,,,,insufficient_history,False,,No driver activity this period.,0 transactions
ACC-0060,2,Mid-Market,Education,Monthly,0.0488,stable,106.2635,0.120662,0.06297,0.016403,0,,0,12230.26,12230.26,1,12230.26,107.8985,0.05,0.02,0,0.0488,0,0,0,increase,-1.635,-0.01515313,0.01297,-0.003597,0,,0,,,,0,,0,[],[],[],[],[],0,0,0,0,0,0,0,0,0,0,0,0,0,0,0,0,0,0,,,,0,,0,0,,,0,0,,,0,0,No_Change,positive,positive,stable,stable,stable,True,True,False,False,False,False,0,10,False,0,0,0,0,0,0,0,0,,,,,,,insufficient_history,False,,No driver activity this period.,0 transactions
ACC-0070,2,Enterprise,Technology,Annual,0.1814,stable,573.8113,-0.048216,0.054155,0.024658,5,inf,0,82488.71,82488.71,1,82488.71,573.8216,0.05,0.02,0,0.1814,0,0,0,increase,-0.0103,-0.0000179498,0.004155,0.004658,5,inf,0,,,,0,,0,[],[],[],[],[],0,0,0,0,0,0,0,0,0,0,0,0,0,0,0,0,0,0,,,,0,,0,0,,,0,0,,,0,0,No_Change,negative,stable,stable,negative,stable,True,False,False,True,False,False,0,11,False,0,0,0,0,0,0,0,0,,,,,,,insufficient_history,False,,No driver activity this period.,0 transactions
ACC-0001,3,Enterprise,Technology,Annual,0.049,growth,351.3276,-0.012913,0.080135,0.017103,1,0,0,42511.23,42511.23,2,42000,341.356,0.064958,0.010291,1,0.049,511.23,0.0121721429,511.23,increase,9.9716,0.029211732,0.015177,0.006812,0,0,0,INV-2025-03-001,2025-03-13T10:00:00,Usage_Overage,511.23,Usage_Above_Commit,1,"[""INV-2025-03-001""]","[""2025-03-13T10:00:00""]","[""Usage_Overage""]",[511.23],"[""Usage_Above_Commit""]",511.23,0,511.23,0,0,0,0,0,0,0,511.23,0,0,0,0,0,0,1,INV-2025-03-001,2025-03-13T10:00:00,Usage_Overage,511.23,Usage_Above_Commit,511.23,0,Usage_Overage,Usage_Above_Commit,511.23,1,,,0,0,Usage_Overage,stable,positive,stable,stable,stable,False,True,False,False,False,False,0.2347906211,2,True,511.23,0.2236341923,511.23,0.2236341923,2286.01,1,511.23,0.2236341923,,,,,,,insufficient_history,False,,Usage_Overage +511.2300,1 transactions; largest INV-2025-03-001 +511.2300 (Usage_Above_Commit)
ACC-0002,3,Enterprise,Healthcare,Annual,0.0064,stable,503.1109,-0.040426,0.073865,0.017633,0,,0,58000,58000,2,58000,504.2886,0.058901,0.014661,0,0.0064,0,0,0,increase,-1.1777,-0.0023353691,0.014964,0.002972,0,,0,,,,0,,0,[],[],[],[],[],0,0,0,0,0,0,0,0,0,0,0,0,0,0,0,0,0,0,,,,0,,0,0,,,0,0,,,0,0,No_Change,negative,positive,stable,stable,stable,True,True,False,False,False,False,0,3,True,0,0,511.23,0.2236341923,0,0,511.23,0.2236341923,,,,,,,insufficient_history,False,,No driver activity this period.,0 transactions
ACC-0005,3,SMB,Energy,Monthly,0.076,stable,14.4745,-0.006804,0.05,0.02,0,,0,1628.2,1628.2,,,,,,,0.076,0,0,0,increase,,,,,,,,INV-2025-03-002,2025-03-17T10:00:00,New_ARR,1628.2,New_Logo_Signed,1,"[""INV-2025-03-002""]","[""2025-03-17T10:00:00""]","[""New_ARR""]",[1628.2],"[""New_Logo_Signed""]",1628.2,0,1628.2,0,1628.2,0,0,0,0,0,0,1,0,0,0,0,0,0,INV-2025-03-002,2025-03-17T10:00:00,New_ARR,1628.2,New_Logo_Signed,1628.2,0,New_ARR,New_Logo_Signed,1628.2,1,,,0,0,New_ARR,stable,unknown,unknown,unknown,stable,False,False,False,False,False,False,0,4,False,0,0,0,0,0,0,0,0,,,,,,,insufficient_history,False,,"New_ARR +1,628.2000","1 transactions; largest INV-2025-03-002 +1,628.2000 (New_Logo_Signed)"
ACC-0007,3,Mid-Market,Technology,Multi-Year,0.0723,growth,112.3177,0.128767,0.053871,0.015939,1,inf,0,21586.34,21586.34,2,19811.56,110.5956,0.05,0.02,0,0.0723,1774.78,0.0895830515,1774.78,increase,1.7221,0.0155711439,0.003871,-0.004061,1,inf,0,INV-2025-03-003,2025-03-04T10:00:00,Expansion,1774.78,Feature_Upgrade,1,"[""INV-2025-03-003""]","[""2025-03-04T10:00:00""]","[""Expansion""]",[1774.78],"[""Feature_Upgrade""]",1774.78,0,1774.78,0,0,1774.78,0,0,0,0,0,0,1,0,0,0,0,0,INV-2025-03-003,2025-03-04T10:00:00,Expansion,1774.78,Feature_Upgrade,1774.78,0,Expansion,Feature_Upgrade,1774.78,1,,,0,0,Expansion,positive,stable,stable,stable,stable,True,False,False,False,False,False,1,1,True,1774.78,0.7763658077,1774.78,0.7763658077,2286.01,1,1774.78,0.7763658077,,,,,,,insufficient_history,False,,"Expansion +1,774.7800","1 transactions; largest INV-2025-03-003 +1,774.7800 (Feature_Upgrade)"
ACC-0008,3,SMB,Logistics,Multi-Year,0.1711,stable,7.8635,0.077285,0.07536,0.077571,4,inf,0,911.54,911.54,2,911.54,7.2087,0.068779,0.020459,0,0.1711,0,0,0,increase,0.6548,0.0908346859,0.006581,0.057112,4,inf,0,,,,0,,0,[],[],[],[],[],0,0,0,0,0,0,0,0,0,0,0,0,0,0,0,0,0,0,,,,0,,0,0,,,0,0,,,0,0,No_Change,positive,stable,negative,negative,stable,True,False,True,True,False,False,0,5,False,0,0,0,0,0,0,1774.78,0.7763658077,,,,,,,insufficient_history,False,,No driver activity this period.,0 transactions
ACC-0011,3,SMB,Real Estate,Monthly,0.0649,stable,25.363,0.103584,0.052966,0.014433,1,0,0,2107.97,2625.32,2,2107.97,25.2515,0.047434,0.019015,1,0.0649,0,0,0,increase,0.1115,0.0044155793,0.005532,-0.004582,0,0,0,,,,0,,0,[],[],[],[],[],0,0,0,0,0,0,0,0,0,0,0,0,0,0,0,0,0,0,,,,0,,0,0,,,0,0,,,0,0,No_Change,positive,stable,stable,stable,stable,True,False,False,False,False,False,0,6,False,0,0,0,0,0,0,0,0,,,,,,,insufficient_history,False,,No driver activity this period.,0 transactions
ACC-0014,3,SMB,Education,Multi-Year,0.0799,stable,35.161,-0.0532,0.056967,0.02118,0,,0,8869.08,11198.9,2,8869.08,35.6148,0.05,0.02,0,0.0799,0,0,0,increase,-0.4538,-0.0127418938,0.006967,0.00118,0,,0,,,,0,,0,[],[],[],[],[],0,0,0,0,0,0,0,0,0,0,0,0,0,0,0,0,0,0,,,,0,,0,0,,,0,0,,,0,0,No_Change,negative,stable,stable,stable,stable,True,False,False,False,False,False,0,7,False,0,0,0,0,0,0,1774.78,0.7763658077,,,,,,,insufficient_history,False,,No driver activity this period.,0 transactions
ACC-0015,3,SMB,Fintech,Multi-Year,0.0306,stable,4.5552,-0.002171,0.049064,0.018767,0,,0,1228.75,1228.75,2,1228.75,5.0277,0.05,0.02,0,0.0306,0,0,0,increase,-0.4725,-0.0939793544,-0.000936,-0.001233,0,,0,,,,0,,0,[],[],[],[],[],0,0,0,0,0,0,0,0,0,0,0,0,0,0,0,0,0,0,,,,0,,0,0,,,0,0,,,0,0,No_Change,stable,stable,stable,stable,stable,False,False,False,False,False,False,0,8,False,0,0,0,0,0,0,1774.78,0.7763658077,,,,,,,insufficient_history,False,,No driver activity this period.,0 transactions
ACC-0016,3,SMB,Education,Annual,0.0936,stable,10.8992,0.111363,0.05,0.02,0,,0,2193.72,2193.72,,,,,,,0.0936,0,0,0,increase,,,,,,,,INV-2025-03-004,2025-03-20T10:00:00,New_ARR,2193.72,New_Logo_Signed,1,"[""INV-2025-03-004""]","[""2025-03-20T10:00:00""]","[""New_ARR""]",[2193.72],"[""New_Logo_Signed""]",2193.72,0,2193.72,0,2193.72,0,0,0,0,0,0,1,0,0,0,0,0,0,INV-2025-03-004,2025-03-20T10:00:00,New_ARR,2193.72,New_Logo_Signed,2193.72,0,New_ARR,New_Logo_Signed,2193.72,1,,,0,0,New_ARR,positive,unknown,unknown,unknown,stable,True,False,False,False,False,False,0,9,False,0,0,0,0,0,0,511.23,0.2236341923,,,,,,,insufficient_history,False,,"New_ARR +2,193.7200","1 transactions; largest INV-2025-03-004 +2,193.7200 (New_Logo_Signed)"
ACC-0017,3,Mid-Market,Healthcare,Annual,0.1074,stable,8.4889,0.091948,0.05,0.02,0,,0,1048.39,985.47,,,,,,,0.1074,0,0,0,increase,,,,,,,,INV-2025-03-005,2025-03-04T10:00:00,New_ARR,1048.39,New_Logo_Signed,1,"[""INV-2025-03-005""]","[""2025-03-04T10:00:00""]","[""New_ARR""]",[1048.39],"[""New_Logo_Signed""]",1048.39,0,1048.39,0,1048.39,0,0,0,0,0,0,1,0,0,0,0,0,0,INV-2025-03-005,2025-03-04T10:00:00,New_ARR,1048.39,New_Logo_Signed,1048.39,0,New_ARR,New_Logo_Signed,1048.39,1,,,0,0,New_ARR,positive,unknown,unknown,unknown,stable,True,False,False,False,False,False,0,10,False,0,0,1774.78,0.7763658077,0,0,511.23,0.2236341923,,,,,,,insufficient_history,False,,"New_ARR +1,048.3900","1 transactions; largest INV-2025-03-005 +1,048.3900 (New_Logo_Signed)"
ACC-0019,3,Mid-Market,Real Estate,Annual,0.1741,stable,36.2366,0.002592,0.05,0.02,0,,0,8845.79,11699.72,,,,,,,0.1741,0,0,0,increase,,,,,,,,INV-2025-03-006,2025-03-06T10:00:00,New_ARR,8845.79,New_Logo_Signed,1,"[""INV-2025-03-006""]","[""2025-03-06T10:00:00""]","[""New_ARR""]",[8845.79],"[""New_Logo_Signed""]",8845.79,0,8845.79,0,8845.79,0,0,0,0,0,0,1,0,0,0,0,0,0,INV-2025-03-006,2025-03-06T10:00:00,New_ARR,8845.79,New_Logo_Signed,8845.79,0,New_ARR,New_Logo_Signed,8845.79,1,,,0,0,New_ARR,stable,unknown,unknown,unknown,stable,False,False,False,False,False,False,0,11,False,0,0,1774.78,0.7763658077,0,0,511.23,0.2236341923,,,,,,,insufficient_history,False,,"New_ARR +8,845.7900","1 transactions; largest INV-2025-03-006 +8,845.7900 (New_Logo_Signed)"
ACC-0024,3,SMB,Healthcare,Multi-Year,0.1719,stable,4.7769,0.042919,0.05,0.02,0,,0,823.61,823.61,,,,,,,0.1719,0,0,0,increase,,,,,,,,INV-2025-03-007,2025-03-24T10:00:00,New_ARR,823.61,New_Logo_Signed,1,"[""INV-2025-03-007""]","[""2025-03-24T10:00:00""]","[""New_ARR""]",[823.61],"[""New_Logo_Signed""]",823.61,0,823.61,0,823.61,0,0,0,0,0,0,1,0,0,0,0,0,0,INV-2025-03-007,2025-03-24T10:00:00,New_ARR,823.61,New_Logo_Signed,823.61,0,New_ARR,New_Logo_Signed,823.61,1,,,0,0,New_ARR,positive,unknown,unknown,unknown,stable,True,False,False,False,False,False,0,12,False,0,0,0,0,0,0,1774.78,0.7763658077,,,,,,,insufficient_history,False,,New_ARR +823.6100,1 transactions; largest INV-2025-03-007 +823.6100 (New_Logo_Signed)
ACC-0028,3,SMB,Education,Monthly,0.0925,stable,8.7711,0.109953,0.05,0.02,0,,1,2077.65,2077.65,,,,,,,0.0925,0,0,0,increase,,,,,,,,INV-2025-03-008,2025-03-23T10:00:00,New_ARR,2077.65,New_Logo_Signed,1,"[""INV-2025-03-008""]","[""2025-03-23T10:00:00""]","[""New_ARR""]",[2077.65],"[""New_Logo_Signed""]",2077.65,0,2077.65,0,2077.65,0,0,0,0,0,0,1,0,0,0,0,0,0,INV-2025-03-008,2025-03-23T10:00:00,New_ARR,2077.65,New_Logo_Signed,2077.65,0,New_ARR,New_Logo_Signed,2077.65,1,,,0,0,New_ARR,positive,unknown,unknown,unknown,negative,True,False,False,False,True,False,0,13,False,0,0,0,0,0,0,0,0,,,,,,,insufficient_history,False,,"New_ARR +2,077.6500","1 transactions; largest INV-2025-03-008 +2,077.6500 (New_Logo_Signed)"
ACC-0030,3,SMB,Education,Multi-Year,0.0329,stable,8.2762,-0.034631,0.060531,0.075948,1,0,0,883.45,883.45,2,883.45,3.5233,0.064134,0.024733,1,0.0329,0,0,0,increase,4.7529,1.3489910028,-0.003603,0.051215,0,0,0,,,,0,,0,[],[],[],[],[],0,0,0,0,0,0,0,0,0,0,0,0,0,0,0,0,0,0,,,,0,,0,0,,,0,0,,,0,0,No_Change,negative,stable,negative,stable,stable,True,False,True,False,False,False,0,14,False,0,0,0,0,0,0,1774.78,0.7763658077,,,,,,,insufficient_history,False,,No driver activity this period.,0 transactions
ACC-0033,3,Mid-Market,Real Estate,Monthly,0.1922,stable,24.2743,0.075381,0.05,0.02,0,,0,3356.52,3356.52,,,,,,,0.1922,0,0,0,increase,,,,,,,,INV-2025-03-009,2025-03-18T10:00:00,New_ARR,3356.52,New_Logo_Signed,1,"[""INV-2025-03-009""]","[""2025-03-18T10:00:00""]","[""New_ARR""]",[3356.52],"[""New_Logo_Signed""]",3356.52,0,3356.52,0,3356.52,0,0,0,0,0,0,1,0,0,0,0,0,0,INV-2025-03-009,2025-03-18T10:00:00,New_ARR,3356.52,New_Logo_Signed,3356.52,0,New_ARR,New_Logo_Signed,3356.52,1,,,0,0,New_ARR,positive,unknown,unknown,unknown,stable,True,False,False,False,False,False,0,15,False,0,0,1774.78,0.7763658077,0,0,0,0,,,,,,,insufficient_history,False,,"New_ARR +3,356.5200","1 transactions; largest INV-2025-03-009 +3,356.5200 (New_Logo_Signed)"
ACC-0037,3,SMB,Technology,Multi-Year,0.1992,stable,6.139,0.138671,0.05,0.02,0,,0,768.94,768.94,,,,,,,0.1992,0,0,0,increase,,,,,,,,INV-2025-03-010,2025-03-08T10:00:00,New_ARR,768.94,New_Logo_Signed,1,"[""INV-2025-03-010""]","[""2025-03-08T10:00:00""]","[""New_ARR""]",[768.94],"[""New_Logo_Signed""]",768.94,0,768.94,0,768.94,0,0,0,0,0,0,1,0,0,0,0,0,0,INV-2025-03-010,2025-03-08T10:00:00,New_ARR,768.94,New_Logo_Signed,768.94,0,New_ARR,New_Logo_Signed,768.94,1,,,0,0,New_ARR,positive,unknown,unknown,unknown,stable,True,False,False,False,False,False,0,16,False,0,0,0,0,2286.01,1,1774.78,0.7763658077,,,,,,,insufficient_history,False,,New_ARR +768.9400,1 transactions; largest INV-2025-03-010 +768.9400 (New_Logo_Signed)
ACC-0043,3,SMB,Media,Annual,0.0855,stable,1.0658,0.017454,0.062723,0.016331,1,0,1,465.54,515.26,2,465.54,2.6645,0.05751,0.017043,1,0.0855,0,0,0,increase,-1.5987,-0.6,0.005213,-0.000712,0,0,0,,,,0,,0,[],[],[],[],[],0,0,0,0,0,0,0,0,0,0,0,0,0,0,0,0,0,0,,,,0,,0,0,,,0,0,,,0,0,No_Change,stable,stable,stable,stable,negative,False,False,False,False,True,False,0,17,False,0,0,0,0,0,0,511.23,0.2236341923,,,,,,,insufficient_history,False,,No driver activity this period.,0 transactions
ACC-0049,3,SMB,Manufacturing,Monthly,0.0557,stable,6.2156,0.046291,0.05,0.02,0,,0,1072.52,1154.25,,,,,,,0.0557,0,0,0,increase,,,,,,,,INV-2025-03-011,2025-03-05T10:00:00,New_ARR,1072.52,New_Logo_Signed,1,"[""INV-2025-03-011""]","[""2025-03-05T10:00:00""]","[""New_ARR""]",[1072.52],"[""New_Logo_Signed""]",1072.52,0,1072.52,0,1072.52,0,0,0,0,0,0,1,0,0,0,0,0,0,INV-2025-03-011,2025-03-05T10:00:00,New_ARR,1072.52,New_Logo_Signed,1072.52,0,New_ARR,New_Logo_Signed,1072.52,1,,,0,0,New_ARR,positive,unknown,unknown,unknown,stable,True,False,False,False,False,False,0,18,False,0,0,0,0,0,0,0,0,,,,,,,insufficient_history,False,,"New_ARR +1,072.5200","1 transactions; largest INV-2025-03-011 +1,072.5200 (New_Logo_Signed)"
ACC-0059,3,SMB,Fintech,Monthly,0.095,stable,6.2013,-0.018899,0.05,0.02,0,,0,1211.77,1211.77,,,,,,,0.095,0,0,0,increase,,,,,,,,INV-2025-03-012,2025-03-08T10:00:00,New_ARR,1211.77,New_Logo_Signed,1,"[""INV-2025-03-012""]","[""2025-03-08T10:00:00""]","[""New_ARR""]",[1211.77],"[""New_Logo_Signed""]",1211.77,0,1211.77,0,1211.77,0,0,0,0,0,0,1,0,0,0,0,0,0,INV-2025-03-012,2025-03-08T10:00:00,New_ARR,1211.77,New_Logo_Signed,1211.77,0,New_ARR,New_Logo_Signed,1211.77,1,,,0,0,New_ARR,stable,unknown,unknown,unknown,stable,False,False,False,False,False,False,0,19,False,0,0,0,0,0,0,0,0,,,,,,,insufficient_history,False,,"New_ARR +1,211.7700","1 transactions; largest INV-2025-03-012 +1,211.7700 (New_Logo_Signed)"
ACC-0060,3,Mid-Market,Education,Monthly,0.0488,stable,106.6654,-0.035222,0.080513,0.010151,1,inf,0,12230.26,12230.26,2,12230.26,106.2635,0.06297,0.016403,0,0.0488,0,0,0,increase,0.4019,0.0037821077,0.017543,-0.006252,1,inf,0,,,,0,,0,[],[],[],[],[],0,0,0,0,0,0,0,0,0,0,0,0,0,0,0,0,0,0,,,,0,,0,0,,,0,0,,,0,0,No_Change,negative,positive,stable,stable,stable,True,True,False,False,False,False,0,20,False,0,0,1774.78,0.7763658077,0,0,0,0,,,,,,,insufficient_history,False,,No driver activity this period.,0 transactions
ACC-0070,3,Enterprise,Technology,Annual,0.1814,stable,574.8791,0.12353,0.05399,0.01835,4,-0.2,0,82488.71,106061.53,2,82488.71,573.8113,0.054155,0.024658,5,0.1814,0,0,0,increase,1.0678,0.0018608905,-0.000165,-0.006308,-1,-0.2,0,,,,0,,0,[],[],[],[],[],0,0,0,0,0,0,0,0,0,0,0,0,0,0,0,0,0,0,,,,0,,0,0,,,0,0,,,0,0,No_Change,positive,stable,stable,stable,stable,True,False,False,False,False,False,0,21,False,0,0,511.23,0.2236341923,2286.01,1,511.23,0.2236341923,,,,,,,insufficient_history,False,,No driver activity this period.,0 transactions
ACC-0001,4,Enterprise,Technology,Annual,0.049,stable,356.0738,0.037657,0.091685,0.014666,1,0,0,42511.23,42511.23,3,42511.23,351.3276,0.080135,0.017103,1,0.049,0,0,0,increase,4.7462,0.0135093286,0.01155,-0.002437,0,0,0,,,,0,,0,[],[],[],[],[],0,0,0,0,0,0,0,0,0,0,0,0,0,0,0,0,0,0,,,,0,,0,0,,,0,0,,,0,0,No_Change,positive,positive,stable,stable,stable,True,True,False,False,False,False,0,8,False,0,0,23572.82,0.8033691801,23572.82,0.8033691801,26413.55,0.9001821593,42170.41,170.41,0.004057381,511.23,0,-170.41,normal,False,,No driver activity this period.,0 transactions
ACC-0002,4,Enterprise,Healthcare,Annual,0.0064,stable,507.564,0.145851,0.079112,0.014144,1,inf,0,58000,61527.77,3,58000,503.1109,0.073865,0.017633,0,0.0064,0,0,0,increase,4.4531,0.00885113,0.005247,-0.003489,1,inf,0,,,,0,,0,[],[],[],[],[],0,0,0,0,0,0,0,0,0,0,0,0,0,0,0,0,0,0,,,,0,,0,0,,,0,0,,,0,0,No_Change,positive,stable,stable,stable,stable,True,False,False,False,False,False,0,9,False,0,0,23572.82,0.8033691801,-62.92,-0.0021443336,26413.55,0.9001821593,58000,0,0,0,0,0,normal,False,,No driver activity this period.,0 transactions
ACC-0004,4,SMB,Fintech,Annual,0.0319,stable,26.3235,0.073413,0.05,0.02,0,,0,5973.39,5973.39,,,,,,,0.0319,0,0,0,increase,,,,,,,,INV-2025-04-001,2025-04-22T10:00:00,New_ARR,5973.39,New_Logo_Signed,1,"[""INV-2025-04-001""]","[""2025-04-22T10:00:00""]","[""New_ARR""]",[5973.39],"[""New_Logo_Signed""]",5973.39,0,5973.39,0,5973.39,0,0,0,0,0,0,1,0,0,0,0,0,0,INV-2025-04-001,2025-04-22T10:00:00,New_ARR,5973.39,New_Logo_Signed,5973.39,0,New_ARR,New_Logo_Signed,5973.39,1,,,0,0,New_ARR,positive,unknown,unknown,unknown,stable,True,False,False,False,False,False,0,10,False,0,0,2978.62,0.1015123141,0,0,26413.55,0.9001821593,,,,,,,insufficient_history,False,,"New_ARR +5,973.3900","1 transactions; largest INV-2025-04-001 +5,973.3900 (New_Logo_Signed)"
ACC-0005,4,SMB,Energy,Monthly,0.076,stable,18.0699,0.121049,0.053109,0.024347,1,inf,1,1628.2,1628.2,3,1628.2,14.4745,0.05,0.02,0,0.076,0,0,0,increase,3.5954,0.2483954541,0.003109,0.004347,1,inf,0,,,,0,,0,[],[],[],[],[],0,0,0,0,0,0,0,0,0,0,0,0,0,0,0,0,0,0,,,,0,,0,0,,,0,0,,,0,0,No_Change,positive,stable,stable,stable,negative,True,False,False,False,True,False,0,11,False,0,0,2978.62,0.1015123141,0,0,599.08,0.0204168364,,,,,,,insufficient_history,False,,No driver activity this period.,0 transactions
ACC-0006,4,Mid-Market,Media,Annual,0.1946,stable,442.1722,-0.018198,0.05,0.02,0,,0,72964.27,72964.27,,,,,,,0.1946,0,0,0,increase,,,,,,,,INV-2025-04-002,2025-04-06T10:00:00,New_ARR,72964.27,New_Logo_Signed,1,"[""INV-2025-04-002""]","[""2025-04-06T10:00:00""]","[""New_ARR""]",[72964.27],"[""New_Logo_Signed""]",72964.27,0,72964.27,0,72964.27,0,0,0,0,0,0,1,0,0,0,0,0,0,INV-2025-04-002,2025-04-06T10:00:00,New_ARR,72964.27,New_Logo_Signed,72964.27,0,New_ARR,New_Logo_Signed,72964.27,1,,,0,0,New_ARR,stable,unknown,unknown,unknown,stable,False,False,False,False,False,False,0,12,False,0,0,2791.01,0.0951185058,49.72,0.0016944734,26413.55,0.9001821593,,,,,,,insufficient_history,False,,"New_ARR +72,964.2700","1 transactions; largest INV-2025-04-002 +72,964.2700 (New_Logo_Signed)"
ACC-0007,4,Mid-Market,Technology,Multi-Year,0.0723,stable,114.1058,-0.014241,0.045679,0.017081,1,0,1,21586.34,21586.34,3,21586.34,112.3177,0.053871,0.015939,1,0.0723,0,0,0,increase,1.7881,0.0159200197,-0.008192,0.001142,0,0,0,,,,0,,0,[],[],[],[],[],0,0,0,0,0,0,0,0,0,0,0,0,0,0,0,0,0,0,,,,0,,0,0,,,0,0,,,0,0,No_Change,stable,stable,stable,stable,negative,False,False,False,False,True,False,0,13,False,0,0,2791.01,0.0951185058,23572.82,0.8033691801,2329.82,0.0794010043,,,,,,,insufficient_history,False,,No driver activity this period.,0 transactions
ACC-0008,4,SMB,Logistics,Multi-Year,0.1711,stable,12.1271,0.075431,0.092935,0.020384,3,-0.25,0,911.54,911.54,3,911.54,7.8635,0.07536,0.077571,4,0.1711,0,0,0,increase,4.2636,0.5422013098,0.017575,-0.057187,-1,-0.25,0,,,,0,,0,[],[],[],[],[],0,0,0,0,0,0,0,0,0,0,0,0,0,0,0,0,0,0,,,,0,,0,0,,,0,0,,,0,0,No_Change,positive,positive,positive,stable,stable,True,True,False,False,False,False,0,14,False,0,0,2978.62,0.1015123141,0,0,2329.82,0.0794010043,911.54,0,0,0,0,0,normal,False,,No driver activity this period.,0 transactions
ACC-0011,4,SMB,Real Estate,Monthly,0.0649,growth,24.2084,0.140481,0.053799,0.022585,1,0,0,2625.32,2625.32,3,2107.97,25.363,0.052966,0.014433,1,0.0649,517.35,0.2454256939,517.35,increase,-1.1546,-0.045523006,0.000833,0.008152,0,0,0,INV-2025-04-003,2025-04-27T10:00:00,Expansion,421.33,Plan_Upgrade,2,"[""INV-2025-04-003"", ""INV-2025-04-004""]","[""2025-04-27T10:00:00"", ""2025-05-02T10:00:00""]","[""Expansion"", ""Usage_Overage""]","[421.33, 96.02]","[""Plan_Upgrade"", ""Usage_Above_Commit""]",517.35,0,517.35,0,0,421.33,0,0,0,0,96.02,0,0.8144003093,0,0,0,0,0.1855996907,INV-2025-04-003,2025-04-27T10:00:00,Expansion,421.33,Plan_Upgrade,421.33,0,Expansion,Plan_Upgrade,421.33,0.8144003093,Usage_Overage,Usage_Above_Commit,96.02,0.1855996907,Expansion,positive,stable,stable,stable,stable,True,False,False,False,False,False,0.2805104268,4,False,517.35,0.017631452,2978.62,0.1015123141,3371.28,0.1148942914,599.08,0.0204168364,2107.97,0,0,0,0,517.35,normal,False,,Expansion +421.3300; Usage_Overage +96.0200,2 transactions; largest INV-2025-04-003 +421.3300 (Plan_Upgrade)
ACC-0014,4,SMB,Education,Multi-Year,0.0799,growth,36.5661,-0.024744,0.047308,0.015257,1,inf,0,11198.9,11198.9,3,8869.08,35.161,0.056967,0.02118,0,0.0799,2329.82,0.262690155,2329.82,increase,1.4051,0.0399618896,-0.009659,-0.005923,1,inf,0,INV-2025-04-005,2025-04-12T10:00:00,Expansion,2329.82,Plan_Upgrade,1,"[""INV-2025-04-005""]","[""2025-04-12T10:00:00""]","[""Expansion""]",[2329.82],"[""Plan_Upgrade""]",2329.82,0,2329.82,0,0,2329.82,0,0,0,0,0,0,1,0,0,0,0,0,INV-2025-04-005,2025-04-12T10:00:00,Expansion,2329.82,Plan_Upgrade,2329.82,0,Expansion,Plan_Upgrade,2329.82,1,,,0,0,Expansion,negative,stable,stable,stable,stable,True,False,False,False,False,False,0.3492167009,3,True,2329.82,0.0794010043,2978.62,0.1015123141,2329.82,0.0794010043,2329.82,0.0794010043,,,,,,,insufficient_history,False,,"Expansion +2,329.8200","1 transactions; largest INV-2025-04-005 +2,329.8200 (Plan_Upgrade)"
ACC-0015,4,SMB,Fintech,Multi-Year,0.0306,stable,4.5339,0.142962,0.059597,0.014147,0,,0,1228.75,1228.75,3,1228.75,4.5552,0.049064,0.018767,0,0.0306,0,0,0,increase,-0.0213,-0.0046759747,0.010533,-0.00462,0,,0,,,,0,,0,[],[],[],[],[],0,0,0,0,0,0,0,0,0,0,0,0,0,0,0,0,0,0,,,,0,,0,0,,,0,0,,,0,0,No_Change,positive,positive,stable,stable,stable,True,True,False,False,False,False,0,15,False,0,0,2978.62,0.1015123141,0,0,2329.82,0.0794010043,,,,,,,insufficient_history,False,,No driver activity this period.,0 transactions
ACC-0016,4,SMB,Education,Annual,0.0936,stable,12.4504,0.052273,0.065363,0.012717,0,,0,2193.72,2193.72,3,2193.72,10.8992,0.05,0.02,0,0.0936,0,0,0,increase,1.5512,0.1423223723,0.015363,-0.007283,0,,0,,,,0,,0,[],[],[],[],[],0,0,0,0,0,0,0,0,0,0,0,0,0,0,0,0,0,0,,,,0,,0,0,,,0,0,,,0,0,No_Change,positive,positive,stable,stable,stable,True,True,False,False,False,False,0,16,False,0,0,2978.62,0.1015123141,2329.82,0.0794010043,26413.55,0.9001821593,,,,,,,insufficient_history,False,,No driver activity this period.,0 transactions
ACC-0017,4,Mid-Market,Healthcare,Annual,0.1074,decline,12.2848,0.035918,0.050806,0.011739,1,inf,0,985.47,985.47,3,1048.39,8.4889,0.05,0.02,0,0.1074,-62.92,-0.0600158338,62.92,decrease,3.7959,0.4471604095,0.000806,-0.008261,1,inf,0,CR-2025-04-001,2025-04-09T10:00:00,Contraction,-62.92,Contract_Downgrade,1,"[""CR-2025-04-001""]","[""2025-04-09T10:00:00""]","[""Contraction""]",[-62.92],"[""Contract_Downgrade""]",-62.92,0,0,-62.92,0,0,-62.92,0,0,0,0,0,0,1,0,0,0,0,CR-2025-04-001,2025-04-09T10:00:00,Contraction,-62.92,Contract_Downgrade,0,-62.92,Contraction,Contract_Downgrade,-62.92,1,,,0,0,Contraction,positive,stable,stable,stable,stable,True,False,False,False,False,False,0.0668418911,7,False,-62.92,-0.0021443336,2791.01,0.0951185058,-62.92,-0.0021443336,26413.55,0.9001821593,,,,,,,insufficient_history,False,,Contraction -62.9200,1 transactions; largest CR-2025-04-001 -62.9200 (Contract_Downgrade)
ACC-0019,4,Mid-Market,Real Estate,Annual,0.1741,growth,39.5003,0.076068,0.056115,0.021224,1,inf,0,11699.72,10850.64,3,8845.79,36.2366,0.05,0.02,0,0.1741,2853.93,0.3226314439,2853.93,increase,3.2637,0.090066397,0.006115,0.001224,1,inf,0,INV-2025-04-006,2025-04-25T10:00:00,Expansion,2763.69,Seat_Add,2,"[""INV-2025-04-006"", ""INV-2025-04-007""]","[""2025-04-25T10:00:00"", ""2025-04-30T10:00:00""]","[""Expansion"", ""Usage_Overage""]","[2763.69, 90.24]","[""Seat_Add"", ""Usage_Above_Commit""]",2853.93,0,2853.93,0,0,2763.69,0,0,0,0,90.24,0,0.9683804438,0,0,0,0,0.0316195562,INV-2025-04-006,2025-04-25T10:00:00,Expansion,2763.69,Seat_Add,2763.69,0,Expansion,Seat_Add,2763.69,0.9683804438,Usage_Overage,Usage_Above_Commit,90.24,0.0316195562,Expansion,positive,stable,stable,stable,stable,True,False,False,False,False,False,0.4286946364,2,True,2853.93,0.0972628393,2791.01,0.0951185058,3371.28,0.1148942914,26413.55,0.9001821593,,,,,,,insufficient_history,False,,"Expansion +2,763.6900; Usage_Overage +90.2400","2 transactions; largest INV-2025-04-006 +2,763.6900 (Seat_Add)"
ACC-0024,4,SMB,Healthcare,Multi-Year,0.1719,stable,6.6585,0.093805,0.042066,0.01395,1,inf,0,823.61,823.61,3,823.61,4.7769,0.05,0.02,0,0.1719,0,0,0,increase,1.8816,0.3938956227,-0.007934,-0.00605,1,inf,0,,,,0,,0,[],[],[],[],[],0,0,0,0,0,0,0,0,0,0,0,0,0,0,0,0,0,0,,,,0,,0,0,,,0,0,,,0,0,No_Change,positive,stable,stable,stable,stable,True,False,False,False,False,False,0,17,False,0,0,2978.62,0.1015123141,-62.92,-0.0021443336,2329.82,0.0794010043,,,,,,,insufficient_history,False,,No driver activity this period.,0 transactions
ACC-0027,4,Mid-Market,Healthcare,Monthly,0.1456,stable,37.9176,0.093334,0.05,0.02,0,,0,4894.88,3870.22,,,,,,,0.1456,0,0,0,increase,,,,,,,,INV-2025-04-008,2025-04-11T10:00:00,New_ARR,4894.88,New_Logo_Signed,1,"[""INV-2025-04-008""]","[""2025-04-11T10:00:00""]","[""New_ARR""]",[4894.88],"[""New_Logo_Signed""]",4894.88,0,4894.88,0,4894.88,0,0,0,0,0,0,1,0,0,0,0,0,0,INV-2025-04-008,2025-04-11T10:00:00,New_ARR,4894.88,New_Logo_Signed,4894.88,0,New_ARR,New_Logo_Signed,4894.88,1,,,0,0,New_ARR,positive,unknown,unknown,unknown,stable,True,False,False,False,False,False,0,18,False,0,0,2791.01,0.0951185058,-62.92,-0.0021443336,599.08,0.0204168364,,,,,,,insufficient_history,False,,"New_ARR +4,894.8800","1 transactions; largest INV-2025-04-008 +4,894.8800 (New_Logo_Signed)"
ACC-0028,4,SMB,Education,Monthly,0.0925,stable,10.0491,0.037796,0.053668,0.016981,0,,0,2077.65,2077.65,3,2077.65,8.7711,0.05,0.02,0,0.0925,0,0,0,increase,1.278,0.1457057838,0.003668,-0.003019,0,,0,,,,0,,0,[],[],[],[],[],0,0,0,0,0,0,0,0,0,0,0,0,0,0,0,0,0,0,,,,0,,0,0,,,0,0,,,0,0,No_Change,positive,stable,stable,stable,stable,True,False,False,False,False,False,0,19,False,0,0,2978.62,0.1015123141,2329.82,0.0794010043,599.08,0.0204168364,,,,,,,insufficient_history,False,,No driver activity this period.,0 transactions
ACC-0030,4,SMB,Education,Multi-Year,0.0329,stable,12.7559,0.027182,0.051752,0.019187,2,1,0,883.45,0,3,883.45,8.2762,0.060531,0.075948,1,0.0329,0,0,0,increase,4.4797,0.5412749813,-0.008779,-0.056761,1,1,0,,,,0,,0,[],[],[],[],[],0,0,0,0,0,0,0,0,0,0,0,0,0,0,0,0,0,0,,,,0,,0,0,,,0,0,,,0,0,No_Change,positive,stable,positive,stable,stable,True,False,False,False,False,False,0,20,False,0,0,2978.62,0.1015123141,2329.82,0.0794010043,2329.82,0.0794010043,883.45,0,0,0,0,0,normal,False,,No driver activity this period.,0 transactions
ACC-0033,4,Mid-Market,Real Estate,Monthly,0.1922,stable,26.1136,0.105233,0.05374,0.014597,1,inf,0,3356.52,3473.05,3,3356.52,24.2743,0.05,0.02,0,0.1922,0,0,0,increase,1.8393,0.075771495,0.00374,-0.005403,1,inf,0,,,,0,,0,[],[],[],[],[],0,0,0,0,0,0,0,0,0,0,0,0,0,0,0,0,0,0,,,,0,,0,0,,,0,0,,,0,0,No_Change,positive,stable,stable,stable,stable,True,False,False,False,False,False,0,21,False,0,0,2791.01,0.0951185058,3371.28,0.1148942914,599.08,0.0204168364,,,,,,,insufficient_history,False,,No driver activity this period.,0 transactions
ACC-0037,4,SMB,Technology,Multi-Year,0.1992,stable,11.1055,0.043775,0.048489,0.016128,0,,0,768.94,768.94,3,768.94,6.139,0.05,0.02,0,0.1992,0,0,0,increase,4.9665,0.8090079818,-0.001511,-0.003872,0,,0,,,,0,,0,[],[],[],[],[],0,0,0,0,0,0,0,0,0,0,0,0,0,0,0,0,0,0,,,,0,,0,0,,,0,0,,,0,0,No_Change,positive,stable,stable,stable,stable,True,False,False,False,False,False,0,22,False,0,0,2978.62,0.1015123141,23572.82,0.8033691801,2329.82,0.0794010043,,,,,,,insufficient_history,False,,No driver activity this period.,0 transactions
ACC-0040,4,SMB,Healthcare,Multi-Year,0.0269,stable,13.2149,-0.042301,0.05,0.02,0,,0,1933.32,1933.32,,,,,,,0.0269,0,0,0,increase,,,,,,,,INV-2025-04-009,2025-04-11T10:00:00,New_ARR,1933.32,New_Logo_Signed,1,"[""INV-2025-04-009""]","[""2025-04-11T10:00:00""]","[""New_ARR""]",[1933.32],"[""New_Logo_Signed""]",1933.32,0,1933.32,0,1933.32,0,0,0,0,0,0,1,0,0,0,0,0,0,INV-2025-04-009,2025-04-11T10:00:00,New_ARR,1933.32,New_Logo_Signed,1933.32,0,New_ARR,New_Logo_Signed,1933.32,1,,,0,0,New_ARR,negative,unknown,unknown,unknown,stable,True,False,False,False,False,False,0,23,False,0,0,2978.62,0.1015123141,-62.92,-0.0021443336,2329.82,0.0794010043,,,,,,,insufficient_history,False,,"New_ARR +1,933.3200","1 transactions; largest INV-2025-04-009 +1,933.3200 (New_Logo_Signed)"
ACC-0043,4,SMB,Media,Annual,0.0855,growth,5.9712,0.074517,0.070716,0.024446,1,0,0,515.26,515.26,3,465.54,1.0658,0.062723,0.016331,1,0.0855,49.72,0.1068007046,49.72,increase,4.9054,4.6025520736,0.007993,0.008115,0,0,0,INV-2025-04-010,2025-04-08T10:00:00,Expansion,49.72,Feature_Upgrade,1,"[""INV-2025-04-010""]","[""2025-04-08T10:00:00""]","[""Expansion""]",[49.72],"[""Feature_Upgrade""]",49.72,0,49.72,0,0,49.72,0,0,0,0,0,0,1,0,0,0,0,0,INV-2025-04-010,2025-04-08T10:00:00,Expansion,49.72,Feature_Upgrade,49.72,0,Expansion,Feature_Upgrade,49.72,1,,,0,0,Expansion,positive,stable,stable,stable,stable,True,False,False,False,False,False,0.1172315049,5,False,49.72,0.0016944734,2978.62,0.1015123141,49.72,0.0016944734,26413.55,0.9001821593,465.54,0,0,0,0,49.72,normal,False,,Expansion +49.7200,1 transactions; largest INV-2025-04-010 +49.7200 (Feature_Upgrade)
ACC-0049,4,SMB,Manufacturing,Monthly,0.0557,growth,10.7344,0.145192,0.048802,0.017357,0,,0,1154.25,1154.25,3,1072.52,6.2156,0.05,0.02,0,0.0557,81.73,0.0762037072,81.73,increase,4.5188,0.7270094601,-0.001198,-0.002643,0,,0,INV-2025-04-011,2025-04-15T10:00:00,Usage_Overage,81.73,Usage_Above_Commit,1,"[""INV-2025-04-011""]","[""2025-04-15T10:00:00""]","[""Usage_Overage""]",[81.73],"[""Usage_Above_Commit""]",81.73,0,81.73,0,0,0,0,0,0,0,81.73,0,0,0,0,0,0,1,INV-2025-04-011,2025-04-15T10:00:00,Usage_Overage,81.73,Usage_Above_Commit,81.73,0,Usage_Overage,Usage_Above_Commit,81.73,1,,,0,0,Usage_Overage,positive,stable,stable,stable,stable,True,False,False,False,False,False,0.0849216377,6,False,81.73,0.0027853843,2978.62,0.1015123141,81.73,0.0027853843,599.08,0.0204168364,,,,,,,insufficient_history,False,,Usage_Overage +81.7300,1 transactions; largest INV-2025-04-011 +81.7300 (Usage_Above_Commit)
ACC-0059,4,SMB,Fintech,Monthly,0.095,stable,5.5474,-0.01775,0.057463,0.013053,1,inf,0,1211.77,1211.77,3,1211.77,6.2013,0.05,0.02,0,0.095,0,0,0,increase,-0.6539,-0.1054456324,0.007463,-0.006947,1,inf,0,,,,0,,0,[],[],[],[],[],0,0,0,0,0,0,0,0,0,0,0,0,0,0,0,0,0,0,,,,0,,0,0,,,0,0,,,0,0,No_Change,stable,stable,stable,stable,stable,False,False,False,False,False,False,0,24,False,0,0,2978.62,0.1015123141,0,0,599.08,0.0204168364,,,,,,,insufficient_history,False,,No driver activity this period.,0 transactions
ACC-0060,4,Mid-Market,Education,Monthly,0.0488,stable,104.7697,0.12655,0.092107,0.011901,3,2,0,12230.26,12230.26,3,12230.26,106.6654,0.080513,0.010151,1,0.0488,0,0,0,increase,-1.8957,-0.0177723985,0.011594,0.00175,2,2,0,,,,0,,0,[],[],[],[],[],0,0,0,0,0,0,0,0,0,0,0,0,0,0,0,0,0,0,,,,0,,0,0,,,0,0,,,0,0,No_Change,positive,positive,stable,negative,stable,True,True,False,True,False,False,0,25,False,0,0,2791.01,0.0951185058,2329.82,0.0794010043,599.08,0.0204168364,12230.26,0,0,0,0,0,normal,False,,No driver activity this period.,0 transactions
ACC-0061,4,SMB,Real Estate,Monthly,0.1115,stable,3.0491,-0.008562,0.05,0.02,0,,0,593.35,593.35,,,,,,,0.1115,0,0,0,increase,,,,,,,,INV-2025-04-012,2025-04-19T10:00:00,New_ARR,593.35,New_Logo_Signed,1,"[""INV-2025-04-012""]","[""2025-04-19T10:00:00""]","[""New_ARR""]",[593.35],"[""New_Logo_Signed""]",593.35,0,593.35,0,593.35,0,0,0,0,0,0,1,0,0,0,0,0,0,INV-2025-04-012,2025-04-19T10:00:00,New_ARR,593.35,New_Logo_Signed,593.35,0,New_ARR,New_Logo_Signed,593.35,1,,,0,0,New_ARR,stable,unknown,unknown,unknown,stable,False,False,False,False,False,False,0,26,False,0,0,2978.62,0.1015123141,3371.28,0.1148942914,599.08,0.0204168364,,,,,,,insufficient_history,False,,New_ARR +593.3500,1 transactions; largest INV-2025-04-012 +593.3500 (New_Logo_Signed)
ACC-0070,4,Enterprise,Technology,Annual,0.1814,growth,596.8259,-0.055411,0.054827,0.013222,2,-0.5,0,106061.53,106061.53,3,82488.71,574.8791,0.05399,0.01835,4,0.1814,23572.82,0.2857702587,23572.82,increase,21.9468,0.0381763748,0.000837,-0.005128,-2,-0.5,0,INV-2025-04-013,2025-04-24T10:00:00,Expansion,23572.82,Plan_Upgrade,1,"[""INV-2025-04-013""]","[""2025-04-24T10:00:00""]","[""Expansion""]",[23572.82],"[""Plan_Upgrade""]",23572.82,0,23572.82,0,0,23572.82,0,0,0,0,0,0,1,0,0,0,0,0,INV-2025-04-013,2025-04-24T10:00:00,Expansion,23572.82,Plan_Upgrade,23572.82,0,Expansion,Plan_Upgrade,23572.82,1,,,0,0,Expansion,negative,stable,stable,positive,stable,True,False,False,False,False,False,0.9600119113,1,True,23572.82,0.8033691801,23572.82,0.8033691801,23572.82,0.8033691801,26413.55,0.9001821593,82488.71,0,0,0,0,23572.82,normal,False,,"Expansion +23,572.8200","1 transactions; largest INV-2025-04-013 +23,572.8200 (Plan_Upgrade)"
ACC-0001,5,Enterprise,Technology,Annual,0.049,stable,355.4621,0.060917,0.099448,0.020458,1,0,0,42511.23,42511.23,4,42511.23,356.0738,0.091685,0.014666,1,0.049,0,0,0,increase,-0.6117,-0.0017179023,0.007763,0.005792,0,0,0,,,,0,,0,[],[],[],[],[],0,0,0,0,0,0,0,0,0,0,0,0,0,0,0,0,0,0,,,,0,,0,0,,,0,0,,,0,0,No_Change,positive,stable,stable,stable,stable,True,False,False,False,False,False,0,6,False,0,0,3527.77,3.9766996201,0,0,2678.69,3.0195691628,42340.82,170.41,0.004057381,511.23,0,-170.41,normal,False,,No driver activity this period.,0 transactions
ACC-0002,5,Enterprise,Healthcare,Annual,0.0064,growth,526.6532,0.011374,0.08651,0.016698,1,0,0,61527.77,61527.77,4,58000,507.564,0.079112,0.014144,1,0.0064,3527.77,0.0608236207,3527.77,increase,19.0892,0.0376094443,0.007398,0.002554,0,0,0,INV-2025-05-001,2025-05-15T10:00:00,Usage_Overage,3527.77,Usage_Above_Commit,1,"[""INV-2025-05-001""]","[""2025-05-15T10:00:00""]","[""Usage_Overage""]",[3527.77],"[""Usage_Above_Commit""]",3527.77,0,3527.77,0,0,0,0,0,0,0,3527.77,0,0,0,0,0,0,1,INV-2025-05-001,2025-05-15T10:00:00,Usage_Overage,3527.77,Usage_Above_Commit,3527.77,0,Usage_Overage,Usage_Above_Commit,3527.77,1,,,0,0,Usage_Overage,stable,stable,stable,stable,stable,False,False,False,False,False,False,0.6712882672,1,True,3527.77,3.9766996201,3527.77,3.9766996201,2503.11,2.8216455682,2678.69,3.0195691628,58000,0,0,0,0,3527.77,normal,False,,"Usage_Overage +3,527.7700","1 transactions; largest INV-2025-05-001 +3,527.7700 (Usage_Above_Commit)"
ACC-0003,5,Mid-Market,Real Estate,Monthly,0.13,stable,24.5866,0.065401,0.05,0.02,0,,1,5255.51,4120.51,,,,,,,0.13,0,0,0,increase,,,,,,,,INV-2025-05-002,2025-05-22T10:00:00,New_ARR,5255.51,New_Logo_Signed,1,"[""INV-2025-05-002""]","[""2025-05-22T10:00:00""]","[""New_ARR""]",[5255.51],"[""New_Logo_Signed""]",5255.51,0,5255.51,0,5255.51,0,0,0,0,0,0,1,0,0,0,0,0,0,INV-2025-05-002,2025-05-22T10:00:00,New_ARR,5255.51,New_Logo_Signed,5255.51,0,New_ARR,New_Logo_Signed,5255.51,1,,,0,0,New_ARR,positive,unknown,unknown,unknown,negative,True,False,False,False,True,False,0,7,False,0,0,-1757.21,-1.9808253768,-732.55,-0.8257713249,-908.13,-1.0236949195,,,,,,,insufficient_history,False,,"New_ARR +5,255.5100","1 transactions; largest INV-2025-05-002 +5,255.5100 (New_Logo_Signed)"
ACC-0004,5,SMB,Fintech,Annual,0.0319,stable,29.8978,0.006389,0.057743,0.016926,2,inf,0,5973.39,5973.39,4,5973.39,26.3235,0.05,0.02,0,0.0319,0,0,0,increase,3.5743,0.1357836154,0.007743,-0.003074,2,inf,0,,,,0,,0,[],[],[],[],[],0,0,0,0,0,0,0,0,0,0,0,0,0,0,0,0,0,0,,,,0,,0,0,,,0,0,,,0,0,No_Change,stable,stable,stable,negative,stable,False,False,False,True,False,False,0,8,False,0,0,-883.45,-0.9958742433,0,0,2678.69,3.0195691628,,,,,,,insufficient_history,False,,No driver activity this period.,0 transactions
ACC-0005,5,SMB,Energy,Monthly,0.076,stable,21.6779,0.044203,0.064921,0.087335,1,0,0,1628.2,1628.2,4,1628.2,18.0699,0.053109,0.024347,1,0.076,0,0,0,increase,3.608,0.1996690629,0.011812,0.062988,0,0,0,,,,0,,0,[],[],[],[],[],0,0,0,0,0,0,0,0,0,0,0,0,0,0,0,0,0,0,,,,0,,0,0,,,0,0,,,0,0,No_Change,positive,positive,negative,stable,stable,True,True,True,False,False,False,0,9,False,0,0,-883.45,-0.9958742433,0,0,-908.13,-1.0236949195,,,,,,,insufficient_history,False,,No driver activity this period.,0 transactions
ACC-0006,5,Mid-Market,Media,Annual,0.1946,stable,441.2148,-0.051828,0.066794,0.014778,1,inf,0,72964.27,72964.27,4,72964.27,442.1722,0.05,0.02,0,0.1946,0,0,0,increase,-0.9574,-0.0021652198,0.016794,-0.005222,1,inf,0,,,,0,,0,[],[],[],[],[],0,0,0,0,0,0,0,0,0,0,0,0,0,0,0,0,0,0,,,,0,,0,0,,,0,0,,,0,0,No_Change,negative,positive,stable,stable,stable,True,True,False,False,False,False,0,10,False,0,0,-1757.21,-1.9808253768,0,0,2678.69,3.0195691628,,,,,,,insufficient_history,False,,No driver activity this period.,0 transactions
ACC-0007,5,Mid-Market,Technology,Multi-Year,0.0723,stable,115.0483,0.101484,0.065465,0.023602,1,0,0,21586.34,28916.55,4,21586.34,114.1058,0.045679,0.017081,1,0.0723,0,0,0,increase,0.9425,0.0082598781,0.019786,0.006521,0,0,0,,,,0,,0,[],[],[],[],[],0,0,0,0,0,0,0,0,0,0,0,0,0,0,0,0,0,0,,,,0,,0,0,,,0,0,,,0,0,No_Change,positive,positive,stable,stable,stable,True,True,False,False,False,False,0,11,False,0,0,-1757.21,-1.9808253768,0,0,-883.45,-0.9958742433,20994.7466666667,591.5933333333,0.0298610172,1774.78,0,-591.5933333333,normal,False,,No driver activity this period.,0 transactions
ACC-0008,5,SMB,Logistics,Multi-Year,0.1711,stable,14.0717,-0.050222,0.083922,0.024422,2,-0.3333333333,1,911.54,911.54,4,911.54,12.1271,0.092935,0.020384,3,0.1711,0,0,0,increase,1.9446,0.1603516092,-0.009013,0.004038,-1,-0.3333333333,0,,,,0,,0,[],[],[],[],[],0,0,0,0,0,0,0,0,0,0,0,0,0,0,0,0,0,0,,,,0,,0,0,,,0,0,,,0,0,No_Change,negative,stable,stable,stable,negative,True,False,False,False,True,False,0,12,False,0,0,-883.45,-0.9958742433,0,0,-883.45,-0.9958742433,911.54,0,0,0,0,0,normal,False,,No driver activity this period.,0 transactions
ACC-0011,5,SMB,Real Estate,Monthly,0.0649,stable,22.3252,0.083418,0.045825,0.010907,6,5,0,2625.32,2625.32,4,2625.32,24.2084,0.053799,0.022585,1,0.0649,0,0,0,increase,-1.8832,-0.0777911799,-0.007974,-0.011678,5,5,0,,,,0,,0,[],[],[],[],[],0,0,0,0,0,0,0,0,0,0,0,0,0,0,0,0,0,0,,,,0,,0,0,,,0,0,,,0,0,No_Change,positive,stable,positive,negative,stable,True,False,False,True,False,False,0,13,False,0,0,-883.45,-0.9958742433,-732.55,-0.8257713249,-908.13,-1.0236949195,2280.42,172.45,0.0818085646,517.35,0,-172.45,normal,False,,No driver activity this period.,0 transactions
ACC-0012,5,SMB,Education,Monthly,0.0422,stable,191.9405,0.060023,0.05,0.02,0,,0,37325.79,37325.79,,,,,,,0.0422,0,0,0,increase,,,,,,,,INV-2025-05-003,2025-05-04T10:00:00,New_ARR,37325.79,New_Logo_Signed,1,"[""INV-2025-05-003""]","[""2025-05-04T10:00:00""]","[""New_ARR""]",[37325.79],"[""New_Logo_Signed""]",37325.79,0,37325.79,0,37325.79,0,0,0,0,0,0,1,0,0,0,0,0,0,INV-2025-05-003,2025-05-04T10:00:00,New_ARR,37325.79,New_Logo_Signed,37325.79,0,New_ARR,New_Logo_Signed,37325.79,1,,,0,0,New_ARR,positive,unknown,unknown,unknown,stable,True,False,False,False,False,False,0,14,False,0,0,-883.45,-0.9958742433,-883.45,-0.9958742433,-908.13,-1.0236949195,,,,,,,insufficient_history,False,,"New_ARR +37,325.7900","1 transactions; largest INV-2025-05-003 +37,325.7900 (New_Logo_Signed)"
ACC-0014,5,SMB,Education,Multi-Year,0.0799,stable,40.758,-0.059731,0.052101,0.011521,1,0,0,11198.9,10355.14,4,11198.9,36.5661,0.047308,0.015257,1,0.0799,0,0,0,increase,4.1919,0.1146389689,0.004793,-0.003736,0,0,0,,,,0,,0,[],[],[],[],[],0,0,0,0,0,0,0,0,0,0,0,0,0,0,0,0,0,0,,,,0,,0,0,,,0,0,,,0,0,No_Change,negative,stable,stable,stable,stable,True,False,False,False,False,False,0,15,False,0,0,-883.45,-0.9958742433,-883.45,-0.9958742433,-883.45,-0.9958742433,9645.6866666667,776.6066666667,0.087563385,2329.82,0,-776.6066666667,normal,False,,No driver activity this period.,0 transactions
ACC-0015,5,SMB,Fintech,Multi-Year,0.0306,stable,3.5834,-0.005159,0.072561,0.022035,1,inf,0,1228.75,0,4,1228.75,4.5339,0.059597,0.014147,0,0.0306,0,0,0,increase,-0.9505,-0.2096429123,0.012964,0.007888,1,inf,0,,,,0,,0,[],[],[],[],[],0,0,0,0,0,0,0,0,0,0,0,0,0,0,0,0,0,0,,,,0,,0,0,,,0,0,,,0,0,No_Change,stable,positive,stable,stable,stable,False,True,False,False,False,False,0,16,False,0,0,-883.45,-0.9958742433,0,0,-883.45,-0.9958742433,1228.75,0,0,0,0,0,normal,False,,No driver activity this period.,0 transactions
ACC-0016,5,SMB,Education,Annual,0.0936,stable,17.0789,0.095593,0.08235,0.01335,1,inf,0,2193.72,2193.72,4,2193.72,12.4504,0.065363,0.012717,0,0.0936,0,0,0,increase,4.6285,0.3717551243,0.016987,0.000633,1,inf,0,,,,0,,0,[],[],[],[],[],0,0,0,0,0,0,0,0,0,0,0,0,0,0,0,0,0,0,,,,0,,0,0,,,0,0,,,0,0,No_Change,positive,positive,stable,stable,stable,True,True,False,False,False,False,0,17,False,0,0,-883.45,-0.9958742433,-883.45,-0.9958742433,2678.69,3.0195691628,,,,,,,insufficient_history,False,,No driver activity this period.,0 transactions
ACC-0017,5,Mid-Market,Healthcare,Annual,0.1074,stable,16.5465,-0.057969,0.069459,0.015589,1,0,0,985.47,985.47,4,985.47,12.2848,0.050806,0.011739,1,0.1074,0,0,0,increase,4.2617,0.3469083746,0.018653,0.00385,0,0,0,,,,0,,0,[],[],[],[],[],0,0,0,0,0,0,0,0,0,0,0,0,0,0,0,0,0,0,,,,0,,0,0,,,0,0,,,0,0,No_Change,negative,positive,stable,stable,stable,True,True,False,False,False,False,0,18,False,0,0,-1757.21,-1.9808253768,2503.11,2.8216455682,2678.69,3.0195691628,,,,,,,insufficient_history,False,,No driver activity this period.,0 transactions
ACC-0019,5,Mid-Market,Real Estate,Annual,0.1741,decline,37.7074,-0.015535,0.051634,0.011719,2,1,0,10850.64,10850.64,4,11699.72,39.5003,0.056115,0.021224,1,0.1741,-849.08,-0.072572677,849.08,decrease,-1.7929,-0.0453895287,-0.004481,-0.009505,1,1,0,CR-2025-05-001,2025-05-13T10:00:00,Contraction,-849.08,Contract_Downgrade,1,"[""CR-2025-05-001""]","[""2025-05-13T10:00:00""]","[""Contraction""]",[-849.08],"[""Contract_Downgrade""]",-849.08,0,0,-849.08,0,0,-849.08,0,0,0,0,0,0,1,0,0,0,0,CR-2025-05-001,2025-05-13T10:00:00,Contraction,-849.08,Contract_Downgrade,0,-849.08,Contraction,Contract_Downgrade,-849.08,1,,,0,0,Contraction,stable,stable,stable,stable,stable,False,False,False,False,False,False,0.1818454433,4,False,-849.08,-0.9571304573,-1757.21,-1.9808253768,-732.55,-0.8257713249,2678.69,3.0195691628,,,,,,,insufficient_history,False,,Contraction -849.0800,1 transactions; largest CR-2025-05-001 -849.0800 (Contract_Downgrade)
ACC-0020,5,SMB,Energy,Annual,0.1079,stable,13.534,-0.031885,0.05,0.02,0,,0,1617.68,1617.68,,,,,,,0.1079,0,0,0,increase,,,,,,,,INV-2025-05-004,2025-05-15T10:00:00,New_ARR,1617.68,New_Logo_Signed,1,"[""INV-2025-05-004""]","[""2025-05-15T10:00:00""]","[""New_ARR""]",[1617.68],"[""New_Logo_Signed""]",1617.68,0,1617.68,0,1617.68,0,0,0,0,0,0,1,0,0,0,0,0,0,INV-2025-05-004,2025-05-15T10:00:00,New_ARR,1617.68,New_Logo_Signed,1617.68,0,New_ARR,New_Logo_Signed,1617.68,1,,,0,0,New_ARR,negative,unknown,unknown,unknown,stable,True,False,False,False,False,False,0,19,False,0,0,-883.45,-0.9958742433,0,0,2678.69,3.0195691628,,,,,,,insufficient_history,False,,"New_ARR +1,617.6800","1 transactions; largest INV-2025-05-004 +1,617.6800 (New_Logo_Signed)"
ACC-0024,5,SMB,Healthcare,Multi-Year,0.1719,stable,8.9967,0.102943,0.042989,0.01095,2,1,0,823.61,823.61,4,823.61,6.6585,0.042066,0.01395,1,0.1719,0,0,0,increase,2.3382,0.3511601712,0.000923,-0.003,1,1,0,,,,0,,0,[],[],[],[],[],0,0,0,0,0,0,0,0,0,0,0,0,0,0,0,0,0,0,,,,0,,0,0,,,0,0,,,0,0,No_Change,positive,stable,stable,stable,stable,True,False,False,False,False,False,0,20,False,0,0,-883.45,-0.9958742433,2503.11,2.8216455682,-883.45,-0.9958742433,,,,,,,insufficient_history,False,,No driver activity this period.,0 transactions
ACC-0027,5,Mid-Market,Healthcare,Monthly,0.1456,decline,38.6497,-0.035314,0.064224,0.017402,3,inf,0,3870.22,4760.49,4,4894.88,37.9176,0.05,0.02,0,0.1456,-1024.66,-0.2093330174,1024.66,decrease,0.7321,0.0193076566,0.014224,-0.002598,3,inf,0,CR-2025-05-002,2025-05-07T10:00:00,Contraction,-854.22,Seat_Reduction,2,"[""CR-2025-05-002"", ""CR-2025-05-003""]","[""2025-05-07T10:00:00"", ""2025-05-17T10:00:00""]","[""Contraction"", ""Refund""]","[-854.22, -170.44]","[""Seat_Reduction"", ""Billing_Adjustment""]",-1024.66,0,0,-1024.66,0,0,-854.22,0,0,-170.44,0,0,0,0.8336618976,0,0,0.1663381024,0,CR-2025-05-002,2025-05-07T10:00:00,Contraction,-854.22,Seat_Reduction,0,-854.22,Contraction,Seat_Reduction,-854.22,0.8336618976,Refund,Billing_Adjustment,-170.44,0.1663381024,Contraction,negative,positive,stable,negative,stable,True,True,False,True,False,False,0.2620625944,3,True,-1024.66,-1.1550540519,-1757.21,-1.9808253768,2503.11,2.8216455682,-908.13,-1.0236949195,,,,,,,insufficient_history,False,,Contraction -854.2200; Refund -170.4400,2 transactions; largest CR-2025-05-002 -854.2200 (Seat_Reduction)
ACC-0028,5,SMB,Education,Monthly,0.0925,stable,9.3325,-0.029818,0.071185,0.014871,1,inf,0,2077.65,2077.65,4,2077.65,10.0491,0.053668,0.016981,0,0.0925,0,0,0,increase,-0.7166,-0.0713098685,0.017517,-0.00211,1,inf,0,,,,0,,0,[],[],[],[],[],0,0,0,0,0,0,0,0,0,0,0,0,0,0,0,0,0,0,,,,0,,0,0,,,0,0,,,0,0,No_Change,negative,positive,stable,stable,stable,True,True,False,False,False,False,0,21,False,0,0,-883.45,-0.9958742433,-883.45,-0.9958742433,-908.13,-1.0236949195,,,,,,,insufficient_history,False,,No driver activity this period.,0 transactions
ACC-0030,5,SMB,Education,Multi-Year,0.0329,churned,15.448,0.124722,0.059563,0.021884,2,0,0,0,,4,883.45,12.7559,0.051752,0.019187,2,0.0329,-883.45,-1,883.45,decrease,2.6921,0.2110474369,0.007811,0.002697,0,0,0,CR-2025-05-004,2025-05-02T10:00:00,Churn,-883.45,Non_Renewal,1,"[""CR-2025-05-004""]","[""2025-05-02T10:00:00""]","[""Churn""]",[-883.45],"[""Non_Renewal""]",-883.45,0,0,-883.45,0,0,0,-883.45,0,0,0,0,0,0,1,0,0,0,CR-2025-05-004,2025-05-02T10:00:00,Churn,-883.45,Non_Renewal,0,-883.45,Churn,Non_Renewal,-883.45,1,,,0,0,Churn,positive,stable,stable,stable,stable,True,False,False,False,False,False,0.5127777605,2,True,-883.45,-0.9958742433,-883.45,-0.9958742433,-883.45,-0.9958742433,-883.45,-0.9958742433,883.45,0,0,0,0,-883.45,normal,True,Non_Renewal,Churn -883.4500,1 transactions; largest CR-2025-05-004 -883.4500 (Non_Renewal)
ACC-0033,5,Mid-Market,Real Estate,Monthly,0.1922,growth,28.0885,0.041691,0.048731,0.014279,2,1,0,3473.05,3894.58,4,3356.52,26.1136,0.05374,0.014597,1,0.1922,116.53,0.034717505,116.53,increase,1.9749,0.0756272594,-0.005009,-0.000318,1,1,0,INV-2025-05-005,2025-05-09T10:00:00,Usage_Overage,116.53,Usage_Above_Commit,1,"[""INV-2025-05-005""]","[""2025-05-09T10:00:00""]","[""Usage_Overage""]",[116.53],"[""Usage_Above_Commit""]",116.53,0,116.53,0,0,0,0,0,0,0,116.53,0,0,0,0,0,0,1,INV-2025-05-005,2025-05-09T10:00:00,Usage_Overage,116.53,Usage_Above_Commit,116.53,0,Usage_Overage,Usage_Above_Commit,116.53,1,,,0,0,Usage_Overage,positive,stable,stable,stable,stable,True,False,False,False,False,False,0.033622056,5,False,116.53,0.1313591325,-1757.21,-1.9808253768,-732.55,-0.8257713249,-908.13,-1.0236949195,,,,,,,insufficient_history,False,,Usage_Overage +116.5300,1 transactions; largest INV-2025-05-005 +116.5300 (Usage_Above_Commit)
ACC-0037,5,SMB,Technology,Multi-Year,0.1992,stable,13.1858,0.144987,0.057906,0.023072,1,inf,0,768.94,768.94,4,768.94,11.1055,0.048489,0.016128,0,0.1992,0,0,0,increase,2.0803,0.1873215974,0.009417,0.006944,1,inf,0,,,,0,,0,[],[],[],[],[],0,0,0,0,0,0,0,0,0,0,0,0,0,0,0,0,0,0,,,,0,,0,0,,,0,0,,,0,0,No_Change,positive,stable,stable,stable,stable,True,False,False,False,False,False,0,22,False,0,0,-883.45,-0.9958742433,0,0,-883.45,-0.9958742433,,,,,,,insufficient_history,False,,No driver activity this period.,0 transactions
ACC-0040,5,SMB,Healthcare,Multi-Year,0.0269,stable,11.8646,0.095411,0.056554,0.0124,0,,0,1933.32,1933.32,4,1933.32,13.2149,0.05,0.02,0,0.0269,0,0,0,increase,-1.3503,-0.1021801149,0.006554,-0.0076,0,,0,,,,0,,0,[],[],[],[],[],0,0,0,0,0,0,0,0,0,0,0,0,0,0,0,0,0,0,,,,0,,0,0,,,0,0,,,0,0,No_Change,positive,stable,stable,stable,stable,True,False,False,False,False,False,0,23,False,0,0,-883.45,-0.9958742433,2503.11,2.8216455682,-883.45,-0.9958742433,,,,,,,insufficient_history,False,,No driver activity this period.,0 transactions
ACC-0043,5,SMB,Media,Annual,0.0855,stable,7.4427,0.00901,0.088315,0.016998,1,0,0,515.26,515.26,4,515.26,5.9712,0.070716,0.024446,1,0.0855,0,0,0,increase,1.4715,0.2464328778,0.017599,-0.007448,0,0,0,,,,0,,0,[],[],[],[],[],0,0,0,0,0,0,0,0,0,0,0,0,0,0,0,0,0,0,,,,0,,0,0,,,0,0,,,0,0,No_Change,stable,positive,stable,stable,stable,False,True,False,False,False,False,0,24,False,0,0,-883.45,-0.9958742433,0,0,2678.69,3.0195691628,482.1133333333,16.5733333333,0.0356002349,49.72,0,-16.5733333333,normal,False,,No driver activity this period.,0 transactions
ACC-0044,5,Mid-Market,Energy,Annual,0.0296,stable,30.3406,0.039121,0.05,0.02,0,,0,6353.23,6353.23,,,,,,,0.0296,0,0,0,increase,,,,,,,,INV-2025-05-006,2025-05-02T10:00:00,New_ARR,6353.23,New_Logo_Signed,1,"[""INV-2025-05-006""]","[""2025-05-02T10:00:00""]","[""New_ARR""]",[6353.23],"[""New_Logo_Signed""]",6353.23,0,6353.23,0,6353.23,0,0,0,0,0,0,1,0,0,0,0,0,0,INV-2025-05-006,2025-05-02T10:00:00,New_ARR,6353.23,New_Logo_Signed,6353.23,0,New_ARR,New_Logo_Signed,6353.23,1,,,0,0,New_ARR,positive,unknown,unknown,unknown,stable,True,False,False,False,False,False,0,25,False,0,0,-1757.21,-1.9808253768,0,0,2678.69,3.0195691628,,,,,,,insufficient_history,False,,"New_ARR +6,353.2300","1 transactions; largest INV-2025-05-006 +6,353.2300 (New_Logo_Signed)"
ACC-0049,5,SMB,Manufacturing,Monthly,0.0557,stable,9.0476,0.067296,0.039904,0.013228,0,,0,1154.25,1427.45,4,1154.25,10.7344,0.048802,0.017357,0,0.0557,0,0,0,increase,-1.6868,-0.1571396631,-0.008898,-0.004129,0,,0,,,,0,,0,[],[],[],[],[],0,0,0,0,0,0,0,0,0,0,0,0,0,0,0,0,0,0,,,,0,,0,0,,,0,0,,,0,0,No_Change,positive,stable,stable,stable,stable,True,False,False,False,False,False,0,26,False,0,0,-883.45,-0.9958742433,0,0,-908.13,-1.0236949195,,,,,,,insufficient_history,False,,No driver activity this period.,0 transactions
ACC-0059,5,SMB,Fintech,Monthly,0.095,stable,4.8445,0.015508,0.069363,0.017443,2,1,0,1211.77,1211.77,4,1211.77,5.5474,0.057463,0.013053,1,0.095,0,0,0,increase,-0.7029,-0.1267080074,0.0119,0.00439,1,1,0,,,,0,,0,[],[],[],[],[],0,0,0,0,0,0,0,0,0,0,0,0,0,0,0,0,0,0,,,,0,,0,0,,,0,0,,,0,0,No_Change,stable,positive,stable,stable,stable,False,True,False,False,False,False,0,27,False,0,0,-883.45,-0.9958742433,0,0,-908.13,-1.0236949195,,,,,,,insufficient_history,False,,No driver activity this period.,0 transactions
ACC-0060,5,Mid-Market,Education,Monthly,0.0488,stable,103.6777,0.005966,0.094042,0.011146,3,0,0,12230.26,12230.26,4,12230.26,104.7697,0.092107,0.011901,3,0.0488,0,0,0,increase,-1.092,-0.0104228608,0.001935,-0.000755,0,0,0,,,,0,,0,[],[],[],[],[],0,0,0,0,0,0,0,0,0,0,0,0,0,0,0,0,0,0,,,,0,,0,0,,,0,0,,,0,0,No_Change,stable,stable,stable,stable,stable,False,False,False,False,False,False,0,28,False,0,0,-1757.21,-1.9808253768,-883.45,-0.9958742433,-908.13,-1.0236949195,12230.26,0,0,0,0,0,normal,False,,No driver activity this period.,0 transactions
ACC-0061,5,SMB,Real Estate,Monthly,0.1115,stable,1.6197,-0.030991,0.052631,0.019489,1,inf,0,593.35,669.9,4,593.35,3.0491,0.05,0.02,0,0.1115,0,0,0,increase,-1.4294,-0.4687940704,0.002631,-0.000511,1,inf,0,,,,0,,0,[],[],[],[],[],0,0,0,0,0,0,0,0,0,0,0,0,0,0,0,0,0,0,,,,0,,0,0,,,0,0,,,0,0,No_Change,negative,stable,stable,stable,stable,True,False,False,False,False,False,0,29,False,0,0,-883.45,-0.9958742433,-732.55,-0.8257713249,-908.13,-1.0236949195,,,,,,,insufficient_history,False,,No driver activity this period.,0 transactions
ACC-0065,5,SMB,Energy,Multi-Year,0.0161,stable,12.1208,0.04532,0.05,0.02,0,,0,1142.68,1142.68,,,,,,,0.0161,0,0,0,increase,,,,,,,,INV-2025-05-007,2025-05-26T10:00:00,New_ARR,1142.68,New_Logo_Signed,1,"[""INV-2025-05-007""]","[""2025-05-26T10:00:00""]","[""New_ARR""]",[1142.68],"[""New_Logo_Signed""]",1142.68,0,1142.68,0,1142.68,0,0,0,0,0,0,1,0,0,0,0,0,0,INV-2025-05-007,2025-05-26T10:00:00,New_ARR,1142.68,New_Logo_Signed,1142.68,0,New_ARR,New_Logo_Signed,1142.68,1,,,0,0,New_ARR,positive,unknown,unknown,unknown,stable,True,False,False,False,False,False,0,30,False,0,0,-883.45,-0.9958742433,0,0,-883.45,-0.9958742433,,,,,,,insufficient_history,False,,"New_ARR +1,142.6800","1 transactions; largest INV-2025-05-007 +1,142.6800 (New_Logo_Signed)"
ACC-0070,5,Enterprise,Technology,Annual,0.1814,stable,596.6134,0.036769,0.067257,0.081162,2,0,0,106061.53,145768.97,4,106061.53,596.8259,0.054827,0.013222,2,0.1814,0,0,0,increase,-0.2125,-0.0003560502,0.01243,0.06794,0,0,0,,,,0,,0,[],[],[],[],[],0,0,0,0,0,0,0,0,0,0,0,0,0,0,0,0,0,0,,,,0,,0,0,,,0,0,,,0,0,No_Change,positive,positive,negative,stable,stable,True,True,True,False,False,False,0,31,False,0,0,3527.77,3.9766996201,0,0,2678.69,3.0195691628,90346.3166666667,7857.6066666667,0.0952567529,23572.82,0,-7857.6066666667,normal,False,,No driver activity this period.,0 transactions
ACC-0001,6,Enterprise,Technology,Annual,0.049,stable,355.8925,0.066086,0.1023,0.015118,2,1,0,42511.23,42511.23,5,42511.23,355.4621,0.099448,0.020458,1,0.049,0,0,0,increase,0.4304,0.0012108183,0.002852,-0.00534,1,1,0,,,,0,,0,[],[],[],[],[],0,0,0,0,0,0,0,0,0,0,0,0,0,0,0,0,0,0,,,,0,,0,0,,,0,0,,,0,0,No_Change,positive,stable,stable,stable,stable,True,False,False,False,False,False,0,10,False,0,0,39707.44,0.8728504041,47037.65,1.0339833495,39707.44,0.8728504041,42511.23,170.41,0.004057381,511.23,0,-170.41,normal,False,,No driver activity this period.,0 transactions
ACC-0002,6,Enterprise,Healthcare,Annual,0.0064,stable,525.9738,0.055903,0.097435,0.021633,1,0,0,61527.77,61527.77,5,61527.77,526.6532,0.08651,0.016698,1,0.0064,0,0,0,increase,-0.6794,-0.001290033,0.010925,0.004935,0,0,0,,,,0,,0,[],[],[],[],[],0,0,0,0,0,0,0,0,0,0,0,0,0,0,0,0,0,0,,,,0,,0,0,,,0,0,,,0,0,No_Change,positive,positive,stable,stable,stable,True,True,False,False,False,False,0,11,False,0,0,39707.44,0.8728504041,890.27,0.0195699478,39707.44,0.8728504041,59175.9233333333,1175.9233333333,0.0202745402,3527.77,0,-1175.9233333333,normal,False,,No driver activity this period.,0 transactions
ACC-0003,6,Mid-Market,Real Estate,Monthly,0.13,decline,27.7862,0.147652,0.04699,0.01894,0,,0,4120.51,4120.51,5,5255.51,24.5866,0.05,0.02,0,0.13,-1135,-0.215963817,1135,decrease,3.1996,0.1301359277,-0.00301,-0.00106,0,,0,CR-2025-06-001,2025-06-09T10:00:00,Contraction,-1135,Contract_Downgrade,1,"[""CR-2025-06-001""]","[""2025-06-09T10:00:00""]","[""Contraction""]",[-1135.0],"[""Contract_Downgrade""]",-1135,0,0,-1135,0,0,-1135,0,0,0,0,0,0,1,0,0,0,0,CR-2025-06-001,2025-06-09T10:00:00,Contraction,-1135,Contract_Downgrade,0,-1135,Contraction,Contract_Downgrade,-1135,1,,,0,0,Contraction,positive,stable,stable,stable,stable,True,False,False,False,False,False,0.0941669775,5,False,-1135,-0.0249496117,7507.01,0.1650193695,-636.92,-0.0140007988,526.55,0.0115746414,,,,,,,insufficient_history,False,,"Contraction -1,135.0000","1 transactions; largest CR-2025-06-001 -1,135.0000 (Contract_Downgrade)"
ACC-0004,6,SMB,Fintech,Annual,0.0319,stable,32.2029,0.114656,0.062955,0.021877,2,0,1,5973.39,4951.93,5,5973.39,29.8978,0.057743,0.016926,2,0.0319,0,0,0,increase,2.3051,0.0770993183,0.005212,0.004951,0,0,0,,,,0,,0,[],[],[],[],[],0,0,0,0,0,0,0,0,0,0,0,0,0,0,0,0,0,0,,,,0,,0,0,,,0,0,,,0,0,No_Change,positive,stable,stable,stable,negative,True,False,False,False,True,False,0,12,False,0,0,-1722.76,-0.0378697736,-1228.75,-0.0270104276,39707.44,0.8728504041,,,,,,,insufficient_history,False,,No driver activity this period.,0 transactions
ACC-0005,6,SMB,Energy,Monthly,0.076,stable,24.7016,-0.038454,0.05992,0.020902,2,1,0,1628.2,1628.2,5,1628.2,21.6779,0.064921,0.087335,1,0.076,0,0,0,increase,3.0237,0.139483068,-0.005001,-0.066433,1,1,0,,,,0,,0,[],[],[],[],[],0,0,0,0,0,0,0,0,0,0,0,0,0,0,0,0,0,0,,,,0,,0,0,,,0,0,,,0,0,No_Change,negative,stable,positive,stable,stable,True,False,False,False,False,False,0,13,False,0,0,-1722.76,-0.0378697736,0,0,526.55,0.0115746414,1628.2,0,0,0,0,0,normal,False,,No driver activity this period.,0 transactions
ACC-0006,6,Mid-Market,Media,Annual,0.1946,stable,442.9412,0.095257,0.078056,0.015525,2,1,0,72964.27,72964.27,5,72964.27,441.2148,0.066794,0.014778,1,0.1946,0,0,0,increase,1.7264,0.0039128334,0.011262,0.000747,1,1,0,,,,0,,0,[],[],[],[],[],0,0,0,0,0,0,0,0,0,0,0,0,0,0,0,0,0,0,,,,0,,0,0,,,0,0,,,0,0,No_Change,positive,positive,stable,stable,stable,True,True,False,False,False,False,0,14,False,0,0,7507.01,0.1650193695,0,0,39707.44,0.8728504041,,,,,,,insufficient_history,False,,No driver activity this period.,0 transactions
ACC-0007,6,Mid-Market,Technology,Multi-Year,0.0723,growth,120.2017,0.14247,0.0773,0.010341,4,3,0,28916.55,28916.55,5,21586.34,115.0483,0.065465,0.023602,1,0.0723,7330.21,0.3395763247,7330.21,increase,5.1534,0.0447933607,0.011835,-0.013261,3,3,0,INV-2025-06-001,2025-06-23T10:00:00,Expansion,6650.45,Seat_Add,2,"[""INV-2025-06-001"", ""INV-2025-06-002""]","[""2025-06-23T10:00:00"", ""2025-06-28T10:00:00""]","[""Expansion"", ""Usage_Overage""]","[6650.45, 679.76]","[""Seat_Add"", ""Usage_Above_Commit""]",7330.21,0,7330.21,0,0,6650.45,0,0,0,0,679.76,0,0.9072659583,0,0,0,0,0.0927340417,INV-2025-06-001,2025-06-23T10:00:00,Expansion,6650.45,Seat_Add,6650.45,0,Expansion,Seat_Add,6650.45,0.9072659583,Usage_Overage,Usage_Above_Commit,679.76,0.0927340417,Expansion,positive,positive,positive,negative,stable,True,True,False,True,False,False,0.2388452589,3,True,7330.21,0.1611329454,7507.01,0.1650193695,47037.65,1.0339833495,5257.7,0.1155749545,21586.34,591.5933333333,0.0298610172,1774.78,0,6738.6166666667,unusual_increase,False,,"Expansion +6,650.4500; Usage_Overage +679.7600","2 transactions; largest INV-2025-06-001 +6,650.4500 (Seat_Add)"
ACC-0008,6,SMB,Logistics,Multi-Year,0.1711,stable,16.0194,0.112345,0.090922,0.018108,2,0,0,911.54,911.54,5,911.54,14.0717,0.083922,0.024422,2,0.1711,0,0,0,increase,1.9477,0.1384125585,0.007,-0.006314,0,0,0,,,,0,,0,[],[],[],[],[],0,0,0,0,0,0,0,0,0,0,0,0,0,0,0,0,0,0,,,,0,,0,0,,,0,0,,,0,0,No_Change,positive,stable,stable,stable,stable,True,False,False,False,False,False,0,15,False,0,0,-1722.76,-0.0378697736,0,0,5257.7,0.1155749545,911.54,0,0,0,0,0,normal,False,,No driver activity this period.,0 transactions
ACC-0009,6,SMB,Energy,Monthly,0.0711,stable,60.8796,0.078741,0.05,0.02,0,,0,11272.75,11272.75,,,,,,,0.0711,0,0,0,increase,,,,,,,,INV-2025-06-003,2025-06-20T10:00:00,New_ARR,11272.75,New_Logo_Signed,1,"[""INV-2025-06-003""]","[""2025-06-20T10:00:00""]","[""New_ARR""]",[11272.75],"[""New_Logo_Signed""]",11272.75,0,11272.75,0,11272.75,0,0,0,0,0,0,1,0,0,0,0,0,0,INV-2025-06-003,2025-06-20T10:00:00,New_ARR,11272.75,New_Logo_Signed,11272.75,0,New_ARR,New_Logo_Signed,11272.75,1,,,0,0,New_ARR,positive,unknown,unknown,unknown,stable,True,False,False,False,False,False,0,16,False,0,0,-1722.76,-0.0378697736,0,0,526.55,0.0115746414,,,,,,,insufficient_history,False,,"New_ARR +11,272.7500","1 transactions; largest INV-2025-06-003 +11,272.7500 (New_Logo_Signed)"
ACC-0010,6,SMB,Healthcare,Annual,0.0342,stable,24.1579,0.020579,0.05,0.02,0,,0,4542.53,4102.11,,,,,,,0.0342,0,0,0,increase,,,,,,,,INV-2025-06-004,2025-06-20T10:00:00,New_ARR,4542.53,New_Logo_Signed,1,"[""INV-2025-06-004""]","[""2025-06-20T10:00:00""]","[""New_ARR""]",[4542.53],"[""New_Logo_Signed""]",4542.53,0,4542.53,0,4542.53,0,0,0,0,0,0,1,0,0,0,0,0,0,INV-2025-06-004,2025-06-20T10:00:00,New_ARR,4542.53,New_Logo_Signed,4542.53,0,New_ARR,New_Logo_Signed,4542.53,1,,,0,0,New_ARR,positive,unknown,unknown,unknown,stable,True,False,False,False,False,False,0,17,False,0,0,-1722.76,-0.0378697736,890.27,0.0195699478,39707.44,0.8728504041,,,,,,,insufficient_history,False,,"New_ARR +4,542.5300","1 transactions; largest INV-2025-06-004 +4,542.5300 (New_Logo_Signed)"
ACC-0011,6,SMB,Real Estate,Monthly,0.0649,stable,23.1412,0.000162,0.055041,0.011254,3,-0.5,0,2625.32,2625.32,5,2625.32,22.3252,0.045825,0.010907,6,0.0649,0,0,0,increase,0.816,0.0365506244,0.009216,0.000347,-3,-0.5,0,,,,0,,0,[],[],[],[],[],0,0,0,0,0,0,0,0,0,0,0,0,0,0,0,0,0,0,,,,0,,0,0,,,0,0,,,0,0,No_Change,stable,stable,stable,positive,stable,False,False,False,False,False,False,0,18,False,0,0,-1722.76,-0.0378697736,-636.92,-0.0140007988,526.55,0.0115746414,2452.87,172.45,0.0818085646,517.35,0,-172.45,normal,False,,No driver activity this period.,0 transactions
ACC-0012,6,SMB,Education,Monthly,0.0422,stable,190.423,-0.022338,0.053953,0.01491,1,inf,0,37325.79,37325.79,5,37325.79,191.9405,0.05,0.02,0,0.0422,0,0,0,increase,-1.5175,-0.0079060959,0.003953,-0.00509,1,inf,0,,,,0,,0,[],[],[],[],[],0,0,0,0,0,0,0,0,0,0,0,0,0,0,0,0,0,0,,,,0,,0,0,,,0,0,,,0,0,No_Change,negative,stable,stable,stable,stable,True,False,False,False,False,False,0,19,False,0,0,-1722.76,-0.0378697736,-843.76,-0.0185475633,526.55,0.0115746414,,,,,,,insufficient_history,False,,No driver activity this period.,0 transactions
ACC-0013,6,Mid-Market,Media,Monthly,0.0279,stable,45.3635,0.078034,0.05,0.02,0,,0,9237.22,9237.22,,,,,,,0.0279,0,0,0,increase,,,,,,,,INV-2025-06-005,2025-06-26T10:00:00,New_ARR,9237.22,New_Logo_Signed,1,"[""INV-2025-06-005""]","[""2025-06-26T10:00:00""]","[""New_ARR""]",[9237.22],"[""New_Logo_Signed""]",9237.22,0,9237.22,0,9237.22,0,0,0,0,0,0,1,0,0,0,0,0,0,INV-2025-06-005,2025-06-26T10:00:00,New_ARR,9237.22,New_Logo_Signed,9237.22,0,New_ARR,New_Logo_Signed,9237.22,1,,,0,0,New_ARR,positive,unknown,unknown,unknown,stable,True,False,False,False,False,False,0,20,False,0,0,7507.01,0.1650193695,0,0,526.55,0.0115746414,,,,,,,insufficient_history,False,,"New_ARR +9,237.2200","1 transactions; largest INV-2025-06-005 +9,237.2200 (New_Logo_Signed)"
ACC-0014,6,SMB,Education,Multi-Year,0.0799,decline,44.6045,0.076704,0.044327,0.015632,5,4,0,10355.14,10355.14,5,11198.9,40.758,0.052101,0.011521,1,0.0799,-843.76,-0.0753431141,843.76,decrease,3.8465,0.0943741106,-0.007774,0.004111,4,4,0,CR-2025-06-002,2025-06-20T10:00:00,Contraction,-725.04,Contract_Downgrade,2,"[""CR-2025-06-002"", ""CR-2025-06-003""]","[""2025-06-20T10:00:00"", ""2025-06-30T10:00:00""]","[""Contraction"", ""Refund""]","[-725.04, -118.72]","[""Contract_Downgrade"", ""Billing_Adjustment""]",-843.76,0,0,-843.76,0,0,-725.04,0,0,-118.72,0,0,0,0.8592964824,0,0,0.1407035176,0,CR-2025-06-002,2025-06-20T10:00:00,Contraction,-725.04,Contract_Downgrade,0,-725.04,Contraction,Contract_Downgrade,-725.04,0.8592964824,Refund,Billing_Adjustment,-118.72,0.1407035176,Contraction,positive,stable,stable,negative,stable,True,False,False,True,False,False,0.0401822118,9,False,-843.76,-0.0185475633,-1722.76,-0.0378697736,-843.76,-0.0185475633,5257.7,0.1155749545,10422.2933333333,776.6066666667,0.087563385,2329.82,0,-1620.3666666667,unusual_decrease,False,,Contraction -725.0400; Refund -118.7200,2 transactions; largest CR-2025-06-002 -725.0400 (Contract_Downgrade)
ACC-0015,6,SMB,Fintech,Multi-Year,0.0306,churned,8.4941,0.007113,0.070344,0.01053,2,1,0,0,,5,1228.75,3.5834,0.072561,0.022035,1,0.0306,-1228.75,-1,1228.75,decrease,4.9107,1.3704024111,-0.002217,-0.011505,1,1,0,CR-2025-06-004,2025-06-23T10:00:00,Churn,-1228.75,Competitor_Switch,1,"[""CR-2025-06-004""]","[""2025-06-23T10:00:00""]","[""Churn""]",[-1228.75],"[""Competitor_Switch""]",-1228.75,0,0,-1228.75,0,0,0,-1228.75,0,0,0,0,0,0,1,0,0,0,CR-2025-06-004,2025-06-23T10:00:00,Churn,-1228.75,Competitor_Switch,0,-1228.75,Churn,Competitor_Switch,-1228.75,1,,,0,0,Churn,stable,stable,positive,stable,stable,False,False,False,False,False,False,0.3701143035,2,True,-1228.75,-0.0270104276,-1722.76,-0.0378697736,-1228.75,-0.0270104276,5257.7,0.1155749545,1228.75,0,0,0,0,-1228.75,normal,True,Competitor_Switch,"Churn -1,228.7500","1 transactions; largest CR-2025-06-004 -1,228.7500 (Competitor_Switch)"
ACC-0016,6,SMB,Education,Annual,0.0936,stable,21.0374,0.105499,0.086466,0.024165,1,0,0,2193.72,2193.72,5,2193.72,17.0789,0.08235,0.01335,1,0.0936,0,0,0,increase,3.9585,0.2317772222,0.004116,0.010815,0,0,0,,,,0,,0,[],[],[],[],[],0,0,0,0,0,0,0,0,0,0,0,0,0,0,0,0,0,0,,,,0,,0,0,,,0,0,,,0,0,No_Change,positive,stable,negative,stable,stable,True,False,True,False,False,False,0,21,False,0,0,-1722.76,-0.0378697736,-843.76,-0.0185475633,39707.44,0.8728504041,2193.72,0,0,0,0,0,normal,False,,No driver activity this period.,0 transactions
ACC-0017,6,Mid-Market,Healthcare,Annual,0.1074,stable,20.5012,0.024163,0.083456,0.011696,2,1,0,985.47,1304.14,5,985.47,16.5465,0.069459,0.015589,1,0.1074,0,0,0,increase,3.9547,0.2390052277,0.013997,-0.003893,1,1,0,,,,0,,0,[],[],[],[],[],0,0,0,0,0,0,0,0,0,0,0,0,0,0,0,0,0,0,,,,0,,0,0,,,0,0,,,0,0,No_Change,positive,positive,stable,stable,stable,True,True,False,False,False,False,0,22,False,0,0,7507.01,0.1650193695,890.27,0.0195699478,39707.44,0.8728504041,1006.4433333333,-20.9733333333,-0.0200052779,0,-62.92,20.9733333333,normal,False,,No driver activity this period.,0 transactions
ACC-0018,6,SMB,Retail,Annual,0.1908,stable,12.4094,0.027479,0.05,0.02,0,,0,2438.15,1892.57,,,,,,,0.1908,0,0,0,increase,,,,,,,,INV-2025-06-006,2025-06-14T10:00:00,New_ARR,2438.15,New_Logo_Signed,1,"[""INV-2025-06-006""]","[""2025-06-14T10:00:00""]","[""New_ARR""]",[2438.15],"[""New_Logo_Signed""]",2438.15,0,2438.15,0,2438.15,0,0,0,0,0,0,1,0,0,0,0,0,0,INV-2025-06-006,2025-06-14T10:00:00,New_ARR,2438.15,New_Logo_Signed,2438.15,0,New_ARR,New_Logo_Signed,2438.15,1,,,0,0,New_ARR,positive,unknown,unknown,unknown,stable,True,False,False,False,False,False,0,23,False,0,0,-1722.76,-0.0378697736,0,0,39707.44,0.8728504041,,,,,,,insufficient_history,False,,"New_ARR +2,438.1500","1 transactions; largest INV-2025-06-006 +2,438.1500 (New_Logo_Signed)"
ACC-0019,6,Mid-Market,Real Estate,Annual,0.1741,stable,38.9363,0.118973,0.058124,0.011473,6,2,0,10850.64,10850.64,5,10850.64,37.7074,0.051634,0.011719,2,0.1741,0,0,0,increase,1.2289,0.0325904199,0.00649,-0.000246,4,2,0,,,,0,,0,[],[],[],[],[],0,0,0,0,0,0,0,0,0,0,0,0,0,0,0,0,0,0,,,,0,,0,0,,,0,0,,,0,0,No_Change,positive,stable,stable,negative,stable,True,False,False,True,False,False,0,24,False,0,0,7507.01,0.1650193695,-636.92,-0.0140007988,39707.44,0.8728504041,10465.3833333333,668.2833333333,0.0833529223,2853.93,-849.08,-668.2833333333,normal,False,,No driver activity this period.,0 transactions
ACC-0020,6,SMB,Energy,Annual,0.1079,stable,16.498,-0.000514,0.063683,0.010108,1,inf,0,1617.68,1560.53,5,1617.68,13.534,0.05,0.02,0,0.1079,0,0,0,increase,2.964,0.21900399,0.013683,-0.009892,1,inf,0,,,,0,,0,[],[],[],[],[],0,0,0,0,0,0,0,0,0,0,0,0,0,0,0,0,0,0,,,,0,,0,0,,,0,0,,,0,0,No_Change,stable,positive,stable,stable,stable,False,True,False,False,False,False,0,25,False,0,0,-1722.76,-0.0378697736,0,0,39707.44,0.8728504041,,,,,,,insufficient_history,False,,No driver activity this period.,0 transactions
ACC-0024,6,SMB,Healthcare,Multi-Year,0.1719,stable,8.9786,-0.020127,0.045283,0.019883,1,-0.5,0,823.61,912.14,5,823.61,8.9967,0.042989,0.01095,2,0.1719,0,0,0,increase,-0.0181,-0.0020118488,0.002294,0.008933,-1,-0.5,0,,,,0,,0,[],[],[],[],[],0,0,0,0,0,0,0,0,0,0,0,0,0,0,0,0,0,0,,,,0,,0,0,,,0,0,,,0,0,No_Change,negative,stable,stable,stable,stable,True,False,False,False,False,False,0,26,False,0,0,-1722.76,-0.0378697736,890.27,0.0195699478,5257.7,0.1155749545,823.61,0,0,0,0,0,normal,False,,No driver activity this period.,0 transactions
ACC-0027,6,Mid-Market,Healthcare,Monthly,0.1456,growth,39.756,0.0399,0.073083,0.012773,2,-0.3333333333,0,4760.49,4760.49,5,3870.22,38.6497,0.064224,0.017402,3,0.1456,890.27,0.230030851,890.27,increase,1.1063,0.0286237668,0.008859,-0.004629,-1,-0.3333333333,0,INV-2025-06-007,2025-06-23T10:00:00,Expansion,890.27,Seat_Add,1,"[""INV-2025-06-007""]","[""2025-06-23T10:00:00""]","[""Expansion""]",[890.27],"[""Seat_Add""]",890.27,0,890.27,0,0,890.27,0,0,0,0,0,0,1,0,0,0,0,0,INV-2025-06-007,2025-06-23T10:00:00,Expansion,890.27,Seat_Add,890.27,0,Expansion,Seat_Add,890.27,1,,,0,0,Expansion,positive,stable,stable,stable,stable,True,False,False,False,False,False,0.0950842758,4,True,890.27,0.0195699478,7507.01,0.1650193695,890.27,0.0195699478,526.55,0.0115746414,,,,,,,insufficient_history,False,,Expansion +890.2700,1 transactions; largest INV-2025-06-007 +890.2700 (Seat_Add)
ACC-0028,6,SMB,Education,Monthly,0.0925,stable,12.7081,0.03982,0.079319,0.022263,2,1,0,2077.65,2077.65,5,2077.65,9.3325,0.071185,0.014871,1,0.0925,0,0,0,increase,3.3756,0.3617037235,0.008134,0.007392,1,1,0,,,,0,,0,[],[],[],[],[],0,0,0,0,0,0,0,0,0,0,0,0,0,0,0,0,0,0,,,,0,,0,0,,,0,0,,,0,0,No_Change,positive,stable,stable,stable,stable,True,False,False,False,False,False,0,27,False,0,0,-1722.76,-0.0378697736,-843.76,-0.0185475633,526.55,0.0115746414,2077.65,0,0,0,0,0,normal,False,,No driver activity this period.,0 transactions
ACC-0033,6,Mid-Market,Real Estate,Monthly,0.1922,growth,30.9528,0.0855,0.051958,0.020607,2,0,0,3894.58,3894.58,5,3473.05,28.0885,0.048731,0.014279,2,0.1922,421.53,0.121371705,421.53,increase,2.8643,0.1019741175,0.003227,0.006328,0,0,0,INV-2025-06-008,2025-06-24T10:00:00,Expansion,421.53,Seat_Add,1,"[""INV-2025-06-008""]","[""2025-06-24T10:00:00""]","[""Expansion""]",[421.53],"[""Seat_Add""]",421.53,0,421.53,0,0,421.53,0,0,0,0,0,0,1,0,0,0,0,0,INV-2025-06-008,2025-06-24T10:00:00,Expansion,421.53,Seat_Add,421.53,0,Expansion,Seat_Add,421.53,1,,,0,0,Expansion,positive,stable,stable,stable,stable,True,False,False,False,False,False,0.0493804283,7,False,421.53,0.0092660879,7507.01,0.1650193695,-636.92,-0.0140007988,526.55,0.0115746414,3395.3633333333,38.8433333333,0.0115725017,116.53,0,382.6866666667,unusual_increase,False,,Expansion +421.5300,1 transactions; largest INV-2025-06-008 +421.5300 (Seat_Add)
ACC-0037,6,SMB,Technology,Multi-Year,0.1992,stable,12.9794,0.084239,0.050764,0.078523,2,1,0,768.94,768.94,5,768.94,13.1858,0.057906,0.023072,1,0.1992,0,0,0,increase,-0.2064,-0.0156532027,-0.007142,0.055451,1,1,0,,,,0,,0,[],[],[],[],[],0,0,0,0,0,0,0,0,0,0,0,0,0,0,0,0,0,0,,,,0,,0,0,,,0,0,,,0,0,No_Change,positive,stable,negative,stable,stable,True,False,True,False,False,False,0,28,False,0,0,-1722.76,-0.0378697736,47037.65,1.0339833495,5257.7,0.1155749545,768.94,0,0,0,0,0,normal,False,,No driver activity this period.,0 transactions
ACC-0040,6,SMB,Healthcare,Multi-Year,0.0269,stable,12.8238,0.053386,0.061712,0.013896,1,inf,0,1933.32,2248.35,5,1933.32,11.8646,0.056554,0.0124,0,0.0269,0,0,0,increase,0.9592,0.0808455405,0.005158,0.001496,1,inf,0,,,,0,,0,[],[],[],[],[],0,0,0,0,0,0,0,0,0,0,0,0,0,0,0,0,0,0,,,,0,,0,0,,,0,0,,,0,0,No_Change,positive,stable,stable,stable,stable,True,False,False,False,False,False,0,29,False,0,0,-1722.76,-0.0378697736,890.27,0.0195699478,5257.7,0.1155749545,,,,,,,insufficient_history,False,,No driver activity this period.,0 transactions
ACC-0043,6,SMB,Media,Annual,0.0855,stable,6.8799,0.094263,0.083842,0.011106,1,0,0,515.26,515.26,5,515.26,7.4427,0.088315,0.016998,1,0.0855,0,0,0,increase,-0.5628,-0.0756177194,-0.004473,-0.005892,0,0,0,,,,0,,0,[],[],[],[],[],0,0,0,0,0,0,0,0,0,0,0,0,0,0,0,0,0,0,,,,0,,0,0,,,0,0,,,0,0,No_Change,positive,stable,stable,stable,stable,True,False,False,False,False,False,0,30,False,0,0,-1722.76,-0.0378697736,0,0,39707.44,0.8728504041,498.6866666667,16.5733333333,0.0356002349,49.72,0,-16.5733333333,normal,False,,No driver activity this period.,0 transactions
ACC-0044,6,Mid-Market,Energy,Annual,0.0296,stable,29.9766,0.121748,0.05761,0.022216,1,inf,0,6353.23,6353.23,5,6353.23,30.3406,0.05,0.02,0,0.0296,0,0,0,increase,-0.364,-0.011997126,0.00761,0.002216,1,inf,0,,,,0,,0,[],[],[],[],[],0,0,0,0,0,0,0,0,0,0,0,0,0,0,0,0,0,0,,,,0,,0,0,,,0,0,,,0,0,No_Change,positive,stable,stable,stable,stable,True,False,False,False,False,False,0,31,False,0,0,7507.01,0.1650193695,0,0,39707.44,0.8728504041,,,,,,,insufficient_history,False,,No driver activity this period.,0 transactions
ACC-0046,6,Enterprise,Retail,Multi-Year,0.0473,stable,597.4512,0.042806,0.05,0.02,0,,0,107548.7,145953.35,,,,,,,0.0473,0,0,0,increase,,,,,,,,INV-2025-06-009,2025-06-14T10:00:00,New_ARR,107548.7,New_Logo_Signed,1,"[""INV-2025-06-009""]","[""2025-06-14T10:00:00""]","[""New_ARR""]",[107548.7],"[""New_Logo_Signed""]",107548.7,0,107548.7,0,107548.7,0,0,0,0,0,0,1,0,0,0,0,0,0,INV-2025-06-009,2025-06-14T10:00:00,New_ARR,107548.7,New_Logo_Signed,107548.7,0,New_ARR,New_Logo_Signed,107548.7,1,,,0,0,New_ARR,positive,unknown,unknown,unknown,stable,True,False,False,False,False,False,0,32,False,0,0,39707.44,0.8728504041,0,0,5257.7,0.1155749545,,,,,,,insufficient_history,False,,"New_ARR +107,548.7000","1 transactions; largest INV-2025-06-009 +107,548.7000 (New_Logo_Signed)"
ACC-0049,6,SMB,Manufacturing,Monthly,0.0557,growth,9.1437,-0.014632,0.049397,0.024171,1,inf,0,1427.45,1427.45,5,1154.25,9.0476,0.039904,0.013228,0,0.0557,273.2,0.2366904917,273.2,increase,0.0961,0.0106216013,0.009493,0.010943,1,inf,0,INV-2025-06-010,2025-06-19T10:00:00,Expansion,273.2,Seat_Add,1,"[""INV-2025-06-010""]","[""2025-06-19T10:00:00""]","[""Expansion""]",[273.2],"[""Seat_Add""]",273.2,0,273.2,0,0,273.2,0,0,0,0,0,0,1,0,0,0,0,0,INV-2025-06-010,2025-06-19T10:00:00,Expansion,273.2,Seat_Add,273.2,0,Expansion,Seat_Add,273.2,1,,,0,0,Expansion,stable,stable,negative,stable,stable,False,False,True,False,False,False,0.0873138818,6,False,273.2,0.0060054924,-1722.76,-0.0378697736,273.2,0.0060054924,526.55,0.0115746414,1127.0066666667,27.2433333333,0.0254012357,81.73,0,245.9566666667,unusual_increase,False,,Expansion +273.2000,1 transactions; largest INV-2025-06-010 +273.2000 (Seat_Add)
ACC-0055,6,SMB,Education,Annual,0.0758,stable,5.6949,0.013964,0.05,0.02,0,,0,962.09,962.09,,,,,,,0.0758,0,0,0,increase,,,,,,,,INV-2025-06-011,2025-06-13T10:00:00,New_ARR,962.09,New_Logo_Signed,1,"[""INV-2025-06-011""]","[""2025-06-13T10:00:00""]","[""New_ARR""]",[962.09],"[""New_Logo_Signed""]",962.09,0,962.09,0,962.09,0,0,0,0,0,0,1,0,0,0,0,0,0,INV-2025-06-011,2025-06-13T10:00:00,New_ARR,962.09,New_Logo_Signed,962.09,0,New_ARR,New_Logo_Signed,962.09,1,,,0,0,New_ARR,stable,unknown,unknown,unknown,stable,False,False,False,False,False,False,0,33,False,0,0,-1722.76,-0.0378697736,-843.76,-0.0185475633,39707.44,0.8728504041,,,,,,,insufficient_history,False,,New_ARR +962.0900,1 transactions; largest INV-2025-06-011 +962.0900 (New_Logo_Signed)
ACC-0057,6,SMB,Media,Annual,0.192,stable,4.3477,0.12225,0.05,0.02,0,,0,924.33,924.33,,,,,,,0.192,0,0,0,increase,,,,,,,,INV-2025-06-012,2025-06-16T10:00:00,New_ARR,924.33,New_Logo_Signed,1,"[""INV-2025-06-012""]","[""2025-06-16T10:00:00""]","[""New_ARR""]",[924.33],"[""New_Logo_Signed""]",924.33,0,924.33,0,924.33,0,0,0,0,0,0,1,0,0,0,0,0,0,INV-2025-06-012,2025-06-16T10:00:00,New_ARR,924.33,New_Logo_Signed,924.33,0,New_ARR,New_Logo_Signed,924.33,1,,,0,0,New_ARR,positive,unknown,unknown,unknown,stable,True,False,False,False,False,False,0,34,False,0,0,-1722.76,-0.0378697736,0,0,39707.44,0.8728504041,,,,,,,insufficient_history,False,,New_ARR +924.3300,1 transactions; largest INV-2025-06-012 +924.3300 (New_Logo_Signed)
ACC-0059,6,SMB,Fintech,Monthly,0.095,stable,8.8185,0.113791,0.08341,0.02311,2,0,0,1211.77,1356.18,5,1211.77,4.8445,0.069363,0.017443,2,0.095,0,0,0,increase,3.974,0.8203116937,0.014047,0.005667,0,0,0,,,,0,,0,[],[],[],[],[],0,0,0,0,0,0,0,0,0,0,0,0,0,0,0,0,0,0,,,,0,,0,0,,,0,0,,,0,0,No_Change,positive,positive,stable,stable,stable,True,True,False,False,False,False,0,35,False,0,0,-1722.76,-0.0378697736,-1228.75,-0.0270104276,526.55,0.0115746414,1211.77,0,0,0,0,0,normal,False,,No driver activity this period.,0 transactions
ACC-0060,6,Mid-Market,Education,Monthly,0.0488,stable,103.2197,0.043935,0.105436,0.01439,2,-0.3333333333,0,12230.26,12230.26,5,12230.26,103.6777,0.094042,0.011146,3,0.0488,0,0,0,increase,-0.458,-0.0044175363,0.011394,0.003244,-1,-0.3333333333,0,,,,0,,0,[],[],[],[],[],0,0,0,0,0,0,0,0,0,0,0,0,0,0,0,0,0,0,,,,0,,0,0,,,0,0,,,0,0,No_Change,positive,positive,stable,stable,stable,True,True,False,False,False,False,0,36,False,0,0,7507.01,0.1650193695,-843.76,-0.0185475633,526.55,0.0115746414,12230.26,0,0,0,0,0,normal,False,,No driver activity this period.,0 transactions
ACC-0061,6,SMB,Real Estate,Monthly,0.1115,growth,2.9573,0.124045,0.045661,0.010359,1,0,1,669.9,669.9,5,593.35,1.6197,0.052631,0.019489,1,0.1115,76.55,0.12901323,76.55,increase,1.3376,0.8258319442,-0.00697,-0.00913,0,0,0,INV-2025-06-013,2025-06-07T10:00:00,Expansion,76.55,Plan_Upgrade,1,"[""INV-2025-06-013""]","[""2025-06-07T10:00:00""]","[""Expansion""]",[76.55],"[""Plan_Upgrade""]",76.55,0,76.55,0,0,76.55,0,0,0,0,0,0,1,0,0,0,0,0,INV-2025-06-013,2025-06-07T10:00:00,Expansion,76.55,Plan_Upgrade,76.55,0,Expansion,Plan_Upgrade,76.55,1,,,0,0,Expansion,positive,stable,stable,stable,negative,True,False,False,False,True,False,0.0464077332,8,False,76.55,0.0016827249,-1722.76,-0.0378697736,-636.92,-0.0140007988,526.55,0.0115746414,,,,,,,insufficient_history,False,,Expansion +76.5500,1 transactions; largest INV-2025-06-013 +76.5500 (Plan_Upgrade)
ACC-0065,6,SMB,Energy,Multi-Year,0.0161,stable,14.5678,-0.050653,0.065264,0.018408,0,,0,1142.68,1142.68,5,1142.68,12.1208,0.05,0.02,0,0.0161,0,0,0,increase,2.447,0.2018843641,0.015264,-0.001592,0,,0,,,,0,,0,[],[],[],[],[],0,0,0,0,0,0,0,0,0,0,0,0,0,0,0,0,0,0,,,,0,,0,0,,,0,0,,,0,0,No_Change,negative,positive,stable,stable,stable,True,True,False,False,False,False,0,37,False,0,0,-1722.76,-0.0378697736,0,0,5257.7,0.1155749545,,,,,,,insufficient_history,False,,No driver activity this period.,0 transactions
ACC-0070,6,Enterprise,Technology,Annual,0.1814,growth,612.7364,0.1076,0.072383,0.01738,2,0,0,145768.97,177471.85,5,106061.53,596.6134,0.067257,0.081162,2,0.1814,39707.44,0.3743811729,39707.44,increase,16.123,0.0270242003,0.005126,-0.063782,0,0,0,INV-2025-06-014,2025-06-17T10:00:00,Expansion,36791.99,Feature_Upgrade,2,"[""INV-2025-06-014"", ""INV-2025-06-015""]","[""2025-06-17T10:00:00"", ""2025-06-22T10:00:00""]","[""Expansion"", ""Usage_Overage""]","[36791.99, 2915.45]","[""Feature_Upgrade"", ""Usage_Above_Commit""]",39707.44,0,39707.44,0,0,36791.99,0,0,0,0,2915.45,0,0.9265767322,0,0,0,0,0.0734232678,INV-2025-06-014,2025-06-17T10:00:00,Expansion,36791.99,Feature_Upgrade,36791.99,0,Expansion,Feature_Upgrade,36791.99,0.9265767322,Usage_Overage,Usage_Above_Commit,2915.45,0.0734232678,Expansion,positive,stable,positive,stable,stable,True,False,False,False,False,False,0.7810334105,1,True,39707.44,0.8728504041,39707.44,0.8728504041,47037.65,1.0339833495,39707.44,0.8728504041,98203.9233333333,7857.6066666667,0.0952567529,23572.82,0,31849.8333333333,unusual_increase,False,,"Expansion +36,791.9900; Usage_Overage +2,915.4500","2 transactions; largest INV-2025-06-014 +36,791.9900 (Feature_Upgrade)"
ACC-0001,7,Enterprise,Technology,Annual,0.049,stable,358.8437,-0.037837,0.105364,0.014051,2,0,0,42511.23,42511.23,6,42511.23,355.8925,0.1023,0.015118,2,0.049,0,0,0,increase,2.9512,0.0082923917,0.003064,-0.001067,0,0,0,,,,0,,0,[],[],[],[],[],0,0,0,0,0,0,0,0,0,0,0,0,0,0,0,0,0,0,,,,0,,0,0,,,0,0,,,0,0,No_Change,negative,stable,stable,stable,stable,True,False,False,False,False,False,0,11,False,0,0,70107.53,1.0173846706,31702.88,0.4600650476,29956.94,0.4347283599,42511.23,0,0,0,0,0,normal,False,,No driver activity this period.,0 transactions
ACC-0002,7,Enterprise,Healthcare,Annual,0.0064,stable,529.5206,0.039325,0.106995,0.011894,2,1,0,61527.77,61527.77,6,61527.77,525.9738,0.097435,0.021633,1,0.0064,0,0,0,increase,3.5468,0.0067433017,0.00956,-0.009739,1,1,0,,,,0,,0,[],[],[],[],[],0,0,0,0,0,0,0,0,0,0,0,0,0,0,0,0,0,0,,,,0,,0,0,,,0,0,,,0,0,No_Change,positive,stable,stable,stable,stable,True,False,False,False,False,False,0,12,False,0,0,70107.53,1.0173846706,281.81,0.0040895632,29956.94,0.4347283599,60351.8466666667,1175.9233333333,0.0202745402,3527.77,0,-1175.9233333333,normal,False,,No driver activity this period.,0 transactions
ACC-0003,7,Mid-Market,Real Estate,Monthly,0.13,stable,31.8514,0.147381,0.040944,0.018833,0,,0,4120.51,4120.51,6,4120.51,27.7862,0.04699,0.01894,0,0.13,0,0,0,increase,4.0652,0.146302841,-0.006046,-0.000107,0,,0,,,,0,,0,[],[],[],[],[],0,0,0,0,0,0,0,0,0,0,0,0,0,0,0,0,0,0,,,,0,,0,0,,,0,0,,,0,0,No_Change,positive,stable,stable,stable,stable,True,False,False,False,False,False,0,13,False,0,0,318.67,0.0046244672,0,0,144.41,0.0020956454,,,,,,,insufficient_history,False,,No driver activity this period.,0 transactions
ACC-0004,7,SMB,Fintech,Annual,0.0319,decline,32.7125,0.1309,0.077284,0.011265,2,0,0,4951.93,4951.93,6,5973.39,32.2029,0.062955,0.021877,2,0.0319,-1021.46,-0.171001726,1021.46,decrease,0.5096,0.0158246618,0.014329,-0.010612,0,0,0,CR-2025-07-001,2025-07-16T10:00:00,Contraction,-1021.46,Contract_Downgrade,1,"[""CR-2025-07-001""]","[""2025-07-16T10:00:00""]","[""Contraction""]",[-1021.46],"[""Contract_Downgrade""]",-1021.46,0,0,-1021.46,0,0,-1021.46,0,0,0,0,0,0,1,0,0,0,0,CR-2025-07-001,2025-07-16T10:00:00,Contraction,-1021.46,Contract_Downgrade,0,-1021.46,Contraction,Contract_Downgrade,-1021.46,1,,,0,0,Contraction,positive,positive,positive,stable,stable,True,True,False,False,False,False,0.1848943725,5,False,-1021.46,-0.0148231972,-1516.64,-0.0220091378,-877.05,-0.0127275519,29956.94,0.4347283599,5973.39,0,0,0,0,-1021.46,normal,False,,"Contraction -1,021.4600","1 transactions; largest CR-2025-07-001 -1,021.4600 (Contract_Downgrade)"
ACC-0005,7,SMB,Energy,Monthly,0.076,stable,23.2268,0.149612,0.069046,0.020191,2,0,0,1628.2,1628.2,6,1628.2,24.7016,0.05992,0.020902,2,0.076,0,0,0,increase,-1.4748,-0.0597046345,0.009126,-0.000711,0,0,0,,,,0,,0,[],[],[],[],[],0,0,0,0,0,0,0,0,0,0,0,0,0,0,0,0,0,0,,,,0,,0,0,,,0,0,,,0,0,No_Change,positive,stable,stable,stable,stable,True,False,False,False,False,False,0,14,False,0,0,-1516.64,-0.0220091378,-57.15,-0.0008293479,144.41,0.0020956454,1628.2,0,0,0,0,0,normal,False,,No driver activity this period.,0 transactions
ACC-0006,7,Mid-Market,Media,Annual,0.1946,stable,441.1277,0.062577,0.082294,0.021642,2,0,0,72964.27,72964.27,6,72964.27,442.9412,0.078056,0.015525,2,0.1946,0,0,0,increase,-1.8135,-0.0040942229,0.004238,0.006117,0,0,0,,,,0,,0,[],[],[],[],[],0,0,0,0,0,0,0,0,0,0,0,0,0,0,0,0,0,0,,,,0,,0,0,,,0,0,,,0,0,No_Change,positive,stable,stable,stable,stable,True,False,False,False,False,False,0,15,False,0,0,318.67,0.0046244672,0,0,29956.94,0.4347283599,72964.27,0,0,0,0,0,normal,False,,No driver activity this period.,0 transactions
ACC-0007,7,Mid-Market,Technology,Multi-Year,0.0723,stable,121.4261,0.09101,0.071954,0.021482,2,-0.5,0,28916.55,29622.86,6,28916.55,120.2017,0.0773,0.010341,4,0.0723,0,0,0,increase,1.2244,0.010186212,-0.005346,0.011141,-2,-0.5,0,,,,0,,0,[],[],[],[],[],0,0,0,0,0,0,0,0,0,0,0,0,0,0,0,0,0,0,,,,0,,0,0,,,0,0,,,0,0,No_Change,positive,stable,negative,positive,stable,True,False,True,False,False,False,0,16,False,0,0,318.67,0.0046244672,31702.88,0.4600650476,38808.21,0.5631759947,24029.7433333333,2443.4033333333,0.1131921082,7330.21,0,-2443.4033333333,normal,False,,No driver activity this period.,0 transactions
ACC-0008,7,SMB,Logistics,Multi-Year,0.1711,stable,20.8396,-0.03061,0.082533,0.015109,2,0,0,911.54,0,6,911.54,16.0194,0.090922,0.018108,2,0.1711,0,0,0,increase,4.8202,0.3008976616,-0.008389,-0.002999,0,0,0,,,,0,,0,[],[],[],[],[],0,0,0,0,0,0,0,0,0,0,0,0,0,0,0,0,0,0,,,,0,,0,0,,,0,0,,,0,0,No_Change,negative,stable,stable,stable,stable,True,False,False,False,False,False,0,17,False,0,0,-1516.64,-0.0220091378,0,0,38808.21,0.5631759947,911.54,0,0,0,0,0,normal,False,,No driver activity this period.,0 transactions
ACC-0009,7,SMB,Energy,Monthly,0.0711,stable,64.3668,-0.008246,0.044628,0.011373,1,inf,1,11272.75,12470.11,6,11272.75,60.8796,0.05,0.02,0,0.0711,0,0,0,increase,3.4872,0.0572802712,-0.005372,-0.008627,1,inf,0,,,,0,,0,[],[],[],[],[],0,0,0,0,0,0,0,0,0,0,0,0,0,0,0,0,0,0,,,,0,,0,0,,,0,0,,,0,0,No_Change,stable,stable,stable,stable,negative,False,False,False,False,True,False,0,18,False,0,0,-1516.64,-0.0220091378,-57.15,-0.0008293479,144.41,0.0020956454,,,,,,,insufficient_history,False,,No driver activity this period.,0 transactions
ACC-0010,7,SMB,Healthcare,Annual,0.0342,decline,24.8317,0.133024,0.041608,0.010144,3,inf,0,4102.11,4102.11,6,4542.53,24.1579,0.05,0.02,0,0.0342,-440.42,-0.0969547807,440.42,decrease,0.6738,0.0278914972,-0.008392,-0.009856,3,inf,0,CR-2025-07-002,2025-07-24T10:00:00,Contraction,-378.72,Seat_Reduction,2,"[""CR-2025-07-002"", ""CR-2025-07-003""]","[""2025-07-24T10:00:00"", ""2025-08-03T10:00:00""]","[""Contraction"", ""Refund""]","[-378.72, -61.7]","[""Seat_Reduction"", ""Billing_Adjustment""]",-440.42,0,0,-440.42,0,0,-378.72,0,0,-61.7,0,0,0,0.8599064529,0,0,0.1400935471,0,CR-2025-07-002,2025-07-24T10:00:00,Contraction,-378.72,Seat_Reduction,0,-378.72,Contraction,Seat_Reduction,-378.72,0.8599064529,Refund,Billing_Adjustment,-61.7,0.1400935471,Contraction,positive,stable,stable,negative,stable,True,False,False,True,False,False,0.1024836633,9,False,-440.42,-0.0063912758,-1516.64,-0.0220091378,281.81,0.0040895632,29956.94,0.4347283599,,,,,,,insufficient_history,False,,Contraction -378.7200; Refund -61.7000,2 transactions; largest CR-2025-07-002 -378.7200 (Seat_Reduction)
ACC-0011,7,SMB,Real Estate,Monthly,0.0649,stable,26.4837,0.144606,0.064536,0.016562,3,0,0,2625.32,2625.32,6,2625.32,23.1412,0.055041,0.011254,3,0.0649,0,0,0,increase,3.3425,0.1444393549,0.009495,0.005308,0,0,0,,,,0,,0,[],[],[],[],[],0,0,0,0,0,0,0,0,0,0,0,0,0,0,0,0,0,0,,,,0,,0,0,,,0,0,,,0,0,No_Change,positive,stable,stable,stable,stable,True,False,False,False,False,False,0,19,False,0,0,-1516.64,-0.0220091378,0,0,144.41,0.0020956454,2625.32,172.45,0.0818085646,517.35,0,-172.45,normal,False,,No driver activity this period.,0 transactions
ACC-0012,7,SMB,Education,Monthly,0.0422,stable,190.1211,0.017473,0.055001,0.021638,2,1,0,37325.79,0,6,37325.79,190.423,0.053953,0.01491,1,0.0422,0,0,0,increase,-0.3019,-0.0015854177,0.001048,0.006728,1,1,0,,,,0,,0,[],[],[],[],[],0,0,0,0,0,0,0,0,0,0,0,0,0,0,0,0,0,0,,,,0,,0,0,,,0,0,,,0,0,No_Change,stable,stable,stable,stable,stable,False,False,False,False,False,False,0,20,False,0,0,-1516.64,-0.0220091378,0,0,144.41,0.0020956454,,,,,,,insufficient_history,False,,No driver activity this period.,0 transactions
ACC-0013,7,Mid-Market,Media,Monthly,0.0279,stable,50.1714,-0.016909,0.044271,0.013472,5,inf,0,9237.22,9237.22,6,9237.22,45.3635,0.05,0.02,0,0.0279,0,0,0,increase,4.8079,0.1059860901,-0.005729,-0.006528,5,inf,0,,,,0,,0,[],[],[],[],[],0,0,0,0,0,0,0,0,0,0,0,0,0,0,0,0,0,0,,,,0,,0,0,,,0,0,,,0,0,No_Change,stable,stable,stable,negative,stable,False,False,False,True,False,False,0,21,False,0,0,318.67,0.0046244672,0,0,144.41,0.0020956454,,,,,,,insufficient_history,False,,No driver activity this period.,0 transactions
ACC-0014,7,SMB,Education,Multi-Year,0.0799,stable,48.857,0.137785,0.055462,0.01911,3,-0.4,0,10355.14,8393.47,6,10355.14,44.6045,0.044327,0.015632,5,0.0799,0,0,0,increase,4.2525,0.0953379143,0.011135,0.003478,-2,-0.4,0,,,,0,,0,[],[],[],[],[],0,0,0,0,0,0,0,0,0,0,0,0,0,0,0,0,0,0,,,,0,,0,0,,,0,0,,,0,0,No_Change,positive,positive,stable,positive,stable,True,True,False,False,False,False,0,22,False,0,0,-1516.64,-0.0220091378,0,0,38808.21,0.5631759947,10917.6466666667,495.3533333333,0.0624490137,2329.82,-843.76,-495.3533333333,normal,False,,No driver activity this period.,0 transactions
ACC-0016,7,SMB,Education,Annual,0.0936,stable,19.4158,0.0451,0.102094,0.016138,1,0,0,2193.72,2048.58,6,2193.72,21.0374,0.086466,0.024165,1,0.0936,0,0,0,increase,-1.6216,-0.0770817687,0.015628,-0.008027,0,0,0,,,,0,,0,[],[],[],[],[],0,0,0,0,0,0,0,0,0,0,0,0,0,0,0,0,0,0,,,,0,,0,0,,,0,0,,,0,0,No_Change,positive,positive,stable,stable,stable,True,True,False,False,False,False,0,23,False,0,0,-1516.64,-0.0220091378,0,0,29956.94,0.4347283599,2193.72,0,0,0,0,0,normal,False,,No driver activity this period.,0 transactions
ACC-0017,7,Mid-Market,Healthcare,Annual,0.1074,growth,23.865,0.14613,0.078894,0.010432,2,0,0,1304.14,1304.14,6,985.47,20.5012,0.083456,0.011696,2,0.1074,318.67,0.323368545,318.67,increase,3.3638,0.1640782003,-0.004562,-0.001264,0,0,0,INV-2025-07-001,2025-07-03T10:00:00,Expansion,318.67,Feature_Upgrade,1,"[""INV-2025-07-001""]","[""2025-07-03T10:00:00""]","[""Expansion""]",[318.67],"[""Feature_Upgrade""]",318.67,0,318.67,0,0,318.67,0,0,0,0,0,0,1,0,0,0,0,0,INV-2025-07-001,2025-07-03T10:00:00,Expansion,318.67,Feature_Upgrade,318.67,0,Expansion,Feature_Upgrade,318.67,1,,,0,0,Expansion,positive,stable,stable,stable,stable,True,False,False,False,False,False,0.3223408837,3,True,318.67,0.0046244672,318.67,0.0046244672,281.81,0.0040895632,29956.94,0.4347283599,985.47,-20.9733333333,-0.0200052779,0,-62.92,339.6433333333,normal,False,,Expansion +318.6700,1 transactions; largest INV-2025-07-001 +318.6700 (Feature_Upgrade)
ACC-0018,7,SMB,Retail,Annual,0.1908,decline,16.5417,-0.048702,0.061139,0.018199,1,inf,0,1892.57,1793.32,6,2438.15,12.4094,0.05,0.02,0,0.1908,-545.58,-0.2237680208,545.58,decrease,4.1323,0.3329975664,0.011139,-0.001801,1,inf,0,CR-2025-07-004,2025-07-19T10:00:00,Contraction,-545.58,Seat_Reduction,1,"[""CR-2025-07-004""]","[""2025-07-19T10:00:00""]","[""Contraction""]",[-545.58],"[""Seat_Reduction""]",-545.58,0,0,-545.58,0,0,-545.58,0,0,0,0,0,0,1,0,0,0,0,CR-2025-07-004,2025-07-19T10:00:00,Contraction,-545.58,Seat_Reduction,0,-545.58,Contraction,Seat_Reduction,-545.58,1,,,0,0,Contraction,negative,positive,stable,stable,stable,True,True,False,False,False,False,0.2285585967,4,True,-545.58,-0.007917334,-1516.64,-0.0220091378,37859.07,0.549402289,29956.94,0.4347283599,,,,,,,insufficient_history,False,,Contraction -545.5800,1 transactions; largest CR-2025-07-004 -545.5800 (Seat_Reduction)
ACC-0019,7,Mid-Market,Real Estate,Annual,0.1741,stable,38.9323,0.139823,0.050219,0.014925,4,-0.3333333333,0,10850.64,10327.37,6,10850.64,38.9363,0.058124,0.011473,6,0.1741,0,0,0,increase,-0.004,-0.0001027319,-0.007905,0.003452,-2,-0.3333333333,0,,,,0,,0,[],[],[],[],[],0,0,0,0,0,0,0,0,0,0,0,0,0,0,0,0,0,0,,,,0,,0,0,,,0,0,,,0,0,No_Change,positive,stable,stable,positive,stable,True,False,False,False,False,False,0,24,False,0,0,318.67,0.0046244672,0,0,29956.94,0.4347283599,11133.6666666667,668.2833333333,0.0833529223,2853.93,-849.08,-668.2833333333,normal,False,,No driver activity this period.,0 transactions
ACC-0020,7,SMB,Energy,Annual,0.1079,decline,17.1506,0.1089,0.071244,0.01847,1,0,0,1560.53,1560.53,6,1617.68,16.498,0.063683,0.010108,1,0.1079,-57.15,-0.0353283715,57.15,decrease,0.6526,0.0395563099,0.007561,0.008362,0,0,0,CR-2025-07-005,2025-07-24T10:00:00,Contraction,-57.15,Contract_Downgrade,1,"[""CR-2025-07-005""]","[""2025-07-24T10:00:00""]","[""Contraction""]",[-57.15],"[""Contract_Downgrade""]",-57.15,0,0,-57.15,0,0,-57.15,0,0,0,0,0,0,1,0,0,0,0,CR-2025-07-005,2025-07-24T10:00:00,Contraction,-57.15,Contract_Downgrade,0,-57.15,Contraction,Contract_Downgrade,-57.15,1,,,0,0,Contraction,positive,stable,stable,stable,stable,True,False,False,False,False,False,0.0355941181,10,False,-57.15,-0.0008293479,-1516.64,-0.0220091378,-57.15,-0.0008293479,29956.94,0.4347283599,,,,,,,insufficient_history,False,,Contraction -57.1500,1 transactions; largest CR-2025-07-005 -57.1500 (Contract_Downgrade)
ACC-0021,7,SMB,Real Estate,Multi-Year,0.0846,stable,7.9585,0.034653,0.05,0.02,0,,0,1961.58,1961.58,,,,,,,0.0846,0,0,0,increase,,,,,,,,INV-2025-07-002,2025-07-10T10:00:00,New_ARR,1961.58,New_Logo_Signed,1,"[""INV-2025-07-002""]","[""2025-07-10T10:00:00""]","[""New_ARR""]",[1961.58],"[""New_Logo_Signed""]",1961.58,0,1961.58,0,1961.58,0,0,0,0,0,0,1,0,0,0,0,0,0,INV-2025-07-002,2025-07-10T10:00:00,New_ARR,1961.58,New_Logo_Signed,1961.58,0,New_ARR,New_Logo_Signed,1961.58,1,,,0,0,New_ARR,positive,unknown,unknown,unknown,stable,True,False,False,False,False,False,0,25,False,0,0,-1516.64,-0.0220091378,0,0,38808.21,0.5631759947,,,,,,,insufficient_history,False,,"New_ARR +1,961.5800","1 transactions; largest INV-2025-07-002 +1,961.5800 (New_Logo_Signed)"
ACC-0024,7,SMB,Healthcare,Multi-Year,0.1719,growth,13.102,-0.022486,0.05502,0.013839,1,0,1,912.14,912.14,6,823.61,8.9786,0.045283,0.019883,1,0.1719,88.53,0.1074901956,88.53,increase,4.1234,0.4592475442,0.009737,-0.006044,0,0,0,INV-2025-07-003,2025-07-06T10:00:00,Expansion,88.53,Seat_Add,1,"[""INV-2025-07-003""]","[""2025-07-06T10:00:00""]","[""Expansion""]",[88.53],"[""Seat_Add""]",88.53,0,88.53,0,0,88.53,0,0,0,0,0,0,1,0,0,0,0,0,INV-2025-07-003,2025-07-06T10:00:00,Expansion,88.53,Seat_Add,88.53,0,Expansion,Seat_Add,88.53,1,,,0,0,Expansion,negative,stable,stable,stable,negative,True,False,False,False,True,False,0.1068541252,8,False,88.53,0.0012847274,-1516.64,-0.0220091378,281.81,0.0040895632,38808.21,0.5631759947,823.61,0,0,0,0,88.53,normal,False,,Expansion +88.5300,1 transactions; largest INV-2025-07-003 +88.5300 (Seat_Add)
ACC-0027,7,Mid-Market,Healthcare,Monthly,0.1456,stable,39.8451,-0.052289,0.090694,0.077674,2,0,0,4760.49,4760.49,6,4760.49,39.756,0.073083,0.012773,2,0.1456,0,0,0,increase,0.0891,0.0022411711,0.017611,0.064901,0,0,0,,,,0,,0,[],[],[],[],[],0,0,0,0,0,0,0,0,0,0,0,0,0,0,0,0,0,0,,,,0,,0,0,,,0,0,,,0,0,No_Change,negative,positive,negative,stable,stable,True,True,True,False,False,False,0,26,False,0,0,318.67,0.0046244672,281.81,0.0040895632,144.41,0.0020956454,4508.53,-44.7966666667,0.0068992779,890.27,-1024.66,44.7966666667,normal,False,,No driver activity this period.,0 transactions
ACC-0028,7,SMB,Education,Monthly,0.0925,stable,14.8419,0.056791,0.076476,0.017236,1,-0.5,1,2077.65,2077.65,6,2077.65,12.7081,0.079319,0.022263,2,0.0925,0,0,0,increase,2.1338,0.1679086567,-0.002843,-0.005027,-1,-0.5,0,,,,0,,0,[],[],[],[],[],0,0,0,0,0,0,0,0,0,0,0,0,0,0,0,0,0,0,,,,0,,0,0,,,0,0,,,0,0,No_Change,positive,stable,stable,stable,negative,True,False,False,False,True,False,0,27,False,0,0,-1516.64,-0.0220091378,0,0,144.41,0.0020956454,2077.65,0,0,0,0,0,normal,False,,No driver activity this period.,0 transactions
ACC-0033,7,Mid-Market,Real Estate,Monthly,0.1922,stable,29.8032,-0.028932,0.042706,0.024217,2,0,0,3894.58,3894.58,6,3894.58,30.9528,0.051958,0.020607,2,0.1922,0,0,0,increase,-1.1496,-0.0371404203,-0.009252,0.00361,0,0,0,,,,0,,0,[],[],[],[],[],0,0,0,0,0,0,0,0,0,0,0,0,0,0,0,0,0,0,,,,0,,0,0,,,0,0,,,0,0,No_Change,negative,stable,stable,stable,stable,True,False,False,False,False,False,0,28,False,0,0,318.67,0.0046244672,0,0,144.41,0.0020956454,3574.7166666667,179.3533333333,0.0520297367,421.53,0,-179.3533333333,normal,False,,No driver activity this period.,0 transactions
ACC-0037,7,SMB,Technology,Multi-Year,0.1992,stable,11.298,0.137258,0.048374,0.01592,2,0,0,768.94,654.7,6,768.94,12.9794,0.050764,0.078523,2,0.1992,0,0,0,increase,-1.6814,-0.1295437385,-0.00239,-0.062603,0,0,0,,,,0,,0,[],[],[],[],[],0,0,0,0,0,0,0,0,0,0,0,0,0,0,0,0,0,0,,,,0,,0,0,,,0,0,,,0,0,No_Change,positive,stable,positive,stable,stable,True,False,False,False,False,False,0,29,False,0,0,-1516.64,-0.0220091378,31702.88,0.4600650476,38808.21,0.5631759947,768.94,0,0,0,0,0,normal,False,,No driver activity this period.,0 transactions
ACC-0040,7,SMB,Healthcare,Multi-Year,0.0269,growth,12.8612,-0.049976,0.074085,0.024063,1,0,0,2248.35,2248.35,6,1933.32,12.8238,0.061712,0.013896,1,0.0269,315.03,0.1629476755,315.03,increase,0.0374,0.0029164522,0.012373,0.010167,0,0,0,INV-2025-07-004,2025-07-05T10:00:00,Expansion,269.48,Plan_Upgrade,2,"[""INV-2025-07-004"", ""INV-2025-07-005""]","[""2025-07-05T10:00:00"", ""2025-07-10T10:00:00""]","[""Expansion"", ""Usage_Overage""]","[269.48, 45.55]","[""Plan_Upgrade"", ""Usage_Above_Commit""]",315.03,0,315.03,0,0,269.48,0,0,0,0,45.55,0,0.8554105958,0,0,0,0,0.1445894042,INV-2025-07-004,2025-07-05T10:00:00,Expansion,269.48,Plan_Upgrade,269.48,0,Expansion,Plan_Upgrade,269.48,0.8554105958,Usage_Overage,Usage_Above_Commit,45.55,0.1445894042,Expansion,negative,positive,negative,stable,stable,True,True,True,False,False,False,0.1650439005,6,False,315.03,0.0045716443,-1516.64,-0.0220091378,281.81,0.0040895632,38808.21,0.5631759947,1933.32,0,0,0,0,315.03,normal,False,,Expansion +269.4800; Usage_Overage +45.5500,2 transactions; largest INV-2025-07-004 +269.4800 (Plan_Upgrade)
ACC-0043,7,SMB,Media,Annual,0.0855,stable,7.3993,-0.030096,0.103101,0.013284,1,0,0,515.26,487.28,6,515.26,6.8799,0.083842,0.011106,1,0.0855,0,0,0,increase,0.5194,0.0754952834,0.019259,0.002178,0,0,0,,,,0,,0,[],[],[],[],[],0,0,0,0,0,0,0,0,0,0,0,0,0,0,0,0,0,0,,,,0,,0,0,,,0,0,,,0,0,No_Change,negative,positive,stable,stable,stable,True,True,False,False,False,False,0,30,False,0,0,-1516.64,-0.0220091378,0,0,29956.94,0.4347283599,515.26,16.5733333333,0.0356002349,49.72,0,-16.5733333333,normal,False,,No driver activity this period.,0 transactions
ACC-0044,7,Mid-Market,Energy,Annual,0.0296,stable,29.4437,0.005746,0.061109,0.018663,1,0,0,6353.23,6353.23,6,6353.23,29.9766,0.05761,0.022216,1,0.0296,0,0,0,increase,-0.5329,-0.0177771995,0.003499,-0.003553,0,0,0,,,,0,,0,[],[],[],[],[],0,0,0,0,0,0,0,0,0,0,0,0,0,0,0,0,0,0,,,,0,,0,0,,,0,0,,,0,0,No_Change,stable,stable,stable,stable,stable,False,False,False,False,False,False,0,31,False,0,0,318.67,0.0046244672,-57.15,-0.0008293479,29956.94,0.4347283599,,,,,,,insufficient_history,False,,No driver activity this period.,0 transactions
ACC-0046,7,Enterprise,Retail,Multi-Year,0.0473,growth,615.1615,0.12585,0.067393,0.017329,1,inf,0,145953.35,145953.35,6,107548.7,597.4512,0.05,0.02,0,0.0473,38404.65,0.3570907877,38404.65,increase,17.7103,0.0296430905,0.017393,-0.002671,1,inf,0,INV-2025-07-006,2025-07-15T10:00:00,Expansion,35452.23,Seat_Add,2,"[""INV-2025-07-006"", ""INV-2025-07-007""]","[""2025-07-15T10:00:00"", ""2025-07-20T10:00:00""]","[""Expansion"", ""Usage_Overage""]","[35452.23, 2952.42]","[""Seat_Add"", ""Usage_Above_Commit""]",38404.65,0,38404.65,0,0,35452.23,0,0,0,0,2952.42,0,0.9231233718,0,0,0,0,0.0768766282,INV-2025-07-006,2025-07-15T10:00:00,Expansion,35452.23,Seat_Add,35452.23,0,Expansion,Seat_Add,35452.23,0.9231233718,Usage_Overage,Usage_Above_Commit,2952.42,0.0768766282,Expansion,positive,positive,stable,stable,stable,True,True,False,False,False,False,1,1,True,38404.65,0.557319623,70107.53,1.0173846706,37859.07,0.549402289,38808.21,0.5631759947,,,,,,,insufficient_history,False,,"Expansion +35,452.2300; Usage_Overage +2,952.4200","2 transactions; largest INV-2025-07-006 +35,452.2300 (Seat_Add)"
ACC-0049,7,SMB,Manufacturing,Monthly,0.0557,stable,11.5756,-0.029919,0.058764,0.019717,1,0,0,1427.45,1427.45,6,1427.45,9.1437,0.049397,0.024171,1,0.0557,0,0,0,increase,2.4319,0.2659645439,0.009367,-0.004454,0,0,0,,,,0,,0,[],[],[],[],[],0,0,0,0,0,0,0,0,0,0,0,0,0,0,0,0,0,0,,,,0,,0,0,,,0,0,,,0,0,No_Change,negative,stable,stable,stable,stable,True,False,False,False,False,False,0,32,False,0,0,-1516.64,-0.0220091378,0,0,144.41,0.0020956454,1245.3166666667,118.31,0.1042980663,273.2,0,-118.31,normal,False,,No driver activity this period.,0 transactions
ACC-0055,7,SMB,Education,Annual,0.0758,stable,7.5642,0.010524,0.04488,0.019894,1,inf,0,962.09,962.09,6,962.09,5.6949,0.05,0.02,0,0.0758,0,0,0,increase,1.8693,0.3282410578,-0.00512,-0.000106,1,inf,0,,,,0,,0,[],[],[],[],[],0,0,0,0,0,0,0,0,0,0,0,0,0,0,0,0,0,0,,,,0,,0,0,,,0,0,,,0,0,No_Change,stable,stable,stable,stable,stable,False,False,False,False,False,False,0,33,False,0,0,-1516.64,-0.0220091378,0,0,29956.94,0.4347283599,,,,,,,insufficient_history,False,,No driver activity this period.,0 transactions
ACC-0057,7,SMB,Media,Annual,0.192,stable,6.3884,-0.045586,0.043062,0.011653,0,,0,924.33,924.33,6,924.33,4.3477,0.05,0.02,0,0.192,0,0,0,increase,2.0407,0.4693746119,-0.006938,-0.008347,0,,0,,,,0,,0,[],[],[],[],[],0,0,0,0,0,0,0,0,0,0,0,0,0,0,0,0,0,0,,,,0,,0,0,,,0,0,,,0,0,No_Change,negative,stable,stable,stable,stable,True,False,False,False,False,False,0,34,False,0,0,-1516.64,-0.0220091378,0,0,29956.94,0.4347283599,,,,,,,insufficient_history,False,,No driver activity this period.,0 transactions
ACC-0059,7,SMB,Fintech,Monthly,0.095,growth,7.2409,0.104301,0.09805,0.015856,2,0,0,1356.18,1356.18,6,1211.77,8.8185,0.08341,0.02311,2,0.095,144.41,0.1191727803,144.41,increase,-1.5776,-0.1788966378,0.01464,-0.007254,0,0,0,INV-2025-07-008,2025-07-06T10:00:00,Expansion,144.41,Plan_Upgrade,1,"[""INV-2025-07-008""]","[""2025-07-06T10:00:00""]","[""Expansion""]",[144.41],"[""Plan_Upgrade""]",144.41,0,144.41,0,0,144.41,0,0,0,0,0,0,1,0,0,0,0,0,INV-2025-07-008,2025-07-06T10:00:00,Expansion,144.41,Plan_Upgrade,144.41,0,Expansion,Plan_Upgrade,144.41,1,,,0,0,Expansion,positive,positive,stable,stable,stable,True,True,False,False,False,False,0.1192504986,7,False,144.41,0.0020956454,-1516.64,-0.0220091378,-877.05,-0.0127275519,144.41,0.0020956454,1211.77,0,0,0,0,144.41,normal,False,,Expansion +144.4100,1 transactions; largest INV-2025-07-008 +144.4100 (Plan_Upgrade)
ACC-0060,7,Mid-Market,Education,Monthly,0.0488,stable,103.6462,0.127525,0.107761,0.011177,2,0,0,12230.26,10484.04,6,12230.26,103.2197,0.105436,0.01439,2,0.0488,0,0,0,increase,0.4265,0.0041319632,0.002325,-0.003213,0,0,0,,,,0,,0,[],[],[],[],[],0,0,0,0,0,0,0,0,0,0,0,0,0,0,0,0,0,0,,,,0,,0,0,,,0,0,,,0,0,No_Change,positive,stable,stable,stable,stable,True,False,False,False,False,False,0,35,False,0,0,318.67,0.0046244672,0,0,144.41,0.0020956454,12230.26,0,0,0,0,0,normal,False,,No driver activity this period.,0 transactions
ACC-0061,7,SMB,Real Estate,Monthly,0.1115,stable,3.4378,-0.032201,0.04773,0.011785,2,1,0,669.9,711.24,6,669.9,2.9573,0.045661,0.010359,1,0.1115,0,0,0,increase,0.4805,0.1624792885,0.002069,0.001426,1,1,0,,,,0,,0,[],[],[],[],[],0,0,0,0,0,0,0,0,0,0,0,0,0,0,0,0,0,0,,,,0,,0,0,,,0,0,,,0,0,No_Change,negative,stable,stable,stable,stable,True,False,False,False,False,False,0,36,False,0,0,-1516.64,-0.0220091378,0,0,144.41,0.0020956454,618.8666666667,25.5166666667,0.04300441,76.55,0,-25.5166666667,normal,False,,No driver activity this period.,0 transactions
ACC-0065,7,SMB,Energy,Multi-Year,0.0161,stable,13.3817,0.059316,0.057981,0.018867,1,inf,0,1142.68,1142.68,6,1142.68,14.5678,0.065264,0.018408,0,0.0161,0,0,0,increase,-1.1861,-0.0814192946,-0.007283,0.000459,1,inf,0,,,,0,,0,[],[],[],[],[],0,0,0,0,0,0,0,0,0,0,0,0,0,0,0,0,0,0,,,,0,,0,0,,,0,0,,,0,0,No_Change,positive,stable,stable,stable,stable,True,False,False,False,False,False,0,37,False,0,0,-1516.64,-0.0220091378,-57.15,-0.0008293479,38808.21,0.5631759947,,,,,,,insufficient_history,False,,No driver activity this period.,0 transactions
ACC-0070,7,Enterprise,Technology,Annual,0.1814,growth,634.7086,-0.045907,0.087772,0.01915,2,0,0,177471.85,177471.85,6,145768.97,612.7364,0.072383,0.01738,2,0.1814,31702.88,0.2174871648,31702.88,increase,21.9722,0.0358591394,0.015389,0.00177,0,0,0,INV-2025-07-009,2025-07-22T10:00:00,Expansion,31702.88,Seat_Add,1,"[""INV-2025-07-009""]","[""2025-07-22T10:00:00""]","[""Expansion""]",[31702.88],"[""Seat_Add""]",31702.88,0,31702.88,0,0,31702.88,0,0,0,0,0,0,1,0,0,0,0,0,INV-2025-07-009,2025-07-22T10:00:00,Expansion,31702.88,Seat_Add,31702.88,0,Expansion,Seat_Add,31702.88,1,,,0,0,Expansion,negative,positive,stable,stable,stable,True,True,False,False,False,False,0.7497408164,2,True,31702.88,0.4600650476,70107.53,1.0173846706,31702.88,0.4600650476,29956.94,0.4347283599,119297.3433333333,21093.42,0.2200504772,39707.44,0,10609.46,normal,False,,"Expansion +31,702.8800","1 transactions; largest INV-2025-07-009 +31,702.8800 (Seat_Add)"
ACC-0001,8,Enterprise,Technology,Annual,0.049,stable,359.0998,0.102675,0.102729,0.016762,2,0,0,42511.23,55489.31,7,42511.23,358.8437,0.105364,0.014051,2,0.049,0,0,0,increase,0.2561,0.0007136812,-0.002635,0.002711,0,0,0,,,,0,,0,[],[],[],[],[],0,0,0,0,0,0,0,0,0,0,0,0,0,0,0,0,0,0,,,,0,,0,0,,,0,0,,,0,0,No_Change,positive,stable,stable,stable,stable,True,False,False,False,False,False,0,13,False,0,0,0,0,592.07,-0.0144724688,-795.64,0.0194485028,42511.23,0,0,0,0,0,normal,False,,No driver activity this period.,0 transactions
ACC-0002,8,Enterprise,Healthcare,Annual,0.0064,stable,530.7191,0.122637,0.118669,0.012315,2,0,0,61527.77,61527.77,7,61527.77,529.5206,0.106995,0.011894,2,0.0064,0,0,0,increase,1.1985,0.002263368,0.011674,0.000421,0,0,0,,,,0,,0,[],[],[],[],[],0,0,0,0,0,0,0,0,0,0,0,0,0,0,0,0,0,0,,,,0,,0,0,,,0,0,,,0,0,No_Change,positive,positive,stable,stable,stable,True,True,False,False,False,False,0,14,False,0,0,0,0,0,0,-795.64,0.0194485028,61527.77,1175.9233333333,0.0202745402,3527.77,0,-1175.9233333333,normal,False,,No driver activity this period.,0 transactions
ACC-0003,8,Mid-Market,Real Estate,Monthly,0.13,stable,33.1851,-0.048996,0.054285,0.017558,1,inf,0,4120.51,4120.51,7,4120.51,31.8514,0.040944,0.018833,0,0.13,0,0,0,increase,1.3337,0.0418725708,0.013341,-0.001275,1,inf,0,,,,0,,0,[],[],[],[],[],0,0,0,0,0,0,0,0,0,0,0,0,0,0,0,0,0,0,,,,0,,0,0,,,0,0,,,0,0,No_Change,negative,positive,stable,stable,stable,True,True,False,False,False,False,0,15,False,0,0,-1563.18,0.0382101335,-481.93,0.0117802234,-37833.31,0.924791659,4498.8433333333,-378.3333333333,-0.071987939,0,-1135,378.3333333333,normal,False,,No driver activity this period.,0 transactions
ACC-0004,8,SMB,Fintech,Annual,0.0319,stable,31.8237,-0.007974,0.078469,0.015076,2,0,0,4951.93,4951.93,7,4951.93,32.7125,0.077284,0.011265,2,0.0319,0,0,0,increase,-0.8888,-0.027170042,0.001185,0.003811,0,0,0,,,,0,,0,[],[],[],[],[],0,0,0,0,0,0,0,0,0,0,0,0,0,0,0,0,0,0,,,,0,,0,0,,,0,0,,,0,0,No_Change,stable,stable,stable,stable,stable,False,False,False,False,False,False,0,16,False,0,0,-39346.91,0.9617898665,0,0,-795.64,0.0194485028,5632.9033333333,-340.4866666667,-0.0570005753,0,-1021.46,340.4866666667,normal,False,,No driver activity this period.,0 transactions
ACC-0005,8,SMB,Energy,Monthly,0.076,stable,22.8788,0.118221,0.078401,0.010486,1,-0.5,0,1628.2,1628.2,7,1628.2,23.2268,0.069046,0.020191,2,0.076,0,0,0,increase,-0.348,-0.0149826924,0.009355,-0.009705,-1,-0.5,0,,,,0,,0,[],[],[],[],[],0,0,0,0,0,0,0,0,0,0,0,0,0,0,0,0,0,0,,,,0,,0,0,,,0,0,,,0,0,No_Change,positive,stable,stable,stable,stable,True,False,False,False,False,False,0,17,False,0,0,-39346.91,0.9617898665,1197.36,-0.0292680852,-37833.31,0.924791659,1628.2,0,0,0,0,0,normal,False,,No driver activity this period.,0 transactions
ACC-0006,8,Mid-Market,Media,Annual,0.1946,stable,444.5499,-0.049215,0.0837,0.018589,2,0,0,72964.27,91727.04,7,72964.27,441.1277,0.082294,0.021642,2,0.1946,0,0,0,increase,3.4222,0.0077578443,0.001406,-0.003053,0,0,0,,,,0,,0,[],[],[],[],[],0,0,0,0,0,0,0,0,0,0,0,0,0,0,0,0,0,0,,,,0,,0,0,,,0,0,,,0,0,No_Change,negative,stable,stable,stable,stable,True,False,False,False,False,False,0,18,False,0,0,-1563.18,0.0382101335,-27.98,0.0006839389,-795.64,0.0194485028,72964.27,0,0,0,0,0,normal,False,,No driver activity this period.,0 transactions
ACC-0007,8,Mid-Market,Technology,Multi-Year,0.0723,growth,123.7751,0.028041,0.062961,0.01073,2,0,0,29622.86,29622.86,7,28916.55,121.4261,0.071954,0.021482,2,0.0723,706.31,0.0244258046,706.31,increase,2.349,0.0193450996,-0.008993,-0.010752,0,0,0,INV-2025-08-001,2025-08-23T10:00:00,Usage_Overage,706.31,Usage_Above_Commit,1,"[""INV-2025-08-001""]","[""2025-08-23T10:00:00""]","[""Usage_Overage""]",[706.31],"[""Usage_Above_Commit""]",706.31,0,706.31,0,0,0,0,0,0,0,706.31,0,0,0,0,0,0,1,INV-2025-08-001,2025-08-23T10:00:00,Usage_Overage,706.31,Usage_Above_Commit,706.31,0,Usage_Overage,Usage_Above_Commit,706.31,1,,,0,0,Usage_Overage,positive,stable,positive,stable,stable,True,False,False,False,False,False,0.0208488784,10,False,706.31,-0.0172649339,-1563.18,0.0382101335,592.07,-0.0144724688,-2281.14,0.0557598382,26473.1466666667,2443.4033333333,0.1131921082,7330.21,0,-1737.0933333333,normal,False,,Usage_Overage +706.3100,1 transactions; largest INV-2025-08-001 +706.3100 (Usage_Above_Commit)
ACC-0008,8,SMB,Logistics,Multi-Year,0.1711,churned,23.9077,0.023308,0.08605,0.015631,1,-0.5,0,0,,7,911.54,20.8396,0.082533,0.015109,2,0.1711,-911.54,-1,911.54,decrease,3.0681,0.1472245149,0.003517,0.000522,-1,-0.5,0,CR-2025-08-001,2025-08-21T10:00:00,Churn,-911.54,Competitor_Switch,1,"[""CR-2025-08-001""]","[""2025-08-21T10:00:00""]","[""Churn""]",[-911.54],"[""Competitor_Switch""]",-911.54,0,0,-911.54,0,0,0,-911.54,0,0,0,0,0,0,1,0,0,0,CR-2025-08-001,2025-08-21T10:00:00,Churn,-911.54,Competitor_Switch,0,-911.54,Churn,Competitor_Switch,-911.54,1,,,0,0,Churn,positive,stable,stable,stable,stable,True,False,False,False,False,False,0.3658737699,2,True,-911.54,0.0222815447,-39346.91,0.9617898665,-911.54,0.0222815447,-2281.14,0.0557598382,911.54,0,0,0,0,-911.54,normal,True,Competitor_Switch,Churn -911.5400,1 transactions; largest CR-2025-08-001 -911.5400 (Competitor_Switch)
ACC-0009,8,SMB,Energy,Monthly,0.0711,growth,67.8849,0.015583,0.037727,0.018954,2,1,0,12470.11,12470.11,7,11272.75,64.3668,0.044628,0.011373,1,0.0711,1197.36,0.1062172052,1197.36,increase,3.5181,0.0546570592,-0.006901,0.007581,1,1,0,INV-2025-08-002,2025-08-16T10:00:00,Expansion,1197.36,Feature_Upgrade,1,"[""INV-2025-08-002""]","[""2025-08-16T10:00:00""]","[""Expansion""]",[1197.36],"[""Feature_Upgrade""]",1197.36,0,1197.36,0,0,1197.36,0,0,0,0,0,0,1,0,0,0,0,0,INV-2025-08-002,2025-08-16T10:00:00,Expansion,1197.36,Feature_Upgrade,1197.36,0,Expansion,Feature_Upgrade,1197.36,1,,,0,0,Expansion,stable,stable,stable,stable,stable,False,False,False,False,False,False,0.0580271277,5,False,1197.36,-0.0292680852,-39346.91,0.9617898665,1197.36,-0.0292680852,-37833.31,0.924791659,,,,,,,insufficient_history,False,,"Expansion +1,197.3600","1 transactions; largest INV-2025-08-002 +1,197.3600 (Feature_Upgrade)"
ACC-0010,8,SMB,Healthcare,Annual,0.0342,stable,25.7411,0.142404,0.056805,0.010463,3,0,0,4102.11,4102.11,7,4102.11,24.8317,0.041608,0.010144,3,0.0342,0,0,0,increase,0.9094,0.036622543,0.015197,0.000319,0,0,0,,,,0,,0,[],[],[],[],[],0,0,0,0,0,0,0,0,0,0,0,0,0,0,0,0,0,0,,,,0,,0,0,,,0,0,,,0,0,No_Change,positive,positive,stable,stable,stable,True,True,False,False,False,False,0,19,False,0,0,-39346.91,0.9617898665,0,0,-795.64,0.0194485028,,,,,,,insufficient_history,False,,No driver activity this period.,0 transactions
ACC-0011,8,SMB,Real Estate,Monthly,0.0649,stable,28.7456,-0.04784,0.063815,0.011792,3,0,0,2625.32,2625.32,7,2625.32,26.4837,0.064536,0.016562,3,0.0649,0,0,0,increase,2.2619,0.0854072505,-0.000721,-0.00477,0,0,0,,,,0,,0,[],[],[],[],[],0,0,0,0,0,0,0,0,0,0,0,0,0,0,0,0,0,0,,,,0,,0,0,,,0,0,,,0,0,No_Change,negative,stable,stable,stable,stable,True,False,False,False,False,False,0,20,False,0,0,-39346.91,0.9617898665,-481.93,0.0117802234,-37833.31,0.924791659,2625.32,0,0,0,0,0,normal,False,,No driver activity this period.,0 transactions
ACC-0012,8,SMB,Education,Monthly,0.0422,churned,184.4861,0.099701,0.061247,0.010144,2,0,0,0,,7,37325.79,190.1211,0.055001,0.021638,2,0.0422,-37325.79,-1,37325.79,decrease,-5.635,-0.0296390038,0.006246,-0.011494,0,0,0,CR-2025-08-002,2025-08-19T10:00:00,Churn,-37325.79,Competitor_Switch,1,"[""CR-2025-08-002""]","[""2025-08-19T10:00:00""]","[""Churn""]",[-37325.79],"[""Competitor_Switch""]",-37325.79,0,0,-37325.79,0,0,0,-37325.79,0,0,0,0,0,0,1,0,0,0,CR-2025-08-002,2025-08-19T10:00:00,Churn,-37325.79,Competitor_Switch,0,-37325.79,Churn,Competitor_Switch,-37325.79,1,,,0,0,Churn,positive,stable,positive,stable,stable,True,False,False,False,False,False,1,1,True,-37325.79,0.9123859175,-39346.91,0.9617898665,-41178.82,1.0065687951,-37833.31,0.924791659,37325.79,0,0,0,0,-37325.79,normal,True,Competitor_Switch,"Churn -37,325.7900","1 transactions; largest CR-2025-08-002 -37,325.7900 (Competitor_Switch)"
ACC-0013,8,Mid-Market,Media,Monthly,0.0279,stable,48.8405,0.087178,0.038277,0.018517,6,0.2,0,9237.22,9237.22,7,9237.22,50.1714,0.044271,0.013472,5,0.0279,0,0,0,increase,-1.3309,-0.0265270652,-0.005994,0.005045,1,0.2,0,,,,0,,0,[],[],[],[],[],0,0,0,0,0,0,0,0,0,0,0,0,0,0,0,0,0,0,,,,0,,0,0,,,0,0,,,0,0,No_Change,positive,stable,stable,stable,stable,True,False,False,False,False,False,0,21,False,0,0,-1563.18,0.0382101335,-27.98,0.0006839389,-37833.31,0.924791659,,,,,,,insufficient_history,False,,No driver activity this period.,0 transactions
ACC-0014,8,SMB,Education,Multi-Year,0.0799,decline,47.9617,-0.038736,0.048339,0.017364,2,-0.3333333333,0,8393.47,8393.47,7,10355.14,48.857,0.055462,0.01911,3,0.0799,-1961.67,-0.1894392543,1961.67,decrease,-0.8953,-0.0183249074,-0.007123,-0.001746,-1,-0.3333333333,0,CR-2025-08-003,2025-08-03T10:00:00,Contraction,-1961.67,Seat_Reduction,1,"[""CR-2025-08-003""]","[""2025-08-03T10:00:00""]","[""Contraction""]",[-1961.67],"[""Seat_Reduction""]",-1961.67,0,0,-1961.67,0,0,-1961.67,0,0,0,0,0,0,1,0,0,0,0,CR-2025-08-003,2025-08-03T10:00:00,Contraction,-1961.67,Seat_Reduction,0,-1961.67,Contraction,Seat_Reduction,-1961.67,1,,,0,0,Contraction,negative,stable,stable,stable,stable,True,False,False,False,False,False,0.1004647173,3,True,-1961.67,0.0479507623,-39346.91,0.9617898665,-41178.82,1.0065687951,-2281.14,0.0557598382,10636.3933333333,-281.2533333333,-0.0251143714,0,-843.76,-1680.4166666667,unusual_decrease,False,,"Contraction -1,961.6700","1 transactions; largest CR-2025-08-003 -1,961.6700 (Seat_Reduction)"
ACC-0016,8,SMB,Education,Annual,0.0936,decline,18.2653,-0.029923,0.111129,0.086418,1,0,0,2048.58,2048.58,7,2193.72,19.4158,0.102094,0.016138,1,0.0936,-145.14,-0.0661615885,145.14,decrease,-1.1505,-0.0592558638,0.009035,0.07028,0,0,0,CR-2025-08-004,2025-08-16T10:00:00,Contraction,-145.14,Seat_Reduction,1,"[""CR-2025-08-004""]","[""2025-08-16T10:00:00""]","[""Contraction""]",[-145.14],"[""Seat_Reduction""]",-145.14,0,0,-145.14,0,0,-145.14,0,0,0,0,0,0,1,0,0,0,0,CR-2025-08-004,2025-08-16T10:00:00,Contraction,-145.14,Seat_Reduction,0,-145.14,Contraction,Seat_Reduction,-145.14,1,,,0,0,Contraction,negative,stable,negative,stable,stable,True,False,True,False,False,False,0.0256840577,8,False,-145.14,0.00354778,-39346.91,0.9617898665,-41178.82,1.0065687951,-795.64,0.0194485028,2193.72,0,0,0,0,-145.14,normal,False,,Contraction -145.1400,1 transactions; largest CR-2025-08-004 -145.1400 (Seat_Reduction)
ACC-0017,8,Mid-Market,Healthcare,Annual,0.1074,stable,24.744,0.144423,0.070273,0.020569,2,0,0,1304.14,989.64,7,1304.14,23.865,0.078894,0.010432,2,0.1074,0,0,0,increase,0.879,0.036832181,-0.008621,0.010137,0,0,0,,,,0,,0,[],[],[],[],[],0,0,0,0,0,0,0,0,0,0,0,0,0,0,0,0,0,0,,,,0,,0,0,,,0,0,,,0,0,No_Change,positive,stable,negative,stable,stable,True,False,True,False,False,False,0,22,False,0,0,-1563.18,0.0382101335,0,0,-795.64,0.0194485028,1091.6933333333,106.2233333333,0.107789515,318.67,0,-106.2233333333,normal,False,,No driver activity this period.,0 transactions
ACC-0018,8,SMB,Retail,Annual,0.1908,decline,21.095,0.092232,0.053373,0.01179,1,0,0,1793.32,1793.32,7,1892.57,16.5417,0.061139,0.018199,1,0.1908,-99.25,-0.0524419176,99.25,decrease,4.5533,0.2752619138,-0.007766,-0.006409,0,0,0,CR-2025-08-005,2025-08-26T10:00:00,Contraction,-99.25,Contract_Downgrade,1,"[""CR-2025-08-005""]","[""2025-08-26T10:00:00""]","[""Contraction""]",[-99.25],"[""Contract_Downgrade""]",-99.25,0,0,-99.25,0,0,-99.25,0,0,0,0,0,0,1,0,0,0,0,CR-2025-08-005,2025-08-26T10:00:00,Contraction,-99.25,Contract_Downgrade,0,-99.25,Contraction,Contract_Downgrade,-99.25,1,,,0,0,Contraction,positive,stable,stable,stable,stable,True,False,False,False,False,False,0.0200830338,11,False,-99.25,0.0024260519,-39346.91,0.9617898665,-99.25,0.0024260519,-795.64,0.0194485028,,,,,,,insufficient_history,False,,Contraction -99.2500,1 transactions; largest CR-2025-08-005 -99.2500 (Contract_Downgrade)
ACC-0019,8,Mid-Market,Real Estate,Annual,0.1741,decline,38.368,0.062676,0.053068,0.078323,3,-0.25,0,10327.37,10327.37,7,10850.64,38.9323,0.050219,0.014925,4,0.1741,-523.27,-0.0482248052,523.27,decrease,-0.5643,-0.0144943915,0.002849,0.063398,-1,-0.25,0,CR-2025-08-006,2025-08-24T10:00:00,Contraction,-523.27,Contract_Downgrade,1,"[""CR-2025-08-006""]","[""2025-08-24T10:00:00""]","[""Contraction""]",[-523.27],"[""Contract_Downgrade""]",-523.27,0,0,-523.27,0,0,-523.27,0,0,0,0,0,0,1,0,0,0,0,CR-2025-08-006,2025-08-24T10:00:00,Contraction,-523.27,Contract_Downgrade,0,-523.27,Contraction,Contract_Downgrade,-523.27,1,,,0,0,Contraction,positive,stable,negative,stable,stable,True,False,True,False,False,False,0.0259910275,7,False,-523.27,0.0127907321,-1563.18,0.0382101335,-481.93,0.0117802234,-795.64,0.0194485028,10850.64,-283.0266666667,-0.0241908923,0,-849.08,-240.2433333333,normal,False,,Contraction -523.2700,1 transactions; largest CR-2025-08-006 -523.2700 (Contract_Downgrade)
ACC-0020,8,SMB,Energy,Annual,0.1079,stable,16.4016,0.023465,0.078017,0.018665,2,1,0,1560.53,1560.53,7,1560.53,17.1506,0.071244,0.01847,1,0.1079,0,0,0,increase,-0.749,-0.0436719415,0.006773,0.000195,1,1,0,,,,0,,0,[],[],[],[],[],0,0,0,0,0,0,0,0,0,0,0,0,0,0,0,0,0,0,,,,0,,0,0,,,0,0,,,0,0,No_Change,positive,stable,stable,stable,stable,True,False,False,False,False,False,0,23,False,0,0,-39346.91,0.9617898665,1197.36,-0.0292680852,-795.64,0.0194485028,1598.63,-19.05,-0.0117761238,0,-57.15,19.05,normal,False,,No driver activity this period.,0 transactions
ACC-0021,8,SMB,Real Estate,Multi-Year,0.0846,stable,8.984,-0.012001,0.051427,0.012243,1,inf,0,1961.58,1961.58,7,1961.58,7.9585,0.05,0.02,0,0.0846,0,0,0,increase,1.0255,0.1288559402,0.001427,-0.007757,1,inf,0,,,,0,,0,[],[],[],[],[],0,0,0,0,0,0,0,0,0,0,0,0,0,0,0,0,0,0,,,,0,,0,0,,,0,0,,,0,0,No_Change,stable,stable,stable,stable,stable,False,False,False,False,False,False,0,24,False,0,0,-39346.91,0.9617898665,-481.93,0.0117802234,-2281.14,0.0557598382,,,,,,,insufficient_history,False,,No driver activity this period.,0 transactions
ACC-0023,8,SMB,Energy,Monthly,0.1108,stable,2.7064,-0.051141,0.05,0.02,0,,0,456.18,456.18,,,,,,,0.1108,0,0,0,increase,,,,,,,,INV-2025-08-003,2025-08-25T10:00:00,New_ARR,456.18,New_Logo_Signed,1,"[""INV-2025-08-003""]","[""2025-08-25T10:00:00""]","[""New_ARR""]",[456.18],"[""New_Logo_Signed""]",456.18,0,456.18,0,456.18,0,0,0,0,0,0,1,0,0,0,0,0,0,INV-2025-08-003,2025-08-25T10:00:00,New_ARR,456.18,New_Logo_Signed,456.18,0,New_ARR,New_Logo_Signed,456.18,1,,,0,0,New_ARR,negative,unknown,unknown,unknown,stable,True,False,False,False,False,False,0,25,False,0,0,-39346.91,0.9617898665,1197.36,-0.0292680852,-37833.31,0.924791659,,,,,,,insufficient_history,False,,New_ARR +456.1800,1 transactions; largest INV-2025-08-003 +456.1800 (New_Logo_Signed)
ACC-0024,8,SMB,Healthcare,Multi-Year,0.1719,stable,17.6009,0.090747,0.069983,0.015414,2,1,1,912.14,1138.26,7,912.14,13.102,0.05502,0.013839,1,0.1719,0,0,0,increase,4.4989,0.3433750572,0.014963,0.001575,1,1,0,,,,0,,0,[],[],[],[],[],0,0,0,0,0,0,0,0,0,0,0,0,0,0,0,0,0,0,,,,0,,0,0,,,0,0,,,0,0,No_Change,positive,positive,stable,stable,negative,True,True,False,False,True,False,0,26,False,0,0,-39346.91,0.9617898665,0,0,-2281.14,0.0557598382,853.12,29.51,0.0358300652,88.53,0,-29.51,normal,False,,No driver activity this period.,0 transactions
ACC-0027,8,Mid-Market,Healthcare,Monthly,0.1456,stable,44.6091,0.078794,0.103174,0.021528,4,1,0,4760.49,4760.49,7,4760.49,39.8451,0.090694,0.077674,2,0.1456,0,0,0,increase,4.764,0.1195630077,0.01248,-0.056146,2,1,0,,,,0,,0,[],[],[],[],[],0,0,0,0,0,0,0,0,0,0,0,0,0,0,0,0,0,0,,,,0,,0,0,,,0,0,,,0,0,No_Change,positive,positive,positive,negative,stable,True,True,False,True,False,False,0,27,False,0,0,-1563.18,0.0382101335,0,0,-37833.31,0.924791659,4463.7333333333,-44.7966666667,0.0068992779,890.27,-1024.66,44.7966666667,normal,False,,No driver activity this period.,0 transactions
ACC-0028,8,SMB,Education,Monthly,0.0925,stable,18.3532,0.110922,0.082812,0.011168,2,1,0,2077.65,2077.65,7,2077.65,14.8419,0.076476,0.017236,1,0.0925,0,0,0,increase,3.5113,0.2365802222,0.006336,-0.006068,1,1,0,,,,0,,0,[],[],[],[],[],0,0,0,0,0,0,0,0,0,0,0,0,0,0,0,0,0,0,,,,0,,0,0,,,0,0,,,0,0,No_Change,positive,stable,stable,stable,stable,True,False,False,False,False,False,0,28,False,0,0,-39346.91,0.9617898665,-41178.82,1.0065687951,-37833.31,0.924791659,2077.65,0,0,0,0,0,normal,False,,No driver activity this period.,0 transactions
ACC-0029,8,SMB,Real Estate,Annual,0.1938,stable,5.773,0.023736,0.05,0.02,0,,0,1194.11,1194.11,,,,,,,0.1938,0,0,0,increase,,,,,,,,INV-2025-08-004,2025-08-16T10:00:00,New_ARR,1194.11,New_Logo_Signed,1,"[""INV-2025-08-004""]","[""2025-08-16T10:00:00""]","[""New_ARR""]",[1194.11],"[""New_Logo_Signed""]",1194.11,0,1194.11,0,1194.11,0,0,0,0,0,0,1,0,0,0,0,0,0,INV-2025-08-004,2025-08-16T10:00:00,New_ARR,1194.11,New_Logo_Signed,1194.11,0,New_ARR,New_Logo_Signed,1194.11,1,,,0,0,New_ARR,positive,unknown,unknown,unknown,stable,True,False,False,False,False,False,0,29,False,0,0,-39346.91,0.9617898665,-481.93,0.0117802234,-795.64,0.0194485028,,,,,,,insufficient_history,False,,"New_ARR +1,194.1100","1 transactions; largest INV-2025-08-004 +1,194.1100 (New_Logo_Signed)"
ACC-0033,8,Mid-Market,Real Estate,Monthly,0.1922,stable,32.7414,-0.059098,0.046923,0.02471,2,0,0,3894.58,3894.58,7,3894.58,29.8032,0.042706,0.024217,2,0.1922,0,0,0,increase,2.9382,0.0985867289,0.004217,0.000493,0,0,0,,,,0,,0,[],[],[],[],[],0,0,0,0,0,0,0,0,0,0,0,0,0,0,0,0,0,0,,,,0,,0,0,,,0,0,,,0,0,No_Change,negative,stable,stable,stable,stable,True,False,False,False,False,False,0,30,False,0,0,-1563.18,0.0382101335,-481.93,0.0117802234,-37833.31,0.924791659,3754.07,179.3533333333,0.0520297367,421.53,0,-179.3533333333,normal,False,,No driver activity this period.,0 transactions
ACC-0034,8,Mid-Market,Manufacturing,Monthly,0.1883,stable,121.4916,-0.050911,0.05,0.02,0,,0,9931.49,7644.91,,,,,,,0.1883,0,0,0,increase,,,,,,,,INV-2025-08-005,2025-08-10T10:00:00,New_ARR,9931.49,New_Logo_Signed,1,"[""INV-2025-08-005""]","[""2025-08-10T10:00:00""]","[""New_ARR""]",[9931.49],"[""New_Logo_Signed""]",9931.49,0,9931.49,0,9931.49,0,0,0,0,0,0,1,0,0,0,0,0,0,INV-2025-08-005,2025-08-10T10:00:00,New_ARR,9931.49,New_Logo_Signed,9931.49,0,New_ARR,New_Logo_Signed,9931.49,1,,,0,0,New_ARR,negative,unknown,unknown,unknown,stable,True,False,False,False,False,False,0,31,False,0,0,-1563.18,0.0382101335,0,0,-37833.31,0.924791659,,,,,,,insufficient_history,False,,"New_ARR +9,931.4900","1 transactions; largest INV-2025-08-005 +9,931.4900 (New_Logo_Signed)"
ACC-0037,8,SMB,Technology,Multi-Year,0.1992,decline,9.9954,-0.051364,0.047894,0.011753,1,-0.5,0,654.7,654.7,7,768.94,11.298,0.048374,0.01592,2,0.1992,-114.24,-0.1485681588,114.24,decrease,-1.3026,-0.1152947424,-0.00048,-0.004167,-1,-0.5,0,CR-2025-08-007,2025-08-19T10:00:00,Contraction,-114.24,Seat_Reduction,1,"[""CR-2025-08-007""]","[""2025-08-19T10:00:00""]","[""Contraction""]",[-114.24],"[""Seat_Reduction""]",-114.24,0,0,-114.24,0,0,-114.24,0,0,0,0,0,0,1,0,0,0,0,CR-2025-08-007,2025-08-19T10:00:00,Contraction,-114.24,Seat_Reduction,0,-114.24,Contraction,Seat_Reduction,-114.24,1,,,0,0,Contraction,negative,stable,stable,stable,stable,True,False,False,False,False,False,0.0539882575,6,False,-114.24,0.0027924651,-39346.91,0.9617898665,592.07,-0.0144724688,-2281.14,0.0557598382,768.94,0,0,0,0,-114.24,normal,False,,Contraction -114.2400,1 transactions; largest CR-2025-08-007 -114.2400 (Seat_Reduction)
ACC-0040,8,SMB,Healthcare,Multi-Year,0.0269,stable,14.8706,-0.010894,0.068284,0.011578,1,0,0,2248.35,2868.85,7,2248.35,12.8612,0.074085,0.024063,1,0.0269,0,0,0,increase,2.0094,0.1562373651,-0.005801,-0.012485,0,0,0,,,,0,,0,[],[],[],[],[],0,0,0,0,0,0,0,0,0,0,0,0,0,0,0,0,0,0,,,,0,,0,0,,,0,0,,,0,0,No_Change,stable,stable,positive,stable,stable,False,False,False,False,False,False,0,32,False,0,0,-39346.91,0.9617898665,0,0,-2281.14,0.0557598382,2038.33,105.01,0.0543158918,315.03,0,-105.01,normal,False,,No driver activity this period.,0 transactions
ACC-0043,8,SMB,Media,Annual,0.0855,decline,5.3983,0.011362,0.113425,0.011665,2,1,0,487.28,487.28,7,515.26,7.3993,0.103101,0.013284,1,0.0855,-27.98,-0.0543026821,27.98,decrease,-2.001,-0.2704309867,0.010324,-0.001619,1,1,0,CR-2025-08-008,2025-08-07T10:00:00,Contraction,-27.98,Seat_Reduction,1,"[""CR-2025-08-008""]","[""2025-08-07T10:00:00""]","[""Contraction""]",[-27.98],"[""Seat_Reduction""]",-27.98,0,0,-27.98,0,0,-27.98,0,0,0,0,0,0,1,0,0,0,0,CR-2025-08-008,2025-08-07T10:00:00,Contraction,-27.98,Seat_Reduction,0,-27.98,Contraction,Seat_Reduction,-27.98,1,,,0,0,Contraction,stable,positive,stable,stable,stable,False,True,False,False,False,False,0.019493189,12,False,-27.98,0.0006839389,-39346.91,0.9617898665,-27.98,0.0006839389,-795.64,0.0194485028,515.26,0,0,0,0,-27.98,normal,False,,Contraction -27.9800,1 transactions; largest CR-2025-08-008 -27.9800 (Seat_Reduction)
ACC-0044,8,Mid-Market,Energy,Annual,0.0296,stable,30.3777,-0.057967,0.071682,0.018064,1,0,0,6353.23,8533.49,7,6353.23,29.4437,0.061109,0.018663,1,0.0296,0,0,0,increase,0.934,0.0317215567,0.010573,-0.000599,0,0,0,,,,0,,0,[],[],[],[],[],0,0,0,0,0,0,0,0,0,0,0,0,0,0,0,0,0,0,,,,0,,0,0,,,0,0,,,0,0,No_Change,negative,positive,stable,stable,stable,True,True,False,False,False,False,0,33,False,0,0,-1563.18,0.0382101335,1197.36,-0.0292680852,-795.64,0.0194485028,6353.23,0,0,0,0,0,normal,False,,No driver activity this period.,0 transactions
ACC-0046,8,Enterprise,Retail,Multi-Year,0.0473,stable,616.5056,-0.047882,0.085037,0.010424,1,0,0,145953.35,145953.35,7,145953.35,615.1615,0.067393,0.017329,1,0.0473,0,0,0,increase,1.3441,0.0021849547,0.017644,-0.006905,0,0,0,,,,0,,0,[],[],[],[],[],0,0,0,0,0,0,0,0,0,0,0,0,0,0,0,0,0,0,,,,0,,0,0,,,0,0,,,0,0,No_Change,negative,positive,stable,stable,stable,True,True,False,False,False,False,0,34,False,0,0,0,0,-99.25,0.0024260519,-2281.14,0.0557598382,,,,,,,insufficient_history,False,,No driver activity this period.,0 transactions
ACC-0047,8,SMB,Energy,Annual,0.0823,stable,3.1518,0.012077,0.05,0.02,0,,0,650.24,650.24,,,,,,,0.0823,0,0,0,increase,,,,,,,,INV-2025-08-006,2025-08-22T10:00:00,New_ARR,650.24,New_Logo_Signed,1,"[""INV-2025-08-006""]","[""2025-08-22T10:00:00""]","[""New_ARR""]",[650.24],"[""New_Logo_Signed""]",650.24,0,650.24,0,650.24,0,0,0,0,0,0,1,0,0,0,0,0,0,INV-2025-08-006,2025-08-22T10:00:00,New_ARR,650.24,New_Logo_Signed,650.24,0,New_ARR,New_Logo_Signed,650.24,1,,,0,0,New_ARR,stable,unknown,unknown,unknown,stable,False,False,False,False,False,False,0,35,False,0,0,-39346.91,0.9617898665,1197.36,-0.0292680852,-795.64,0.0194485028,,,,,,,insufficient_history,False,,New_ARR +650.2400,1 transactions; largest INV-2025-08-006 +650.2400 (New_Logo_Signed)
ACC-0049,8,SMB,Manufacturing,Monthly,0.0557,stable,9.7569,0.028134,0.066872,0.07665,1,0,0,1427.45,1427.45,7,1427.45,11.5756,0.058764,0.019717,1,0.0557,0,0,0,increase,-1.8187,-0.157114966,0.008108,0.056933,0,0,0,,,,0,,0,[],[],[],[],[],0,0,0,0,0,0,0,0,0,0,0,0,0,0,0,0,0,0,,,,0,,0,0,,,0,0,,,0,0,No_Change,positive,stable,negative,stable,stable,True,False,True,False,False,False,0,36,False,0,0,-39346.91,0.9617898665,0,0,-37833.31,0.924791659,1336.3833333333,91.0666666667,0.0788968306,273.2,0,-91.0666666667,normal,False,,No driver activity this period.,0 transactions
ACC-0055,8,SMB,Education,Annual,0.0758,stable,12.5317,-0.000518,0.059058,0.019244,1,0,0,962.09,962.09,7,962.09,7.5642,0.04488,0.019894,1,0.0758,0,0,0,increase,4.9675,0.6567118796,0.014178,-0.00065,0,0,0,,,,0,,0,[],[],[],[],[],0,0,0,0,0,0,0,0,0,0,0,0,0,0,0,0,0,0,,,,0,,0,0,,,0,0,,,0,0,No_Change,stable,positive,stable,stable,stable,False,True,False,False,False,False,0,37,False,0,0,-39346.91,0.9617898665,-41178.82,1.0065687951,-795.64,0.0194485028,,,,,,,insufficient_history,False,,No driver activity this period.,0 transactions
ACC-0057,8,SMB,Media,Annual,0.192,stable,6.2474,-0.020724,0.06087,0.012259,1,inf,1,924.33,958.32,7,924.33,6.3884,0.043062,0.011653,0,0.192,0,0,0,increase,-0.141,-0.0220712541,0.017808,0.000606,1,inf,0,,,,0,,0,[],[],[],[],[],0,0,0,0,0,0,0,0,0,0,0,0,0,0,0,0,0,0,,,,0,,0,0,,,0,0,,,0,0,No_Change,negative,positive,stable,stable,negative,True,True,False,False,True,False,0,38,False,0,0,-39346.91,0.9617898665,-27.98,0.0006839389,-795.64,0.0194485028,,,,,,,insufficient_history,False,,No driver activity this period.,0 transactions
ACC-0058,8,Mid-Market,Energy,Monthly,0.1904,stable,46.5958,0.061415,0.05,0.02,0,,0,5308.01,5308.01,,,,,,,0.1904,0,0,0,increase,,,,,,,,INV-2025-08-007,2025-08-27T10:00:00,New_ARR,5308.01,New_Logo_Signed,1,"[""INV-2025-08-007""]","[""2025-08-27T10:00:00""]","[""New_ARR""]",[5308.01],"[""New_Logo_Signed""]",5308.01,0,5308.01,0,5308.01,0,0,0,0,0,0,1,0,0,0,0,0,0,INV-2025-08-007,2025-08-27T10:00:00,New_ARR,5308.01,New_Logo_Signed,5308.01,0,New_ARR,New_Logo_Signed,5308.01,1,,,0,0,New_ARR,positive,unknown,unknown,unknown,stable,True,False,False,False,False,False,0,39,False,0,0,-1563.18,0.0382101335,1197.36,-0.0292680852,-37833.31,0.924791659,,,,,,,insufficient_history,False,,"New_ARR +5,308.0100","1 transactions; largest INV-2025-08-007 +5,308.0100 (New_Logo_Signed)"
ACC-0059,8,SMB,Fintech,Monthly,0.095,stable,11.7635,0.143304,0.103052,0.020463,3,0.5,1,1356.18,1409.75,7,1356.18,7.2409,0.09805,0.015856,2,0.095,0,0,0,increase,4.5226,0.6245908658,0.005002,0.004607,1,0.5,0,,,,0,,0,[],[],[],[],[],0,0,0,0,0,0,0,0,0,0,0,0,0,0,0,0,0,0,,,,0,,0,0,,,0,0,,,0,0,No_Change,positive,stable,stable,stable,negative,True,False,False,False,True,False,0,40,False,0,0,-39346.91,0.9617898665,0,0,-37833.31,0.924791659,1259.9066666667,48.1366666667,0.0397242601,144.41,0,-48.1366666667,normal,False,,No driver activity this period.,0 transactions
ACC-0060,8,Mid-Market,Education,Monthly,0.0488,decline,102.6552,-0.011587,0.120687,0.010319,6,2,0,10484.04,10484.04,7,12230.26,103.6462,0.107761,0.011177,2,0.0488,-1746.22,-0.142778649,1746.22,decrease,-0.991,-0.0095613732,0.012926,-0.000858,4,2,0,CR-2025-08-009,2025-08-18T10:00:00,Contraction,-1522.4,Contract_Downgrade,2,"[""CR-2025-08-009"", ""CR-2025-08-010""]","[""2025-08-18T10:00:00"", ""2025-08-28T10:00:00""]","[""Contraction"", ""Refund""]","[-1522.4, -223.82]","[""Contract_Downgrade"", ""Billing_Adjustment""]",-1746.22,0,0,-1746.22,0,0,-1522.4,0,0,-223.82,0,0,0,0.8718260013,0,0,0.1281739987,0,CR-2025-08-009,2025-08-18T10:00:00,Contraction,-1522.4,Contract_Downgrade,0,-1522.4,Contraction,Contract_Downgrade,-1522.4,0.8718260013,Refund,Billing_Adjustment,-223.82,0.1281739987,Contraction,stable,positive,stable,negative,stable,False,True,False,True,False,False,0.0803816089,4,True,-1746.22,0.0426843353,-1563.18,0.0382101335,-41178.82,1.0065687951,-37833.31,0.924791659,12230.26,0,0,0,0,-1746.22,normal,False,,"Contraction -1,522.4000; Refund -223.8200","2 transactions; largest CR-2025-08-009 -1,522.4000 (Contract_Downgrade)"
ACC-0061,8,SMB,Real Estate,Monthly,0.1115,growth,4.0257,0.06421,0.051197,0.022522,1,-0.5,0,711.24,711.24,7,669.9,3.4378,0.04773,0.011785,2,0.1115,41.34,0.0617107031,41.34,increase,0.5879,0.17101053,0.003467,0.010737,-1,-0.5,0,INV-2025-08-008,2025-08-12T10:00:00,Usage_Overage,41.34,Usage_Above_Commit,1,"[""INV-2025-08-008""]","[""2025-08-12T10:00:00""]","[""Usage_Overage""]",[41.34],"[""Usage_Above_Commit""]",41.34,0,41.34,0,0,0,0,0,0,0,41.34,0,0,0,0,0,0,1,INV-2025-08-008,2025-08-12T10:00:00,Usage_Overage,41.34,Usage_Above_Commit,41.34,0,Usage_Overage,Usage_Above_Commit,41.34,1,,,0,0,Usage_Overage,positive,stable,negative,stable,stable,True,False,True,False,False,False,0.0223186505,9,False,41.34,-0.0010105087,-39346.91,0.9617898665,-481.93,0.0117802234,-37833.31,0.924791659,644.3833333333,25.5166666667,0.04300441,76.55,0,15.8233333333,normal,False,,Usage_Overage +41.3400,1 transactions; largest INV-2025-08-008 +41.3400 (Usage_Above_Commit)
ACC-0065,8,SMB,Energy,Multi-Year,0.0161,stable,17.5221,-0.024439,0.076278,0.02414,2,1,1,1142.68,1441.8,7,1142.68,13.3817,0.057981,0.018867,1,0.0161,0,0,0,increase,4.1404,0.3094076238,0.018297,0.005273,1,1,0,,,,0,,0,[],[],[],[],[],0,0,0,0,0,0,0,0,0,0,0,0,0,0,0,0,0,0,,,,0,,0,0,,,0,0,,,0,0,No_Change,negative,positive,stable,stable,negative,True,True,False,False,True,False,0,41,False,0,0,-39346.91,0.9617898665,1197.36,-0.0292680852,-2281.14,0.0557598382,1142.68,0,0,0,0,0,normal,False,,No driver activity this period.,0 transactions
ACC-0070,8,Enterprise,Technology,Annual,0.1814,stable,638.9341,-0.044652,0.107603,0.012725,2,0,0,177471.85,177471.85,7,177471.85,634.7086,0.087772,0.01915,2,0.1814,0,0,0,increase,4.2255,0.0066573858,0.019831,-0.006425,0,0,0,,,,0,,0,[],[],[],[],[],0,0,0,0,0,0,0,0,0,0,0,0,0,0,0,0,0,0,,,,0,,0,0,,,0,0,,,0,0,No_Change,negative,positive,stable,stable,stable,True,True,False,False,False,False,0,42,False,0,0,0,0,592.07,-0.0144724688,-795.64,0.0194485028,143100.7833333333,23803.44,0.1972894459,39707.44,0,-23803.44,normal,False,,No driver activity this period.,0 transactions
ACC-0001,9,Enterprise,Technology,Annual,0.049,growth,370.3566,0.06817,0.10048,0.023202,2,0,0,55489.31,97995.36,8,42511.23,359.0998,0.102729,0.016762,2,0.049,12978.08,0.3052859209,12978.08,increase,11.2568,0.0313472745,-0.002249,0.00644,0,0,0,INV-2025-09-001,2025-09-20T10:00:00,Expansion,12978.08,Seat_Add,1,"[""INV-2025-09-001""]","[""2025-09-20T10:00:00""]","[""Expansion""]",[12978.08],"[""Seat_Add""]",12978.08,0,12978.08,0,0,12978.08,0,0,0,0,0,0,1,0,0,0,0,0,INV-2025-09-001,2025-09-20T10:00:00,Expansion,12978.08,Seat_Add,12978.08,0,Expansion,Seat_Add,12978.08,1,,,0,0,Expansion,positive,stable,stable,stable,stable,True,False,False,False,False,False,0.7609593414,2,True,12978.08,0.3986713494,12978.08,0.3986713494,12978.08,0.3986713494,33640.6,1.0333996553,42511.23,0,0,0,0,12978.08,normal,False,,"Expansion +12,978.0800","1 transactions; largest INV-2025-09-001 +12,978.0800 (Seat_Add)"
ACC-0002,9,Enterprise,Healthcare,Annual,0.0064,stable,534.6854,0.011098,0.134449,0.020781,2,0,0,61527.77,53887.17,8,61527.77,530.7191,0.118669,0.012315,2,0.0064,0,0,0,increase,3.9663,0.007473445,0.01578,0.008466,0,0,0,,,,0,,0,[],[],[],[],[],0,0,0,0,0,0,0,0,0,0,0,0,0,0,0,0,0,0,,,,0,,0,0,,,0,0,,,0,0,No_Change,stable,positive,stable,stable,stable,False,True,False,False,False,False,0,11,False,0,0,12978.08,0.3986713494,532.12,0.0163461004,33640.6,1.0333996553,61527.77,0,0,0,0,0,normal,False,,No driver activity this period.,0 transactions
ACC-0003,9,Mid-Market,Real Estate,Monthly,0.13,stable,35.6885,0.092721,0.045219,0.016394,1,0,0,4120.51,5222.59,8,4120.51,33.1851,0.054285,0.017558,1,0.13,0,0,0,increase,2.5034,0.0754374704,-0.009066,-0.001164,0,0,0,,,,0,,0,[],[],[],[],[],0,0,0,0,0,0,0,0,0,0,0,0,0,0,0,0,0,0,,,,0,,0,0,,,0,0,,,0,0,No_Change,positive,stable,stable,stable,stable,True,False,False,False,False,False,0,12,False,0,0,18341.95,0.5634431255,0,0,-2233.01,-0.0685954402,4120.51,-378.3333333333,-0.071987939,0,-1135,378.3333333333,normal,False,,No driver activity this period.,0 transactions
ACC-0004,9,SMB,Fintech,Annual,0.0319,stable,32.5297,0.072486,0.076029,0.019041,1,-0.5,0,4951.93,4951.93,8,4951.93,31.8237,0.078469,0.015076,2,0.0319,0,0,0,increase,0.706,0.022184724,-0.00244,0.003965,-1,-0.5,0,,,,0,,0,[],[],[],[],[],0,0,0,0,0,0,0,0,0,0,0,0,0,0,0,0,0,0,,,,0,,0,0,,,0,0,,,0,0,No_Change,positive,stable,stable,stable,stable,True,False,False,False,False,False,0,13,False,0,0,1233.3,0.0378855251,53.57,0.0016456074,33640.6,1.0333996553,5292.4166666667,-340.4866666667,-0.0570005753,0,-1021.46,340.4866666667,normal,False,,No driver activity this period.,0 transactions
ACC-0005,9,SMB,Energy,Monthly,0.076,stable,24.585,0.139253,0.080342,0.011702,2,1,0,1628.2,2088.15,8,1628.2,22.8788,0.078401,0.010486,1,0.076,0,0,0,increase,1.7062,0.0745755896,0.001941,0.001216,1,1,0,,,,0,,0,[],[],[],[],[],0,0,0,0,0,0,0,0,0,0,0,0,0,0,0,0,0,0,,,,0,,0,0,,,0,0,,,0,0,No_Change,positive,stable,stable,stable,stable,True,False,False,False,False,False,0,14,False,0,0,1233.3,0.0378855251,2479.38,0.0761636367,-2233.01,-0.0685954402,1628.2,0,0,0,0,0,normal,False,,No driver activity this period.,0 transactions
ACC-0006,9,Mid-Market,Media,Annual,0.1946,growth,460.1668,-0.056023,0.087848,0.020587,2,0,0,91727.04,91727.04,8,72964.27,444.5499,0.0837,0.018589,2,0.1946,18762.77,0.2571501092,18762.77,increase,15.6169,0.0351296896,0.004148,0.001998,0,0,0,INV-2025-09-002,2025-09-08T10:00:00,Expansion,18762.77,Feature_Upgrade,1,"[""INV-2025-09-002""]","[""2025-09-08T10:00:00""]","[""Expansion""]",[18762.77],"[""Feature_Upgrade""]",18762.77,0,18762.77,0,0,18762.77,0,0,0,0,0,0,1,0,0,0,0,0,INV-2025-09-002,2025-09-08T10:00:00,Expansion,18762.77,Feature_Upgrade,18762.77,0,Expansion,Feature_Upgrade,18762.77,1,,,0,0,Expansion,negative,stable,stable,stable,stable,True,False,False,False,False,False,0.9122654298,1,True,18762.77,0.5763702208,18341.95,0.5634431255,18796.76,0.5774143536,33640.6,1.0333996553,72964.27,0,0,0,0,18762.77,normal,False,,"Expansion +18,762.7700","1 transactions; largest INV-2025-09-002 +18,762.7700 (Feature_Upgrade)"
ACC-0007,9,Mid-Market,Technology,Multi-Year,0.0723,stable,122.7561,0.032182,0.082766,0.018642,2,0,0,29622.86,29622.86,8,29622.86,123.7751,0.062961,0.01073,2,0.0723,0,0,0,increase,-1.019,-0.0082326736,0.019805,0.007912,0,0,0,,,,0,,0,[],[],[],[],[],0,0,0,0,0,0,0,0,0,0,0,0,0,0,0,0,0,0,,,,0,,0,0,,,0,0,,,0,0,No_Change,positive,positive,stable,stable,stable,True,True,False,False,False,False,0,15,False,0,0,18341.95,0.5634431255,12978.08,0.3986713494,1145.74,0.0351957849,29151.9866666667,2678.84,0.1213340431,7330.21,0,-2678.84,normal,False,,No driver activity this period.,0 transactions
ACC-0009,9,SMB,Energy,Monthly,0.0711,stable,69.8017,-0.057408,0.057509,0.02028,1,-0.5,0,12470.11,14719.75,8,12470.11,67.8849,0.037727,0.018954,2,0.0711,0,0,0,increase,1.9168,0.0282360289,0.019782,0.001326,-1,-0.5,0,,,,0,,0,[],[],[],[],[],0,0,0,0,0,0,0,0,0,0,0,0,0,0,0,0,0,0,,,,0,,0,0,,,0,0,,,0,0,No_Change,negative,positive,stable,stable,stable,True,True,False,False,False,False,0,16,False,0,0,1233.3,0.0378855251,2479.38,0.0761636367,-2233.01,-0.0685954402,11671.87,399.12,0.0354057351,1197.36,0,-399.12,normal,False,,No driver activity this period.,0 transactions
ACC-0010,9,SMB,Healthcare,Annual,0.0342,stable,27.7007,-0.053134,0.069982,0.018591,2,-0.3333333333,0,4102.11,4349.58,8,4102.11,25.7411,0.056805,0.010463,3,0.0342,0,0,0,increase,1.9596,0.0761272828,0.013177,0.008128,-1,-0.3333333333,0,,,,0,,0,[],[],[],[],[],0,0,0,0,0,0,0,0,0,0,0,0,0,0,0,0,0,0,,,,0,,0,0,,,0,0,,,0,0,No_Change,negative,positive,stable,stable,stable,True,True,False,False,False,False,0,17,False,0,0,1233.3,0.0378855251,532.12,0.0163461004,33640.6,1.0333996553,4248.9166666667,-146.8066666667,-0.0323182602,0,-440.42,146.8066666667,normal,False,,No driver activity this period.,0 transactions
ACC-0011,9,SMB,Real Estate,Monthly,0.0649,stable,32.5031,-0.057616,0.061592,0.023102,3,0,0,2625.32,2625.32,8,2625.32,28.7456,0.063815,0.011792,3,0.0649,0,0,0,increase,3.7575,0.1307156574,-0.002223,0.01131,0,0,0,,,,0,,0,[],[],[],[],[],0,0,0,0,0,0,0,0,0,0,0,0,0,0,0,0,0,0,,,,0,,0,0,,,0,0,,,0,0,No_Change,negative,stable,negative,stable,stable,True,False,True,False,False,False,0,18,False,0,0,1233.3,0.0378855251,0,0,-2233.01,-0.0685954402,2625.32,0,0,0,0,0,normal,False,,No driver activity this period.,0 transactions
ACC-0013,9,Mid-Market,Media,Monthly,0.0279,stable,51.7456,-0.010278,0.050337,0.01112,3,-0.5,0,9237.22,10944.91,8,9237.22,48.8405,0.038277,0.018517,6,0.0279,0,0,0,increase,2.9051,0.059481373,0.01206,-0.007397,-3,-0.5,0,,,,0,,0,[],[],[],[],[],0,0,0,0,0,0,0,0,0,0,0,0,0,0,0,0,0,0,,,,0,,0,0,,,0,0,,,0,0,No_Change,stable,positive,stable,positive,stable,False,True,False,False,False,False,0,19,False,0,0,18341.95,0.5634431255,18796.76,0.5774143536,-2233.01,-0.0685954402,9237.22,0,0,0,0,0,normal,False,,No driver activity this period.,0 transactions
ACC-0014,9,SMB,Education,Multi-Year,0.0799,stable,47.3594,0.029797,0.039112,0.011229,2,0,0,8393.47,8393.47,8,8393.47,47.9617,0.048339,0.017364,2,0.0799,0,0,0,increase,-0.6023,-0.0125579369,-0.009227,-0.006135,0,0,0,,,,0,,0,[],[],[],[],[],0,0,0,0,0,0,0,0,0,0,0,0,0,0,0,0,0,0,,,,0,,0,0,,,0,0,,,0,0,No_Change,positive,stable,stable,stable,stable,True,False,False,False,False,False,0,20,False,0,0,1233.3,0.0378855251,0,0,1145.74,0.0351957849,9701.25,-935.1433333333,-0.0882607895,0,-1961.67,935.1433333333,normal,False,,No driver activity this period.,0 transactions
ACC-0016,9,SMB,Education,Annual,0.0936,stable,19.3013,-0.026729,0.114011,0.01007,1,0,0,2048.58,2048.58,8,2048.58,18.2653,0.111129,0.086418,1,0.0936,0,0,0,increase,1.036,0.0567195721,0.002882,-0.076348,0,0,0,,,,0,,0,[],[],[],[],[],0,0,0,0,0,0,0,0,0,0,0,0,0,0,0,0,0,0,,,,0,,0,0,,,0,0,,,0,0,No_Change,negative,stable,positive,stable,stable,True,False,False,False,False,False,0,21,False,0,0,1233.3,0.0378855251,0,0,33640.6,1.0333996553,2145.34,-48.38,-0.0220538628,0,-145.14,48.38,normal,False,,No driver activity this period.,0 transactions
ACC-0017,9,Mid-Market,Healthcare,Annual,0.1074,decline,27.0668,0.096161,0.07882,0.017229,2,0,0,989.64,989.64,8,1304.14,24.744,0.070273,0.020569,2,0.1074,-314.5,-0.2411550907,314.5,decrease,2.3228,0.0938732622,0.008547,-0.00334,0,0,0,CR-2025-09-001,2025-09-26T10:00:00,Contraction,-314.5,Seat_Reduction,1,"[""CR-2025-09-001""]","[""2025-09-26T10:00:00""]","[""Contraction""]",[-314.5],"[""Seat_Reduction""]",-314.5,0,0,-314.5,0,0,-314.5,0,0,0,0,0,0,1,0,0,0,0,CR-2025-09-001,2025-09-26T10:00:00,Contraction,-314.5,Seat_Reduction,0,-314.5,Contraction,Seat_Reduction,-314.5,1,,,0,0,Contraction,positive,stable,stable,stable,stable,True,False,False,False,False,False,0.256847479,8,False,-314.5,-0.00966107,18341.95,0.5634431255,532.12,0.0163461004,33640.6,1.0333996553,1197.9166666667,106.2233333333,0.107789515,318.67,0,-420.7233333333,unusual_decrease,False,,Contraction -314.5000,1 transactions; largest CR-2025-09-001 -314.5000 (Seat_Reduction)
ACC-0018,9,SMB,Retail,Annual,0.1908,stable,21.4089,0.056886,0.064664,0.014839,1,0,0,1793.32,1793.32,8,1793.32,21.095,0.053373,0.01179,1,0.1908,0,0,0,increase,0.3139,0.0148803034,0.011291,0.003049,0,0,0,,,,0,,0,[],[],[],[],[],0,0,0,0,0,0,0,0,0,0,0,0,0,0,0,0,0,0,,,,0,,0,0,,,0,0,,,0,0,No_Change,positive,positive,stable,stable,stable,True,True,False,False,False,False,0,22,False,0,0,1233.3,0.0378855251,0,0,33640.6,1.0333996553,2041.3466666667,-214.9433333333,-0.0920699795,0,-545.58,214.9433333333,normal,False,,No driver activity this period.,0 transactions
ACC-0019,9,Mid-Market,Real Estate,Annual,0.1741,stable,39.7276,-0.001897,0.056429,0.011632,2,-0.3333333333,0,10327.37,12512.49,8,10327.37,38.368,0.053068,0.078323,3,0.1741,0,0,0,increase,1.3596,0.0354357798,0.003361,-0.066691,-1,-0.3333333333,0,,,,0,,0,[],[],[],[],[],0,0,0,0,0,0,0,0,0,0,0,0,0,0,0,0,0,0,,,,0,,0,0,,,0,0,,,0,0,No_Change,stable,stable,positive,stable,stable,False,False,False,False,False,False,0,23,False,0,0,18341.95,0.5634431255,0,0,33640.6,1.0333996553,10676.2166666667,-174.4233333333,-0.0160749351,0,-523.27,174.4233333333,normal,False,,No driver activity this period.,0 transactions
ACC-0020,9,SMB,Energy,Annual,0.1079,stable,17.5278,0.094514,0.088996,0.016008,2,0,0,1560.53,1509.65,8,1560.53,16.4016,0.078017,0.018665,2,0.1079,0,0,0,increase,1.1262,0.0686640328,0.010979,-0.002657,0,0,0,,,,0,,0,[],[],[],[],[],0,0,0,0,0,0,0,0,0,0,0,0,0,0,0,0,0,0,,,,0,,0,0,,,0,0,,,0,0,No_Change,positive,positive,stable,stable,stable,True,True,False,False,False,False,0,24,False,0,0,1233.3,0.0378855251,2479.38,0.0761636367,33640.6,1.0333996553,1579.58,-19.05,-0.0117761238,0,-57.15,19.05,normal,False,,No driver activity this period.,0 transactions
ACC-0021,9,SMB,Real Estate,Multi-Year,0.0846,stable,10.7219,0.028519,0.050898,0.022878,1,0,0,1961.58,1961.58,8,1961.58,8.984,0.051427,0.012243,1,0.0846,0,0,0,increase,1.7379,0.1934439003,-0.000529,0.010635,0,0,0,,,,0,,0,[],[],[],[],[],0,0,0,0,0,0,0,0,0,0,0,0,0,0,0,0,0,0,,,,0,,0,0,,,0,0,,,0,0,No_Change,positive,stable,negative,stable,stable,True,False,True,False,False,False,0,25,False,0,0,1233.3,0.0378855251,0,0,1145.74,0.0351957849,,,,,,,insufficient_history,False,,No driver activity this period.,0 transactions
ACC-0023,9,SMB,Energy,Monthly,0.1108,stable,5.3732,0.041058,0.069198,0.010226,1,inf,0,456.18,484.74,8,456.18,2.7064,0.05,0.02,0,0.1108,0,0,0,increase,2.6668,0.9853680166,0.019198,-0.009774,1,inf,0,,,,0,,0,[],[],[],[],[],0,0,0,0,0,0,0,0,0,0,0,0,0,0,0,0,0,0,,,,0,,0,0,,,0,0,,,0,0,No_Change,positive,positive,stable,stable,stable,True,True,False,False,False,False,0,26,False,0,0,1233.3,0.0378855251,2479.38,0.0761636367,-2233.01,-0.0685954402,,,,,,,insufficient_history,False,,No driver activity this period.,0 transactions
ACC-0024,9,SMB,Healthcare,Multi-Year,0.1719,growth,18.2562,0.112626,0.088321,0.020878,2,0,0,1138.26,1138.26,8,912.14,17.6009,0.069983,0.015414,2,0.1719,226.12,0.2479005416,226.12,increase,0.6553,0.0372310507,0.018338,0.005464,0,0,0,INV-2025-09-003,2025-09-15T10:00:00,Expansion,214.43,Plan_Upgrade,2,"[""INV-2025-09-003"", ""INV-2025-09-004""]","[""2025-09-15T10:00:00"", ""2025-09-20T10:00:00""]","[""Expansion"", ""Usage_Overage""]","[214.43, 11.69]","[""Plan_Upgrade"", ""Usage_Above_Commit""]",226.12,0,226.12,0,0,214.43,0,0,0,0,11.69,0,0.9483017867,0,0,0,0,0.0516982133,INV-2025-09-003,2025-09-15T10:00:00,Expansion,214.43,Plan_Upgrade,214.43,0,Expansion,Plan_Upgrade,214.43,0.9483017867,Usage_Overage,Usage_Above_Commit,11.69,0.0516982133,Expansion,positive,positive,stable,stable,stable,True,True,False,False,False,False,0.260665358,7,False,226.12,0.0069461404,1233.3,0.0378855251,532.12,0.0163461004,1145.74,0.0351957849,882.63,29.51,0.0358300652,88.53,0,196.61,unusual_increase,False,,Expansion +214.4300; Usage_Overage +11.6900,2 transactions; largest INV-2025-09-003 +214.4300 (Plan_Upgrade)
ACC-0027,9,Mid-Market,Healthcare,Monthly,0.1456,stable,45.9048,0.112256,0.096835,0.016206,2,-0.5,0,4760.49,4760.49,8,4760.49,44.6091,0.103174,0.021528,4,0.1456,0,0,0,increase,1.2957,0.0290456432,-0.006339,-0.005322,-2,-0.5,0,,,,0,,0,[],[],[],[],[],0,0,0,0,0,0,0,0,0,0,0,0,0,0,0,0,0,0,,,,0,,0,0,,,0,0,,,0,0,No_Change,positive,stable,stable,positive,stable,True,False,False,False,False,False,0,27,False,0,0,18341.95,0.5634431255,532.12,0.0163461004,-2233.01,-0.0685954402,4760.49,296.7566666667,0.0766769503,890.27,0,-296.7566666667,normal,False,,No driver activity this period.,0 transactions
ACC-0028,9,SMB,Education,Monthly,0.0925,stable,17.0368,0.115717,0.086168,0.018974,2,0,0,2077.65,2077.65,8,2077.65,18.3532,0.082812,0.011168,2,0.0925,0,0,0,increase,-1.3164,-0.0717259116,0.003356,0.007806,0,0,0,,,,0,,0,[],[],[],[],[],0,0,0,0,0,0,0,0,0,0,0,0,0,0,0,0,0,0,,,,0,,0,0,,,0,0,,,0,0,No_Change,positive,stable,stable,stable,stable,True,False,False,False,False,False,0,28,False,0,0,1233.3,0.0378855251,0,0,-2233.01,-0.0685954402,2077.65,0,0,0,0,0,normal,False,,No driver activity this period.,0 transactions
ACC-0029,9,SMB,Real Estate,Annual,0.1938,stable,5.6113,0.133716,0.055913,0.02196,1,inf,0,1194.11,1582.57,8,1194.11,5.773,0.05,0.02,0,0.1938,0,0,0,increase,-0.1617,-0.0280097003,0.005913,0.00196,1,inf,0,,,,0,,0,[],[],[],[],[],0,0,0,0,0,0,0,0,0,0,0,0,0,0,0,0,0,0,,,,0,,0,0,,,0,0,,,0,0,No_Change,positive,stable,stable,stable,stable,True,False,False,False,False,False,0,29,False,0,0,1233.3,0.0378855251,0,0,33640.6,1.0333996553,,,,,,,insufficient_history,False,,No driver activity this period.,0 transactions
ACC-0033,9,Mid-Market,Real Estate,Monthly,0.1922,stable,31.5276,0.107911,0.051292,0.076753,1,-0.5,0,3894.58,4274.57,8,3894.58,32.7414,0.046923,0.02471,2,0.1922,0,0,0,increase,-1.2138,-0.0370723304,0.004369,0.052043,-1,-0.5,0,,,,0,,0,[],[],[],[],[],0,0,0,0,0,0,0,0,0,0,0,0,0,0,0,0,0,0,,,,0,,0,0,,,0,0,,,0,0,No_Change,positive,stable,negative,stable,stable,True,False,True,False,False,False,0,30,False,0,0,18341.95,0.5634431255,0,0,-2233.01,-0.0685954402,3894.58,140.51,0.040457235,421.53,0,-140.51,normal,False,,No driver activity this period.,0 transactions
ACC-0034,9,Mid-Market,Manufacturing,Monthly,0.1883,decline,117.2666,0.104298,0.044367,0.018696,1,inf,0,7644.91,7644.91,8,9931.49,121.4916,0.05,0.02,0,0.1883,-2286.58,-0.2302353423,2286.58,decrease,-4.225,-0.0347760668,-0.005633,-0.001304,1,inf,0,CR-2025-09-002,2025-09-05T10:00:00,Contraction,-2286.58,Contract_Downgrade,1,"[""CR-2025-09-002""]","[""2025-09-05T10:00:00""]","[""Contraction""]",[-2286.58],"[""Contract_Downgrade""]",-2286.58,0,0,-2286.58,0,0,-2286.58,0,0,0,0,0,0,1,0,0,0,0,CR-2025-09-002,2025-09-05T10:00:00,Contraction,-2286.58,Contract_Downgrade,0,-2286.58,Contraction,Contract_Downgrade,-2286.58,1,,,0,0,Contraction,positive,stable,stable,stable,stable,True,False,False,False,False,False,0.3140294214,4,True,-2286.58,-0.0702410475,18341.95,0.5634431255,-2286.58,-0.0702410475,-2233.01,-0.0685954402,,,,,,,insufficient_history,False,,"Contraction -2,286.5800","1 transactions; largest CR-2025-09-002 -2,286.5800 (Contract_Downgrade)"
ACC-0035,9,SMB,Technology,Annual,0.0633,stable,12.2969,0.063478,0.05,0.02,0,,0,1773.4,1773.4,,,,,,,0.0633,0,0,0,increase,,,,,,,,INV-2025-09-005,2025-09-17T10:00:00,New_ARR,1773.4,New_Logo_Signed,1,"[""INV-2025-09-005""]","[""2025-09-17T10:00:00""]","[""New_ARR""]",[1773.4],"[""New_Logo_Signed""]",1773.4,0,1773.4,0,1773.4,0,0,0,0,0,0,1,0,0,0,0,0,0,INV-2025-09-005,2025-09-17T10:00:00,New_ARR,1773.4,New_Logo_Signed,1773.4,0,New_ARR,New_Logo_Signed,1773.4,1,,,0,0,New_ARR,positive,unknown,unknown,unknown,stable,True,False,False,False,False,False,0,31,False,0,0,1233.3,0.0378855251,12978.08,0.3986713494,33640.6,1.0333996553,,,,,,,insufficient_history,False,,"New_ARR +1,773.4000","1 transactions; largest INV-2025-09-005 +1,773.4000 (New_Logo_Signed)"
ACC-0037,9,SMB,Technology,Multi-Year,0.1992,stable,11.006,0.044834,0.064977,0.023901,1,0,0,654.7,654.7,8,654.7,9.9954,0.047894,0.011753,1,0.1992,0,0,0,increase,1.0106,0.101106509,0.017083,0.012148,0,0,0,,,,0,,0,[],[],[],[],[],0,0,0,0,0,0,0,0,0,0,0,0,0,0,0,0,0,0,,,,0,,0,0,,,0,0,,,0,0,No_Change,positive,positive,negative,stable,stable,True,True,True,False,False,False,0,32,False,0,0,1233.3,0.0378855251,12978.08,0.3986713494,1145.74,0.0351957849,730.86,-38.08,-0.0495227196,0,-114.24,38.08,normal,False,,No driver activity this period.,0 transactions
ACC-0040,9,SMB,Healthcare,Multi-Year,0.0269,growth,19.5363,0.112797,0.072571,0.017894,1,0,0,2868.85,2868.85,8,2248.35,14.8706,0.068284,0.011578,1,0.0269,620.5,0.2759801632,620.5,increase,4.6657,0.3137533119,0.004287,0.006316,0,0,0,INV-2025-09-006,2025-09-08T10:00:00,Expansion,592.42,Feature_Upgrade,2,"[""INV-2025-09-006"", ""INV-2025-09-007""]","[""2025-09-08T10:00:00"", ""2025-09-13T10:00:00""]","[""Expansion"", ""Usage_Overage""]","[592.42, 28.08]","[""Feature_Upgrade"", ""Usage_Above_Commit""]",620.5,0,620.5,0,0,592.42,0,0,0,0,28.08,0,0.9547461724,0,0,0,0,0.0452538276,INV-2025-09-006,2025-09-08T10:00:00,Expansion,592.42,Feature_Upgrade,592.42,0,Expansion,Feature_Upgrade,592.42,0.9547461724,Usage_Overage,Usage_Above_Commit,28.08,0.0452538276,Expansion,positive,stable,stable,stable,stable,True,False,False,False,False,False,0.3029660843,5,False,620.5,0.01906103,1233.3,0.0378855251,532.12,0.0163461004,1145.74,0.0351957849,2143.34,105.01,0.0543158918,315.03,0,515.49,unusual_increase,False,,Expansion +592.4200; Usage_Overage +28.0800,2 transactions; largest INV-2025-09-006 +592.4200 (Feature_Upgrade)
ACC-0041,9,SMB,Technology,Monthly,0.0686,stable,5.7595,0.144137,0.05,0.02,0,,1,1374.77,1374.77,,,,,,,0.0686,0,0,0,increase,,,,,,,,INV-2025-09-008,2025-09-22T10:00:00,New_ARR,1374.77,New_Logo_Signed,1,"[""INV-2025-09-008""]","[""2025-09-22T10:00:00""]","[""New_ARR""]",[1374.77],"[""New_Logo_Signed""]",1374.77,0,1374.77,0,1374.77,0,0,0,0,0,0,1,0,0,0,0,0,0,INV-2025-09-008,2025-09-22T10:00:00,New_ARR,1374.77,New_Logo_Signed,1374.77,0,New_ARR,New_Logo_Signed,1374.77,1,,,0,0,New_ARR,positive,unknown,unknown,unknown,negative,True,False,False,False,True,False,0,33,False,0,0,1233.3,0.0378855251,12978.08,0.3986713494,-2233.01,-0.0685954402,,,,,,,insufficient_history,False,,"New_ARR +1,374.7700","1 transactions; largest INV-2025-09-008 +1,374.7700 (New_Logo_Signed)"
ACC-0043,9,SMB,Media,Annual,0.0855,stable,7.0868,0.035803,0.127396,0.020664,1,-0.5,0,487.28,487.28,8,487.28,5.3983,0.113425,0.011665,2,0.0855,0,0,0,increase,1.6885,0.3127836541,0.013971,0.008999,-1,-0.5,0,,,,0,,0,[],[],[],[],[],0,0,0,0,0,0,0,0,0,0,0,0,0,0,0,0,0,0,,,,0,,0,0,,,0,0,,,0,0,No_Change,positive,positive,stable,stable,stable,True,True,False,False,False,False,0,34,False,0,0,1233.3,0.0378855251,18796.76,0.5774143536,33640.6,1.0333996553,505.9333333333,-9.3266666667,-0.018100894,0,-27.98,9.3266666667,normal,False,,No driver activity this period.,0 transactions
ACC-0044,9,Mid-Market,Energy,Annual,0.0296,growth,34.8831,0.059191,0.089095,0.01572,2,1,1,8533.49,10418.15,8,6353.23,30.3777,0.071682,0.018064,1,0.0296,2180.26,0.3431734724,2180.26,increase,4.5054,0.1483127426,0.017413,-0.002344,1,1,0,INV-2025-09-009,2025-09-02T10:00:00,Expansion,2180.26,Feature_Upgrade,1,"[""INV-2025-09-009""]","[""2025-09-02T10:00:00""]","[""Expansion""]",[2180.26],"[""Feature_Upgrade""]",2180.26,0,2180.26,0,0,2180.26,0,0,0,0,0,0,1,0,0,0,0,0,INV-2025-09-009,2025-09-02T10:00:00,Expansion,2180.26,Feature_Upgrade,2180.26,0,Expansion,Feature_Upgrade,2180.26,1,,,0,0,Expansion,positive,positive,stable,stable,negative,True,True,False,False,True,False,0.4255309051,3,True,2180.26,0.0669750222,18341.95,0.5634431255,2479.38,0.0761636367,33640.6,1.0333996553,6353.23,0,0,0,0,2180.26,normal,False,,"Expansion +2,180.2600","1 transactions; largest INV-2025-09-009 +2,180.2600 (Feature_Upgrade)"
ACC-0046,9,Enterprise,Retail,Multi-Year,0.0473,stable,618.7207,-0.005121,0.10359,0.021565,5,4,0,145953.35,145953.35,8,145953.35,616.5056,0.085037,0.010424,1,0.0473,0,0,0,increase,2.2151,0.0035929925,0.018553,0.011141,4,4,0,,,,0,,0,[],[],[],[],[],0,0,0,0,0,0,0,0,0,0,0,0,0,0,0,0,0,0,,,,0,,0,0,,,0,0,,,0,0,No_Change,stable,positive,negative,negative,stable,False,True,True,True,False,False,0,35,False,0,0,12978.08,0.3986713494,0,0,1145.74,0.0351957849,133151.8,12801.55,0.1190302626,38404.65,0,-12801.55,normal,False,,No driver activity this period.,0 transactions
ACC-0047,9,SMB,Energy,Annual,0.0823,stable,6.811,0.020147,0.046707,0.011337,1,inf,0,650.24,650.24,8,650.24,3.1518,0.05,0.02,0,0.0823,0,0,0,increase,3.6592,1.1609873723,-0.003293,-0.008663,1,inf,0,,,,0,,0,[],[],[],[],[],0,0,0,0,0,0,0,0,0,0,0,0,0,0,0,0,0,0,,,,0,,0,0,,,0,0,,,0,0,No_Change,positive,stable,stable,stable,stable,True,False,False,False,False,False,0,36,False,0,0,1233.3,0.0378855251,2479.38,0.0761636367,33640.6,1.0333996553,,,,,,,insufficient_history,False,,No driver activity this period.,0 transactions
ACC-0049,9,SMB,Manufacturing,Monthly,0.0557,stable,8.7812,0.009165,0.080815,0.024692,1,0,0,1427.45,1427.45,8,1427.45,9.7569,0.066872,0.07665,1,0.0557,0,0,0,increase,-0.9757,-0.1000010249,0.013943,-0.051958,0,0,0,,,,0,,0,[],[],[],[],[],0,0,0,0,0,0,0,0,0,0,0,0,0,0,0,0,0,0,,,,0,,0,0,,,0,0,,,0,0,No_Change,stable,positive,positive,stable,stable,False,True,False,False,False,False,0,37,False,0,0,1233.3,0.0378855251,-2286.58,-0.0702410475,-2233.01,-0.0685954402,1427.45,91.0666666667,0.0788968306,273.2,0,-91.0666666667,normal,False,,No driver activity this period.,0 transactions
ACC-0050,9,SMB,Real Estate,Monthly,0.0055,stable,6.8608,0.008226,0.05,0.02,0,,0,1577.3,1577.3,,,,,,,0.0055,0,0,0,increase,,,,,,,,INV-2025-09-010,2025-09-06T10:00:00,New_ARR,1577.3,New_Logo_Signed,1,"[""INV-2025-09-010""]","[""2025-09-06T10:00:00""]","[""New_ARR""]",[1577.3],"[""New_Logo_Signed""]",1577.3,0,1577.3,0,1577.3,0,0,0,0,0,0,1,0,0,0,0,0,0,INV-2025-09-010,2025-09-06T10:00:00,New_ARR,1577.3,New_Logo_Signed,1577.3,0,New_ARR,New_Logo_Signed,1577.3,1,,,0,0,New_ARR,stable,unknown,unknown,unknown,stable,False,False,False,False,False,False,0,38,False,0,0,1233.3,0.0378855251,0,0,-2233.01,-0.0685954402,,,,,,,insufficient_history,False,,"New_ARR +1,577.3000","1 transactions; largest INV-2025-09-010 +1,577.3000 (New_Logo_Signed)"
ACC-0055,9,SMB,Education,Annual,0.0758,stable,14.0552,0.097488,0.073234,0.013178,2,1,0,962.09,962.09,8,962.09,12.5317,0.059058,0.019244,1,0.0758,0,0,0,increase,1.5235,0.1215716942,0.014176,-0.006066,1,1,0,,,,0,,0,[],[],[],[],[],0,0,0,0,0,0,0,0,0,0,0,0,0,0,0,0,0,0,,,,0,,0,0,,,0,0,,,0,0,No_Change,positive,positive,stable,stable,stable,True,True,False,False,False,False,0,39,False,0,0,1233.3,0.0378855251,0,0,33640.6,1.0333996553,962.09,0,0,0,0,0,normal,False,,No driver activity this period.,0 transactions
ACC-0057,9,SMB,Media,Annual,0.192,growth,10.931,0.010085,0.056688,0.014139,1,0,0,958.32,958.32,8,924.33,6.2474,0.06087,0.012259,1,0.192,33.99,0.0367725812,33.99,increase,4.6836,0.7496878702,-0.004182,0.00188,0,0,0,INV-2025-09-011,2025-09-18T10:00:00,Usage_Overage,33.99,Usage_Above_Commit,1,"[""INV-2025-09-011""]","[""2025-09-18T10:00:00""]","[""Usage_Overage""]",[33.99],"[""Usage_Above_Commit""]",33.99,0,33.99,0,0,0,0,0,0,0,33.99,0,0,0,0,0,0,1,INV-2025-09-011,2025-09-18T10:00:00,Usage_Overage,33.99,Usage_Above_Commit,33.99,0,Usage_Overage,Usage_Above_Commit,33.99,1,,,0,0,Usage_Overage,stable,stable,stable,stable,stable,False,False,False,False,False,False,0.0386815924,10,False,33.99,0.0010441328,1233.3,0.0378855251,18796.76,0.5774143536,33640.6,1.0333996553,924.33,0,0,0,0,33.99,normal,False,,Usage_Overage +33.9900,1 transactions; largest INV-2025-09-011 +33.9900 (Usage_Above_Commit)
ACC-0058,9,Mid-Market,Energy,Monthly,0.1904,stable,51.0856,0.027426,0.053835,0.022508,0,,0,5308.01,5308.01,8,5308.01,46.5958,0.05,0.02,0,0.1904,0,0,0,increase,4.4898,0.096356324,0.003835,0.002508,0,,0,,,,0,,0,[],[],[],[],[],0,0,0,0,0,0,0,0,0,0,0,0,0,0,0,0,0,0,,,,0,,0,0,,,0,0,,,0,0,No_Change,positive,stable,stable,stable,stable,True,False,False,False,False,False,0,40,False,0,0,18341.95,0.5634431255,2479.38,0.0761636367,-2233.01,-0.0685954402,,,,,,,insufficient_history,False,,No driver activity this period.,0 transactions
ACC-0059,9,SMB,Fintech,Monthly,0.095,growth,11.52,0.136755,0.119693,0.087251,2,-0.3333333333,0,1409.75,1318.7,8,1356.18,11.7635,0.103052,0.020463,3,0.095,53.57,0.0395006563,53.57,increase,-0.2435,-0.0206996217,0.016641,0.066788,-1,-0.3333333333,0,INV-2025-09-012,2025-09-17T10:00:00,Usage_Overage,53.57,Usage_Above_Commit,1,"[""INV-2025-09-012""]","[""2025-09-17T10:00:00""]","[""Usage_Overage""]",[53.57],"[""Usage_Above_Commit""]",53.57,0,53.57,0,0,0,0,0,0,0,53.57,0,0,0,0,0,0,1,INV-2025-09-012,2025-09-17T10:00:00,Usage_Overage,53.57,Usage_Above_Commit,53.57,0,Usage_Overage,Usage_Above_Commit,53.57,1,,,0,0,Usage_Overage,positive,positive,negative,stable,stable,True,True,True,False,False,False,0.0421422466,9,False,53.57,0.0016456074,1233.3,0.0378855251,53.57,0.0016456074,-2233.01,-0.0685954402,1308.0433333333,48.1366666667,0.0397242601,144.41,0,5.4333333333,normal,False,,Usage_Overage +53.5700,1 transactions; largest INV-2025-09-012 +53.5700 (Usage_Above_Commit)
ACC-0060,9,Mid-Market,Education,Monthly,0.0488,stable,102.6088,-0.001627,0.128979,0.01577,3,-0.5,0,10484.04,10484.04,8,10484.04,102.6552,0.120687,0.010319,6,0.0488,0,0,0,increase,-0.0464,-0.0004519985,0.008292,0.005451,-3,-0.5,0,,,,0,,0,[],[],[],[],[],0,0,0,0,0,0,0,0,0,0,0,0,0,0,0,0,0,0,,,,0,,0,0,,,0,0,,,0,0,No_Change,stable,stable,stable,positive,stable,False,False,False,False,False,False,0,41,False,0,0,18341.95,0.5634431255,0,0,-2233.01,-0.0685954402,11648.1866666667,-582.0733333333,-0.047592883,0,-1746.22,582.0733333333,normal,False,,No driver activity this period.,0 transactions
ACC-0061,9,SMB,Real Estate,Monthly,0.1115,stable,7.7664,0.087024,0.056478,0.018896,5,4,0,711.24,711.24,8,711.24,4.0257,0.051197,0.022522,1,0.1115,0,0,0,increase,3.7407,0.9292048588,0.005281,-0.003626,4,4,0,,,,0,,0,[],[],[],[],[],0,0,0,0,0,0,0,0,0,0,0,0,0,0,0,0,0,0,,,,0,,0,0,,,0,0,,,0,0,No_Change,positive,stable,stable,negative,stable,True,False,False,True,False,False,0,42,False,0,0,1233.3,0.0378855251,0,0,-2233.01,-0.0685954402,683.68,39.2966666667,0.0635746444,76.55,0,-39.2966666667,normal,False,,No driver activity this period.,0 transactions
ACC-0063,9,Mid-Market,Retail,Annual,0.0949,stable,97.7702,0.101156,0.05,0.02,0,,0,12998.29,12998.29,,,,,,,0.0949,0,0,0,increase,,,,,,,,INV-2025-09-013,2025-09-03T10:00:00,New_ARR,12998.29,New_Logo_Signed,1,"[""INV-2025-09-013""]","[""2025-09-03T10:00:00""]","[""New_ARR""]",[12998.29],"[""New_Logo_Signed""]",12998.29,0,12998.29,0,12998.29,0,0,0,0,0,0,1,0,0,0,0,0,0,INV-2025-09-013,2025-09-03T10:00:00,New_ARR,12998.29,New_Logo_Signed,12998.29,0,New_ARR,New_Logo_Signed,12998.29,1,,,0,0,New_ARR,positive,unknown,unknown,unknown,stable,True,False,False,False,False,False,0,43,False,0,0,18341.95,0.5634431255,0,0,33640.6,1.0333996553,,,,,,,insufficient_history,False,,"New_ARR +12,998.2900","1 transactions; largest INV-2025-09-013 +12,998.2900 (New_Logo_Signed)"
ACC-0065,9,SMB,Energy,Multi-Year,0.0161,growth,20.003,0.098725,0.078697,0.012988,2,0,0,1441.8,1441.8,8,1142.68,17.5221,0.076278,0.02414,2,0.0161,299.12,0.2617705744,299.12,increase,2.4809,0.1415869102,0.002419,-0.011152,0,0,0,INV-2025-09-014,2025-09-25T10:00:00,Expansion,299.12,Seat_Add,1,"[""INV-2025-09-014""]","[""2025-09-25T10:00:00""]","[""Expansion""]",[299.12],"[""Seat_Add""]",299.12,0,299.12,0,0,299.12,0,0,0,0,0,0,1,0,0,0,0,0,INV-2025-09-014,2025-09-25T10:00:00,Expansion,299.12,Seat_Add,299.12,0,Expansion,Seat_Add,299.12,1,,,0,0,Expansion,positive,stable,positive,stable,stable,True,False,False,False,False,False,0.2773402427,6,False,299.12,0.0091886145,1233.3,0.0378855251,2479.38,0.0761636367,1145.74,0.0351957849,1142.68,0,0,0,0,299.12,normal,False,,Expansion +299.1200,1 transactions; largest INV-2025-09-014 +299.1200 (Seat_Add)
ACC-0070,9,Enterprise,Technology,Annual,0.1814,stable,637.0845,0.05082,0.114845,0.075283,1,-0.5,0,177471.85,177471.85,8,177471.85,638.9341,0.107603,0.012725,2,0.1814,0,0,0,increase,-1.8496,-0.0028948212,0.007242,0.062558,-1,-0.5,0,,,,0,,0,[],[],[],[],[],0,0,0,0,0,0,0,0,0,0,0,0,0,0,0,0,0,0,,,,0,,0,0,,,0,0,,,0,0,No_Change,positive,stable,negative,stable,stable,True,False,True,False,False,False,0,44,False,0,0,12978.08,0.3986713494,12978.08,0.3986713494,33640.6,1.0333996553,166904.2233333334,23803.44,0.1972894459,39707.44,0,-23803.44,normal,False,,No driver activity this period.,0 transactions
ACC-0001,10,Enterprise,Technology,Annual,0.049,growth,382.8873,0.139093,0.113225,0.017362,2,0,0,97995.36,80082.59,9,55489.31,370.3566,0.10048,0.023202,2,0.049,42506.05,0.7660223203,42506.05,increase,12.5307,0.033834148,0.012745,-0.00584,0,0,0,INV-2025-10-001,2025-10-18T10:00:00,Expansion,42506.05,Plan_Upgrade,1,"[""INV-2025-10-001""]","[""2025-10-18T10:00:00""]","[""Expansion""]",[42506.05],"[""Plan_Upgrade""]",42506.05,0,42506.05,0,0,42506.05,0,0,0,0,0,0,1,0,0,0,0,0,INV-2025-10-001,2025-10-18T10:00:00,Expansion,42506.05,Plan_Upgrade,42506.05,0,Expansion,Plan_Upgrade,42506.05,1,,,0,0,Expansion,positive,positive,stable,stable,stable,True,True,False,False,False,False,1,1,True,42506.05,0.9371413189,34865.45,0.768687135,42506.05,0.9371413189,39520.28,0.8713133147,46837.2566666667,4326.0266666667,0.1017619736,12978.08,0,38180.0233333333,unusual_increase,False,,"Expansion +42,506.0500","1 transactions; largest INV-2025-10-001 +42,506.0500 (Plan_Upgrade)"
ACC-0002,10,Enterprise,Healthcare,Annual,0.0064,decline,528.4382,-0.052461,0.154372,0.08151,1,-0.5,0,53887.17,63677.69,9,61527.77,534.6854,0.134449,0.020781,2,0.0064,-7640.6,-0.124181325,7640.6,decrease,-6.2472,-0.0116838799,0.019923,0.060729,-1,-0.5,0,CR-2025-10-001,2025-10-19T10:00:00,SLA_Credit,-7640.6,System_Outage_Credit,1,"[""CR-2025-10-001""]","[""2025-10-19T10:00:00""]","[""SLA_Credit""]",[-7640.6],"[""System_Outage_Credit""]",-7640.6,0,0,-7640.6,0,0,0,0,-7640.6,0,0,0,0,0,0,1,0,0,CR-2025-10-001,2025-10-19T10:00:00,SLA_Credit,-7640.6,System_Outage_Credit,0,-7640.6,SLA_Credit,System_Outage_Credit,-7640.6,1,,,0,0,SLA_Credit,negative,positive,negative,stable,stable,True,True,True,False,False,False,0.1735787638,2,True,-7640.6,-0.1684541838,34865.45,0.768687135,-7393.13,-0.162998152,39520.28,0.8713133147,61527.77,0,0,0,0,-7640.6,normal,False,,"SLA_Credit -7,640.6000","1 transactions; largest CR-2025-10-001 -7,640.6000 (System_Outage_Credit)"
ACC-0003,10,Mid-Market,Real Estate,Monthly,0.13,growth,38.8567,0.131037,0.056584,0.014423,1,0,1,5222.59,5222.59,9,4120.51,35.6885,0.045219,0.016394,1,0.13,1102.08,0.2674620375,1102.08,increase,3.1682,0.0887736946,0.011365,-0.001971,0,0,0,INV-2025-10-002,2025-10-24T10:00:00,Expansion,957.97,Seat_Add,2,"[""INV-2025-10-002"", ""INV-2025-10-003""]","[""2025-10-24T10:00:00"", ""2025-10-29T10:00:00""]","[""Expansion"", ""Usage_Overage""]","[957.97, 144.11]","[""Seat_Add"", ""Usage_Above_Commit""]",1102.08,0,1102.08,0,0,957.97,0,0,0,0,144.11,0,0.8692381678,0,0,0,0,0.1307618322,INV-2025-10-002,2025-10-24T10:00:00,Expansion,957.97,Seat_Add,957.97,0,Expansion,Seat_Add,957.97,0.8692381678,Usage_Overage,Usage_Above_Commit,144.11,0.1307618322,Expansion,positive,positive,stable,stable,negative,True,True,False,False,True,False,0.139057884,4,True,1102.08,0.0242978283,7259.54,0.1600528605,4055.65,0.0894159111,5836.86,0.1286866853,4120.51,0,0,0,0,1102.08,normal,False,,Expansion +957.9700; Usage_Overage +144.1100,2 transactions; largest INV-2025-10-002 +957.9700 (Seat_Add)
ACC-0004,10,SMB,Fintech,Annual,0.0319,stable,35.419,0.062375,0.077788,0.014644,1,0,0,4951.93,4951.93,9,4951.93,32.5297,0.076029,0.019041,1,0.0319,0,0,0,increase,2.8893,0.0888203703,0.001759,-0.004397,0,0,0,,,,0,,0,[],[],[],[],[],0,0,0,0,0,0,0,0,0,0,0,0,0,0,0,0,0,0,,,,0,,0,0,,,0,0,,,0,0,No_Change,positive,stable,stable,stable,stable,True,False,False,False,False,False,0,15,False,0,0,3232.15,0.0712600045,-91.05,-0.0020074017,39520.28,0.8713133147,4951.93,-340.4866666667,-0.0570005753,0,-1021.46,340.4866666667,normal,False,,No driver activity this period.,0 transactions
ACC-0005,10,SMB,Energy,Monthly,0.076,growth,30.2971,0.048727,0.078909,0.01184,2,0,0,2088.15,2088.15,9,1628.2,24.585,0.080342,0.011702,2,0.076,459.95,0.2824898661,459.95,increase,5.7121,0.2323408582,-0.001433,0.000138,0,0,0,INV-2025-10-004,2025-10-17T10:00:00,Expansion,459.95,Plan_Upgrade,1,"[""INV-2025-10-004""]","[""2025-10-17T10:00:00""]","[""Expansion""]",[459.95],"[""Plan_Upgrade""]",459.95,0,459.95,0,0,459.95,0,0,0,0,0,0,1,0,0,0,0,0,INV-2025-10-004,2025-10-17T10:00:00,Expansion,459.95,Plan_Upgrade,459.95,0,Expansion,Plan_Upgrade,459.95,1,,,0,0,Expansion,positive,stable,stable,stable,stable,True,False,False,False,False,False,0.1361047713,5,False,459.95,0.0101406306,3232.15,0.0712600045,4571.93,0.100798463,5836.86,0.1286866853,1628.2,0,0,0,0,459.95,normal,False,,Expansion +459.9500,1 transactions; largest INV-2025-10-004 +459.9500 (Plan_Upgrade)
ACC-0006,10,Mid-Market,Media,Annual,0.1946,stable,459.3791,0.00826,0.105211,0.02158,2,0,0,91727.04,91727.04,9,91727.04,460.1668,0.087848,0.020587,2,0.1946,0,0,0,increase,-0.7877,-0.0017117706,0.017363,0.000993,0,0,0,,,,0,,0,[],[],[],[],[],0,0,0,0,0,0,0,0,0,0,0,0,0,0,0,0,0,0,,,,0,,0,0,,,0,0,,,0,0,No_Change,stable,positive,stable,stable,stable,False,True,False,False,False,False,0,16,False,0,0,7259.54,0.1600528605,1707.69,0.0376498606,39520.28,0.8713133147,79218.5266666667,6254.2566666667,0.0857167031,18762.77,0,-6254.2566666667,normal,False,,No driver activity this period.,0 transactions
ACC-0007,10,Mid-Market,Technology,Multi-Year,0.0723,stable,125.3776,0.081232,0.079397,0.024228,7,2.5,0,29622.86,29622.86,9,29622.86,122.7561,0.082766,0.018642,2,0.0723,0,0,0,increase,2.6215,0.0213553542,-0.003369,0.005586,5,2.5,0,,,,0,,0,[],[],[],[],[],0,0,0,0,0,0,0,0,0,0,0,0,0,0,0,0,0,0,,,,0,,0,0,,,0,0,,,0,0,No_Change,positive,stable,stable,negative,stable,True,False,False,True,False,False,0,17,False,0,0,7259.54,0.1600528605,42506.05,0.9371413189,0,0,29387.4233333333,235.4366666667,0.0081419349,706.31,0,-235.4366666667,normal,False,,No driver activity this period.,0 transactions
ACC-0009,10,SMB,Energy,Monthly,0.0711,growth,75.3744,0.003238,0.058343,0.017437,1,0,0,14719.75,14719.75,9,12470.11,69.8017,0.057509,0.02028,1,0.0711,2249.64,0.1804025786,2249.64,increase,5.5727,0.0798361644,0.000834,-0.002843,0,0,0,INV-2025-10-005,2025-10-10T10:00:00,Expansion,2249.64,Feature_Upgrade,1,"[""INV-2025-10-005""]","[""2025-10-10T10:00:00""]","[""Expansion""]",[2249.64],"[""Feature_Upgrade""]",2249.64,0,2249.64,0,0,2249.64,0,0,0,0,0,0,1,0,0,0,0,0,INV-2025-10-005,2025-10-10T10:00:00,Expansion,2249.64,Feature_Upgrade,2249.64,0,Expansion,Feature_Upgrade,2249.64,1,,,0,0,Expansion,stable,stable,stable,stable,stable,False,False,False,False,False,False,0.1168283365,8,False,2249.64,0.0495983653,3232.15,0.0712600045,4571.93,0.100798463,5836.86,0.1286866853,12070.99,399.12,0.0354057351,1197.36,0,1850.52,unusual_increase,False,,"Expansion +2,249.6400","1 transactions; largest INV-2025-10-005 +2,249.6400 (Feature_Upgrade)"
ACC-0010,10,SMB,Healthcare,Annual,0.0342,growth,30.3562,0.112889,0.089675,0.02127,1,-0.5,0,4349.58,4349.58,9,4102.11,27.7007,0.069982,0.018591,2,0.0342,247.47,0.06032749,247.47,increase,2.6555,0.0958640034,0.019693,0.002679,-1,-0.5,0,INV-2025-10-006,2025-10-19T10:00:00,Usage_Overage,247.47,Usage_Above_Commit,1,"[""INV-2025-10-006""]","[""2025-10-19T10:00:00""]","[""Usage_Overage""]",[247.47],"[""Usage_Above_Commit""]",247.47,0,247.47,0,0,0,0,0,0,0,247.47,0,0,0,0,0,0,1,INV-2025-10-006,2025-10-19T10:00:00,Usage_Overage,247.47,Usage_Above_Commit,247.47,0,Usage_Overage,Usage_Above_Commit,247.47,1,,,0,0,Usage_Overage,positive,positive,stable,stable,stable,True,True,False,False,False,False,0.0313482734,11,False,247.47,0.0054560318,3232.15,0.0712600045,-7393.13,-0.162998152,39520.28,0.8713133147,4102.11,-146.8066666667,-0.0323182602,0,-440.42,394.2766666667,normal,False,,Usage_Overage +247.4700,1 transactions; largest INV-2025-10-006 +247.4700 (Usage_Above_Commit)
ACC-0011,10,SMB,Real Estate,Monthly,0.0649,stable,30.9502,0.102,0.072962,0.016828,5,0.6666666667,1,2625.32,1979.6,9,2625.32,32.5031,0.061592,0.023102,3,0.0649,0,0,0,increase,-1.5529,-0.0477769813,0.01137,-0.006274,2,0.6666666667,0,,,,0,,0,[],[],[],[],[],0,0,0,0,0,0,0,0,0,0,0,0,0,0,0,0,0,0,,,,0,,0,0,,,0,0,,,0,0,No_Change,positive,positive,stable,negative,negative,True,True,False,True,True,False,0,18,False,0,0,3232.15,0.0712600045,4055.65,0.0894159111,5836.86,0.1286866853,2625.32,0,0,0,0,0,normal,False,,No driver activity this period.,0 transactions
ACC-0013,10,Mid-Market,Media,Monthly,0.0279,growth,55.0494,0.101731,0.069276,0.013975,2,-0.3333333333,0,10944.91,10944.91,9,9237.22,51.7456,0.050337,0.01112,3,0.0279,1707.69,0.1848705563,1707.69,increase,3.3038,0.0638469744,0.018939,0.002855,-1,-0.3333333333,0,INV-2025-10-007,2025-10-26T10:00:00,Expansion,1707.69,Feature_Upgrade,1,"[""INV-2025-10-007""]","[""2025-10-26T10:00:00""]","[""Expansion""]",[1707.69],"[""Feature_Upgrade""]",1707.69,0,1707.69,0,0,1707.69,0,0,0,0,0,0,1,0,0,0,0,0,INV-2025-10-007,2025-10-26T10:00:00,Expansion,1707.69,Feature_Upgrade,1707.69,0,Expansion,Feature_Upgrade,1707.69,1,,,0,0,Expansion,positive,positive,stable,stable,stable,True,True,False,False,False,False,0.1105823139,9,False,1707.69,0.0376498606,7259.54,0.1600528605,1707.69,0.0376498606,5836.86,0.1286866853,9237.22,0,0,0,0,1707.69,normal,False,,"Expansion +1,707.6900","1 transactions; largest INV-2025-10-007 +1,707.6900 (Feature_Upgrade)"
ACC-0014,10,SMB,Education,Multi-Year,0.0799,stable,49.8525,0.104824,0.040737,0.012799,1,-0.5,0,8393.47,8393.47,9,8393.47,47.3594,0.039112,0.011229,2,0.0799,0,0,0,increase,2.4931,0.0526421365,0.001625,0.00157,-1,-0.5,0,,,,0,,0,[],[],[],[],[],0,0,0,0,0,0,0,0,0,0,0,0,0,0,0,0,0,0,,,,0,,0,0,,,0,0,,,0,0,No_Change,positive,stable,stable,stable,stable,True,False,False,False,False,False,0,19,False,0,0,3232.15,0.0712600045,0,0,0,0,9047.36,-653.89,-0.0631464181,0,-1961.67,653.89,normal,False,,No driver activity this period.,0 transactions
ACC-0016,10,SMB,Education,Annual,0.0936,stable,18.6353,0.018351,0.124313,0.020403,1,0,1,2048.58,2048.58,9,2048.58,19.3013,0.114011,0.01007,1,0.0936,0,0,0,increase,-0.666,-0.0345054478,0.010302,0.010333,0,0,0,,,,0,,0,[],[],[],[],[],0,0,0,0,0,0,0,0,0,0,0,0,0,0,0,0,0,0,,,,0,,0,0,,,0,0,,,0,0,No_Change,stable,positive,negative,stable,negative,False,True,True,False,True,False,0,20,False,0,0,3232.15,0.0712600045,0,0,39520.28,0.8713133147,2096.96,-48.38,-0.0220538628,0,-145.14,48.38,normal,False,,No driver activity this period.,0 transactions
ACC-0017,10,Mid-Market,Healthcare,Annual,0.1074,stable,25.4488,0.020824,0.088122,0.022778,2,0,0,989.64,989.64,9,989.64,27.0668,0.07882,0.017229,2,0.1074,0,0,0,increase,-1.618,-0.0597780307,0.009302,0.005549,0,0,0,,,,0,,0,[],[],[],[],[],0,0,0,0,0,0,0,0,0,0,0,0,0,0,0,0,0,0,,,,0,,0,0,,,0,0,,,0,0,No_Change,positive,stable,stable,stable,stable,True,False,False,False,False,False,0,21,False,0,0,7259.54,0.1600528605,-7393.13,-0.162998152,39520.28,0.8713133147,1199.3066666667,1.39,0.0274044847,318.67,-314.5,-1.39,normal,False,,No driver activity this period.,0 transactions
ACC-0018,10,SMB,Retail,Annual,0.1908,stable,21.9155,0.069278,0.078185,0.012758,1,0,0,1793.32,1703.35,9,1793.32,21.4089,0.064664,0.014839,1,0.1908,0,0,0,increase,0.5066,0.023663056,0.013521,-0.002081,0,0,0,,,,0,,0,[],[],[],[],[],0,0,0,0,0,0,0,0,0,0,0,0,0,0,0,0,0,0,,,,0,,0,0,,,0,0,,,0,0,No_Change,positive,positive,stable,stable,stable,True,True,False,False,False,False,0,22,False,0,0,3232.15,0.0712600045,0,0,39520.28,0.8713133147,1826.4033333333,-214.9433333333,-0.0920699795,0,-545.58,214.9433333333,normal,False,,No driver activity this period.,0 transactions
ACC-0019,10,Mid-Market,Real Estate,Annual,0.1741,growth,43.3058,0.116777,0.068251,0.019474,2,0,0,12512.49,11570.11,9,10327.37,39.7276,0.056429,0.011632,2,0.1741,2185.12,0.211585331,2185.12,increase,3.5782,0.0900683656,0.011822,0.007842,0,0,0,INV-2025-10-008,2025-10-04T10:00:00,Expansion,2185.12,Feature_Upgrade,1,"[""INV-2025-10-008""]","[""2025-10-04T10:00:00""]","[""Expansion""]",[2185.12],"[""Feature_Upgrade""]",2185.12,0,2185.12,0,0,2185.12,0,0,0,0,0,0,1,0,0,0,0,0,INV-2025-10-008,2025-10-04T10:00:00,Expansion,2185.12,Feature_Upgrade,2185.12,0,Expansion,Feature_Upgrade,2185.12,1,,,0,0,Expansion,positive,positive,stable,stable,stable,True,True,False,False,False,False,0.1300892793,6,False,2185.12,0.0481758771,7259.54,0.1600528605,4055.65,0.0894159111,39520.28,0.8713133147,10501.7933333333,-174.4233333333,-0.0160749351,0,-523.27,2359.5433333333,normal,False,,"Expansion +2,185.1200","1 transactions; largest INV-2025-10-008 +2,185.1200 (Feature_Upgrade)"
ACC-0020,10,SMB,Energy,Annual,0.1079,decline,17.9009,0.068945,0.098072,0.017075,2,0,0,1509.65,1602.23,9,1560.53,17.5278,0.088996,0.016008,2,0.1079,-50.88,-0.0326043075,50.88,decrease,0.3731,0.0212861854,0.009076,0.001067,0,0,0,CR-2025-10-002,2025-10-19T10:00:00,Contraction,-50.88,Contract_Downgrade,1,"[""CR-2025-10-002""]","[""2025-10-19T10:00:00""]","[""Contraction""]",[-50.88],"[""Contract_Downgrade""]",-50.88,0,0,-50.88,0,0,-50.88,0,0,0,0,0,0,1,0,0,0,0,CR-2025-10-002,2025-10-19T10:00:00,Contraction,-50.88,Contract_Downgrade,0,-50.88,Contraction,Contract_Downgrade,-50.88,1,,,0,0,Contraction,positive,stable,stable,stable,stable,True,False,False,False,False,False,0.0156751494,14,False,-50.88,-0.0011217639,3232.15,0.0712600045,4571.93,0.100798463,39520.28,0.8713133147,1560.53,-19.05,-0.0117761238,0,-57.15,-31.83,normal,False,,Contraction -50.8800,1 transactions; largest CR-2025-10-002 -50.8800 (Contract_Downgrade)
ACC-0021,10,SMB,Real Estate,Multi-Year,0.0846,stable,13.1309,0.085014,0.054394,0.018405,2,1,1,1961.58,1961.58,9,1961.58,10.7219,0.050898,0.022878,1,0.0846,0,0,0,increase,2.409,0.2246803272,0.003496,-0.004473,1,1,0,,,,0,,0,[],[],[],[],[],0,0,0,0,0,0,0,0,0,0,0,0,0,0,0,0,0,0,,,,0,,0,0,,,0,0,,,0,0,No_Change,positive,stable,stable,stable,negative,True,False,False,False,True,False,0,23,False,0,0,3232.15,0.0712600045,4055.65,0.0894159111,0,0,1961.58,0,0,0,0,0,normal,False,,No driver activity this period.,0 transactions
ACC-0023,10,SMB,Energy,Monthly,0.1108,growth,7.7079,-0.034874,0.07034,0.011371,1,0,0,484.74,484.74,9,456.18,5.3732,0.069198,0.010226,1,0.1108,28.56,0.0626068657,28.56,increase,2.3347,0.4345083005,0.001142,0.001145,0,0,0,INV-2025-10-009,2025-10-20T10:00:00,Expansion,28.56,Plan_Upgrade,1,"[""INV-2025-10-009""]","[""2025-10-20T10:00:00""]","[""Expansion""]",[28.56],"[""Plan_Upgrade""]",28.56,0,28.56,0,0,28.56,0,0,0,0,0,0,1,0,0,0,0,0,INV-2025-10-009,2025-10-20T10:00:00,Expansion,28.56,Plan_Upgrade,28.56,0,Expansion,Plan_Upgrade,28.56,1,,,0,0,Expansion,negative,stable,stable,stable,stable,True,False,False,False,False,False,0.0290421745,13,False,28.56,0.0006296693,3232.15,0.0712600045,4571.93,0.100798463,5836.86,0.1286866853,,,,,,,insufficient_history,False,,Expansion +28.5600,1 transactions; largest INV-2025-10-009 +28.5600 (Plan_Upgrade)
ACC-0024,10,SMB,Healthcare,Multi-Year,0.1719,stable,20.1652,-0.019445,0.095065,0.018648,2,0,0,1138.26,1040.28,9,1138.26,18.2562,0.088321,0.020878,2,0.1719,0,0,0,increase,1.909,0.1045672155,0.006744,-0.00223,0,0,0,,,,0,,0,[],[],[],[],[],0,0,0,0,0,0,0,0,0,0,0,0,0,0,0,0,0,0,,,,0,,0,0,,,0,0,,,0,0,No_Change,stable,stable,stable,stable,stable,False,False,False,False,False,False,0,24,False,0,0,3232.15,0.0712600045,-7393.13,-0.162998152,0,0,987.5133333333,104.8833333333,0.1184635791,226.12,0,-104.8833333333,normal,False,,No driver activity this period.,0 transactions
ACC-0027,10,Mid-Market,Healthcare,Monthly,0.1456,stable,50.8152,0.068531,0.101345,0.024794,1,-0.5,0,4760.49,4760.49,9,4760.49,45.9048,0.096835,0.016206,2,0.1456,0,0,0,increase,4.9104,0.1069692058,0.00451,0.008588,-1,-0.5,0,,,,0,,0,[],[],[],[],[],0,0,0,0,0,0,0,0,0,0,0,0,0,0,0,0,0,0,,,,0,,0,0,,,0,0,,,0,0,No_Change,positive,stable,stable,stable,stable,True,False,False,False,False,False,0,25,False,0,0,7259.54,0.1600528605,-7393.13,-0.162998152,5836.86,0.1286866853,4760.49,0,0,0,0,0,normal,False,,No driver activity this period.,0 transactions
ACC-0028,10,SMB,Education,Monthly,0.0925,stable,15.6705,0.101982,0.100679,0.019542,1,-0.5,0,2077.65,2077.65,9,2077.65,17.0368,0.086168,0.018974,2,0.0925,0,0,0,increase,-1.3663,-0.0801969853,0.014511,0.000568,-1,-0.5,0,,,,0,,0,[],[],[],[],[],0,0,0,0,0,0,0,0,0,0,0,0,0,0,0,0,0,0,,,,0,,0,0,,,0,0,,,0,0,No_Change,positive,positive,stable,stable,stable,True,True,False,False,False,False,0,26,False,0,0,3232.15,0.0712600045,0,0,5836.86,0.1286866853,2077.65,0,0,0,0,0,normal,False,,No driver activity this period.,0 transactions
ACC-0029,10,SMB,Real Estate,Annual,0.1938,growth,9.6893,0.14197,0.064228,0.014055,2,1,0,1582.57,1582.57,9,1194.11,5.6113,0.055913,0.02196,1,0.1938,388.46,0.3253134133,388.46,increase,4.078,0.7267478124,0.008315,-0.007905,1,1,0,INV-2025-10-010,2025-10-12T10:00:00,Expansion,388.46,Plan_Upgrade,1,"[""INV-2025-10-010""]","[""2025-10-12T10:00:00""]","[""Expansion""]",[388.46],"[""Plan_Upgrade""]",388.46,0,388.46,0,0,388.46,0,0,0,0,0,0,1,0,0,0,0,0,INV-2025-10-010,2025-10-12T10:00:00,Expansion,388.46,Plan_Upgrade,388.46,0,Expansion,Plan_Upgrade,388.46,1,,,0,0,Expansion,positive,stable,stable,stable,stable,True,False,False,False,False,False,0.1545778752,3,True,388.46,0.008564473,3232.15,0.0712600045,4055.65,0.0894159111,39520.28,0.8713133147,,,,,,,insufficient_history,False,,Expansion +388.4600,1 transactions; largest INV-2025-10-010 +388.4600 (Plan_Upgrade)
ACC-0033,10,Mid-Market,Real Estate,Monthly,0.1922,growth,35.9424,0.116584,0.064305,0.022742,2,1,0,4274.57,4274.57,9,3894.58,31.5276,0.051292,0.076753,1,0.1922,379.99,0.0975689291,379.99,increase,4.4148,0.1400296883,0.013013,-0.054011,1,1,0,INV-2025-10-011,2025-10-21T10:00:00,Expansion,259.03,Plan_Upgrade,2,"[""INV-2025-10-011"", ""INV-2025-10-012""]","[""2025-10-21T10:00:00"", ""2025-10-26T10:00:00""]","[""Expansion"", ""Usage_Overage""]","[259.03, 120.96]","[""Plan_Upgrade"", ""Usage_Above_Commit""]",379.99,0,379.99,0,0,259.03,0,0,0,0,120.96,0,0.6816758336,0,0,0,0,0.3183241664,INV-2025-10-011,2025-10-21T10:00:00,Expansion,259.03,Plan_Upgrade,259.03,0,Expansion,Plan_Upgrade,259.03,0.6816758336,Usage_Overage,Usage_Above_Commit,120.96,0.3183241664,Mixed,positive,positive,positive,stable,stable,True,True,False,False,False,False,0.050390589,10,False,379.99,0.0083777328,7259.54,0.1600528605,4055.65,0.0894159111,5836.86,0.1286866853,3894.58,0,0,0,0,379.99,normal,False,,Expansion +259.0300; Usage_Overage +120.9600,2 transactions; largest INV-2025-10-011 +259.0300 (Plan_Upgrade)
ACC-0034,10,Mid-Market,Manufacturing,Monthly,0.1883,stable,121.0037,0.103968,0.057264,0.024464,1,0,0,7644.91,8517.99,9,7644.91,117.2666,0.044367,0.018696,1,0.1883,0,0,0,increase,3.7371,0.0318684092,0.012897,0.005768,0,0,0,,,,0,,0,[],[],[],[],[],0,0,0,0,0,0,0,0,0,0,0,0,0,0,0,0,0,0,,,,0,,0,0,,,0,0,,,0,0,No_Change,positive,positive,stable,stable,stable,True,True,False,False,False,False,0,27,False,0,0,7259.54,0.1600528605,0,0,5836.86,0.1286866853,,,,,,,insufficient_history,False,,No driver activity this period.,0 transactions
ACC-0035,10,SMB,Technology,Annual,0.0633,stable,11.7382,0.007708,0.054902,0.012499,0,,0,1773.4,1773.4,9,1773.4,12.2969,0.05,0.02,0,0.0633,0,0,0,increase,-0.5587,-0.0454342151,0.004902,-0.007501,0,,0,,,,0,,0,[],[],[],[],[],0,0,0,0,0,0,0,0,0,0,0,0,0,0,0,0,0,0,,,,0,,0,0,,,0,0,,,0,0,No_Change,stable,stable,stable,stable,stable,False,False,False,False,False,False,0,28,False,0,0,3232.15,0.0712600045,42506.05,0.9371413189,39520.28,0.8713133147,,,,,,,insufficient_history,False,,No driver activity this period.,0 transactions
ACC-0037,10,SMB,Technology,Multi-Year,0.1992,stable,10.0649,0.127461,0.080568,0.010798,1,0,0,654.7,560.8,9,654.7,11.006,0.064977,0.023901,1,0.1992,0,0,0,increase,-0.9411,-0.0855079048,0.015591,-0.013103,0,0,0,,,,0,,0,[],[],[],[],[],0,0,0,0,0,0,0,0,0,0,0,0,0,0,0,0,0,0,,,,0,,0,0,,,0,0,,,0,0,No_Change,positive,positive,positive,stable,stable,True,True,False,False,False,False,0,29,False,0,0,3232.15,0.0712600045,42506.05,0.9371413189,0,0,692.78,-38.08,-0.0495227196,0,-114.24,38.08,normal,False,,No driver activity this period.,0 transactions
ACC-0040,10,SMB,Healthcare,Multi-Year,0.0269,stable,24.5118,0.103553,0.083242,0.016254,1,0,0,2868.85,3671.74,9,2868.85,19.5363,0.072571,0.017894,1,0.0269,0,0,0,increase,4.9755,0.25467975,0.010671,-0.00164,0,0,0,,,,0,,0,[],[],[],[],[],0,0,0,0,0,0,0,0,0,0,0,0,0,0,0,0,0,0,,,,0,,0,0,,,0,0,,,0,0,No_Change,positive,positive,stable,stable,stable,True,True,False,False,False,False,0,30,False,0,0,3232.15,0.0712600045,-7393.13,-0.162998152,0,0,2455.1833333333,311.8433333333,0.1463092796,620.5,0,-311.8433333333,normal,False,,No driver activity this period.,0 transactions
ACC-0041,10,SMB,Technology,Monthly,0.0686,stable,9.6566,-0.002606,0.046383,0.012421,1,inf,0,1374.77,1501.1,9,1374.77,5.7595,0.05,0.02,0,0.0686,0,0,0,increase,3.8971,0.6766385971,-0.003617,-0.007579,1,inf,0,,,,0,,0,[],[],[],[],[],0,0,0,0,0,0,0,0,0,0,0,0,0,0,0,0,0,0,,,,0,,0,0,,,0,0,,,0,0,No_Change,stable,stable,stable,stable,stable,False,False,False,False,False,False,0,31,False,0,0,3232.15,0.0712600045,42506.05,0.9371413189,5836.86,0.1286866853,,,,,,,insufficient_history,False,,No driver activity this period.,0 transactions
ACC-0043,10,SMB,Media,Annual,0.0855,stable,9.2836,0.106929,0.146705,0.01924,3,2,0,487.28,487.28,9,487.28,7.0868,0.127396,0.020664,1,0.0855,0,0,0,increase,2.1968,0.3099847604,0.019309,-0.001424,2,2,0,,,,0,,0,[],[],[],[],[],0,0,0,0,0,0,0,0,0,0,0,0,0,0,0,0,0,0,,,,0,,0,0,,,0,0,,,0,0,No_Change,positive,positive,stable,negative,stable,True,True,False,True,False,False,0,32,False,0,0,3232.15,0.0712600045,1707.69,0.0376498606,39520.28,0.8713133147,496.6066666667,-9.3266666667,-0.018100894,0,-27.98,9.3266666667,normal,False,,No driver activity this period.,0 transactions
ACC-0044,10,Mid-Market,Energy,Annual,0.0296,growth,36.0621,0.052243,0.084237,0.022397,2,0,0,10418.15,10418.15,9,8533.49,34.8831,0.089095,0.01572,2,0.0296,1884.66,0.220854539,1884.66,increase,1.179,0.0337986016,-0.004858,0.006677,0,0,0,INV-2025-10-013,2025-10-04T10:00:00,Expansion,1884.66,Feature_Upgrade,1,"[""INV-2025-10-013""]","[""2025-10-04T10:00:00""]","[""Expansion""]",[1884.66],"[""Feature_Upgrade""]",1884.66,0,1884.66,0,0,1884.66,0,0,0,0,0,0,1,0,0,0,0,0,INV-2025-10-013,2025-10-04T10:00:00,Expansion,1884.66,Feature_Upgrade,1884.66,0,Expansion,Feature_Upgrade,1884.66,1,,,0,0,Expansion,positive,stable,stable,stable,stable,True,False,False,False,False,False,0.1297298171,7,False,1884.66,0.0415515617,7259.54,0.1600528605,4571.93,0.100798463,39520.28,0.8713133147,7079.9833333333,726.7533333333,0.1143911575,2180.26,0,1157.9066666667,unusual_increase,False,,"Expansion +1,884.6600","1 transactions; largest INV-2025-10-013 +1,884.6600 (Feature_Upgrade)"
ACC-0046,10,Enterprise,Retail,Multi-Year,0.0473,stable,618.0424,0.02351,0.106278,0.014533,4,-0.2,0,145953.35,145953.35,9,145953.35,618.7207,0.10359,0.021565,5,0.0473,0,0,0,increase,-0.6783,-0.0010962943,0.002688,-0.007032,-1,-0.2,0,,,,0,,0,[],[],[],[],[],0,0,0,0,0,0,0,0,0,0,0,0,0,0,0,0,0,0,,,,0,,0,0,,,0,0,,,0,0,No_Change,positive,stable,stable,stable,stable,True,False,False,False,False,False,0,33,False,0,0,34865.45,0.768687135,0,0,0,0,145953.35,12801.55,0.1190302626,38404.65,0,-12801.55,normal,False,,No driver activity this period.,0 transactions
ACC-0047,10,SMB,Energy,Annual,0.0823,stable,11.4895,0.09637,0.054014,0.083034,6,5,0,650.24,650.24,9,650.24,6.811,0.046707,0.011337,1,0.0823,0,0,0,increase,4.6785,0.6869035384,0.007307,0.071697,5,5,0,,,,0,,0,[],[],[],[],[],0,0,0,0,0,0,0,0,0,0,0,0,0,0,0,0,0,0,,,,0,,0,0,,,0,0,,,0,0,No_Change,positive,stable,negative,negative,stable,True,False,True,True,False,False,0,34,False,0,0,3232.15,0.0712600045,4571.93,0.100798463,39520.28,0.8713133147,,,,,,,insufficient_history,False,,No driver activity this period.,0 transactions
ACC-0049,10,SMB,Manufacturing,Monthly,0.0557,stable,10.903,0.104374,0.095019,0.018582,1,0,0,1427.45,996.63,9,1427.45,8.7812,0.080815,0.024692,1,0.0557,0,0,0,increase,2.1218,0.2416298456,0.014204,-0.00611,0,0,0,,,,0,,0,[],[],[],[],[],0,0,0,0,0,0,0,0,0,0,0,0,0,0,0,0,0,0,,,,0,,0,0,,,0,0,,,0,0,No_Change,positive,positive,stable,stable,stable,True,True,False,False,False,False,0,35,False,0,0,3232.15,0.0712600045,0,0,5836.86,0.1286866853,1427.45,0,0,0,0,0,normal,False,,No driver activity this period.,0 transactions
ACC-0050,10,SMB,Real Estate,Monthly,0.0055,stable,11.5645,0.092459,0.063781,0.010205,1,inf,0,1577.3,1577.3,9,1577.3,6.8608,0.05,0.02,0,0.0055,0,0,0,increase,4.7037,0.6855906017,0.013781,-0.009795,1,inf,0,,,,0,,0,[],[],[],[],[],0,0,0,0,0,0,0,0,0,0,0,0,0,0,0,0,0,0,,,,0,,0,0,,,0,0,,,0,0,No_Change,positive,positive,stable,stable,stable,True,True,False,False,False,False,0,36,False,0,0,3232.15,0.0712600045,4055.65,0.0894159111,5836.86,0.1286866853,,,,,,,insufficient_history,False,,No driver activity this period.,0 transactions
ACC-0055,10,SMB,Education,Annual,0.0758,stable,18.8286,0.020027,0.090655,0.020558,2,0,0,962.09,962.09,9,962.09,14.0552,0.073234,0.013178,2,0.0758,0,0,0,increase,4.7734,0.3396180773,0.017421,0.00738,0,0,0,,,,0,,0,[],[],[],[],[],0,0,0,0,0,0,0,0,0,0,0,0,0,0,0,0,0,0,,,,0,,0,0,,,0,0,,,0,0,No_Change,positive,positive,stable,stable,stable,True,True,False,False,False,False,0,37,False,0,0,3232.15,0.0712600045,0,0,39520.28,0.8713133147,962.09,0,0,0,0,0,normal,False,,No driver activity this period.,0 transactions
ACC-0057,10,SMB,Media,Annual,0.192,stable,10.468,0.031049,0.048282,0.075988,1,0,0,958.32,958.32,9,958.32,10.931,0.056688,0.014139,1,0.192,0,0,0,increase,-0.463,-0.0423566005,-0.008406,0.061849,0,0,0,,,,0,,0,[],[],[],[],[],0,0,0,0,0,0,0,0,0,0,0,0,0,0,0,0,0,0,,,,0,,0,0,,,0,0,,,0,0,No_Change,positive,stable,negative,stable,stable,True,False,True,False,False,False,0,38,False,0,0,3232.15,0.0712600045,1707.69,0.0376498606,39520.28,0.8713133147,935.66,11.33,0.0122575271,33.99,0,-11.33,normal,False,,No driver activity this period.,0 transactions
ACC-0058,10,Mid-Market,Energy,Monthly,0.1904,stable,52.3643,0.032799,0.056665,0.010415,1,inf,0,5308.01,5308.01,9,5308.01,51.0856,0.053835,0.022508,0,0.1904,0,0,0,increase,1.2787,0.025030537,0.00283,-0.012093,1,inf,0,,,,0,,0,[],[],[],[],[],0,0,0,0,0,0,0,0,0,0,0,0,0,0,0,0,0,0,,,,0,,0,0,,,0,0,,,0,0,No_Change,positive,stable,positive,stable,stable,True,False,False,False,False,False,0,39,False,0,0,7259.54,0.1600528605,4571.93,0.100798463,5836.86,0.1286866853,,,,,,,insufficient_history,False,,No driver activity this period.,0 transactions
ACC-0059,10,SMB,Fintech,Monthly,0.095,decline,9.7849,0.079301,0.12218,0.023313,2,0,0,1318.7,0,9,1409.75,11.52,0.119693,0.087251,2,0.095,-91.05,-0.0645859195,91.05,decrease,-1.7351,-0.1506163194,0.002487,-0.063938,0,0,0,CR-2025-10-003,2025-10-26T10:00:00,Contraction,-91.05,Contract_Downgrade,1,"[""CR-2025-10-003""]","[""2025-10-26T10:00:00""]","[""Contraction""]",[-91.05],"[""Contract_Downgrade""]",-91.05,0,0,-91.05,0,0,-91.05,0,0,0,0,0,0,1,0,0,0,0,CR-2025-10-003,2025-10-26T10:00:00,Contraction,-91.05,Contract_Downgrade,0,-91.05,Contraction,Contract_Downgrade,-91.05,1,,,0,0,Contraction,positive,stable,positive,stable,stable,True,False,False,False,False,False,0.030902009,12,False,-91.05,-0.0020074017,3232.15,0.0712600045,-91.05,-0.0020074017,5836.86,0.1286866853,1374.0366666667,65.9933333333,0.0528911455,144.41,0,-157.0433333333,unusual_decrease,False,,Contraction -91.0500,1 transactions; largest CR-2025-10-003 -91.0500 (Contract_Downgrade)
ACC-0060,10,Mid-Market,Education,Monthly,0.0488,stable,100.828,0.019659,0.141869,0.021317,2,-0.3333333333,0,10484.04,10484.04,9,10484.04,102.6088,0.128979,0.01577,3,0.0488,0,0,0,increase,-1.7808,-0.0173552366,0.01289,0.005547,-1,-0.3333333333,0,,,,0,,0,[],[],[],[],[],0,0,0,0,0,0,0,0,0,0,0,0,0,0,0,0,0,0,,,,0,,0,0,,,0,0,,,0,0,No_Change,stable,positive,stable,stable,stable,False,True,False,False,False,False,0,40,False,0,0,7259.54,0.1600528605,0,0,5836.86,0.1286866853,11066.1133333333,-582.0733333333,-0.047592883,0,-1746.22,582.0733333333,normal,False,,No driver activity this period.,0 transactions
ACC-0061,10,SMB,Real Estate,Monthly,0.1115,stable,12.3798,0.019669,0.049385,0.018462,4,-0.2,0,711.24,711.24,9,711.24,7.7664,0.056478,0.018896,5,0.1115,0,0,0,increase,4.6134,0.5940203956,-0.007093,-0.000434,-1,-0.2,0,,,,0,,0,[],[],[],[],[],0,0,0,0,0,0,0,0,0,0,0,0,0,0,0,0,0,0,,,,0,,0,0,,,0,0,,,0,0,No_Change,stable,stable,stable,stable,stable,False,False,False,False,False,False,0,41,False,0,0,3232.15,0.0712600045,4055.65,0.0894159111,5836.86,0.1286866853,697.46,13.78,0.0205702344,41.34,0,-13.78,normal,False,,No driver activity this period.,0 transactions
ACC-0063,10,Mid-Market,Retail,Annual,0.0949,stable,101.8702,0.115208,0.048044,0.017331,1,inf,1,12998.29,12998.29,9,12998.29,97.7702,0.05,0.02,0,0.0949,0,0,0,increase,4.1,0.0419350681,-0.001956,-0.002669,1,inf,0,,,,0,,0,[],[],[],[],[],0,0,0,0,0,0,0,0,0,0,0,0,0,0,0,0,0,0,,,,0,,0,0,,,0,0,,,0,0,No_Change,positive,stable,stable,stable,negative,True,False,False,False,True,False,0,42,False,0,0,7259.54,0.1600528605,0,0,39520.28,0.8713133147,,,,,,,insufficient_history,False,,No driver activity this period.,0 transactions
ACC-0065,10,SMB,Energy,Multi-Year,0.0161,stable,20.445,0.086487,0.087952,0.022476,1,-0.5,0,1441.8,1167.23,9,1441.8,20.003,0.078697,0.012988,2,0.0161,0,0,0,increase,0.442,0.0220966855,0.009255,0.009488,-1,-0.5,0,,,,0,,0,[],[],[],[],[],0,0,0,0,0,0,0,0,0,0,0,0,0,0,0,0,0,0,,,,0,,0,0,,,0,0,,,0,0,No_Change,positive,stable,stable,stable,stable,True,False,False,False,False,False,0,43,False,0,0,3232.15,0.0712600045,4571.93,0.100798463,0,0,1242.3866666667,99.7066666667,0.0872568581,299.12,0,-99.7066666667,normal,False,,No driver activity this period.,0 transactions
ACC-0070,10,Enterprise,Technology,Annual,0.1814,stable,638.811,-0.028396,0.124453,0.02388,2,1,0,177471.85,177471.85,9,177471.85,637.0845,0.114845,0.075283,1,0.1814,0,0,0,increase,1.7265,0.0027100016,0.009608,-0.051403,1,1,0,,,,0,,0,[],[],[],[],[],0,0,0,0,0,0,0,0,0,0,0,0,0,0,0,0,0,0,,,,0,,0,0,,,0,0,,,0,0,No_Change,negative,stable,positive,stable,stable,True,False,False,False,False,False,0,44,False,0,0,34865.45,0.768687135,42506.05,0.9371413189,39520.28,0.8713133147,177471.85,10567.6266666667,0.0724957216,31702.88,0,-10567.6266666667,normal,False,,No driver activity this period.,0 transactions
ACC-0001,11,Enterprise,Technology,Annual,0.049,decline,376.946,0.001789,0.11599,0.020543,1,-0.5,0,80082.59,80082.59,10,97995.36,382.8873,0.113225,0.017362,2,0.049,-17912.77,-0.182792022,17912.77,decrease,-5.9413,-0.0155170986,0.002765,0.003181,-1,-0.5,0,CR-2025-11-001,2025-11-04T10:00:00,Contraction,-17912.77,Seat_Reduction,1,"[""CR-2025-11-001""]","[""2025-11-04T10:00:00""]","[""Contraction""]",[-17912.77],"[""Seat_Reduction""]",-17912.77,0,0,-17912.77,0,0,-17912.77,0,0,0,0,0,0,1,0,0,0,0,CR-2025-11-001,2025-11-04T10:00:00,Contraction,-17912.77,Seat_Reduction,0,-17912.77,Contraction,Seat_Reduction,-17912.77,1,,,0,0,Contraction,stable,stable,stable,stable,stable,False,False,False,False,False,False,0.7139772077,1,True,-17912.77,1.7697899799,-8122.25,0.8024820652,-17880.34,1.7665858808,-9062.02,0.8953317769,65331.9666666667,18494.71,0.3571027471,42506.05,0,-36407.48,unusual_decrease,False,,"Contraction -17,912.7700","1 transactions; largest CR-2025-11-001 -17,912.7700 (Seat_Reduction)"
ACC-0002,11,Enterprise,Healthcare,Annual,0.0064,growth,544.345,0.087817,0.155617,0.018489,2,1,0,63677.69,63677.69,10,53887.17,528.4382,0.154372,0.08151,1,0.0064,9790.52,0.1816855478,9790.52,increase,15.9068,0.0301015332,0.001245,-0.063021,1,1,0,INV-2025-11-001,2025-11-22T10:00:00,Expansion,7535.57,Seat_Add,2,"[""INV-2025-11-001"", ""INV-2025-11-002""]","[""2025-11-22T10:00:00"", ""2025-11-27T10:00:00""]","[""Expansion"", ""Usage_Overage""]","[7535.57, 2254.95]","[""Seat_Add"", ""Usage_Above_Commit""]",9790.52,0,9790.52,0,0,7535.57,0,0,0,0,2254.95,0,0.7696802621,0,0,0,0,0.2303197379,INV-2025-11-001,2025-11-22T10:00:00,Expansion,7535.57,Seat_Add,7535.57,0,Expansion,Seat_Add,7535.57,0.7696802621,Usage_Overage,Usage_Above_Commit,2254.95,0.2303197379,Expansion,positive,stable,positive,stable,stable,True,False,False,False,False,False,0.4188581666,2,True,9790.52,-0.9673079146,-8122.25,0.8024820652,10495.43,-1.0369533494,-9062.02,0.8953317769,58980.9033333333,-2546.8666666667,-0.041393775,0,-7640.6,12337.3866666667,normal,False,,"Expansion +7,535.5700; Usage_Overage +2,254.9500","2 transactions; largest INV-2025-11-001 +7,535.5700 (Seat_Add)"
ACC-0003,11,Mid-Market,Real Estate,Monthly,0.13,stable,42.2394,-0.039173,0.068209,0.013427,1,0,0,5222.59,5222.59,10,5222.59,38.8567,0.056584,0.014423,1,0.13,0,0,0,increase,3.3827,0.0870557716,0.011625,-0.000996,0,0,0,,,,0,,0,[],[],[],[],[],0,0,0,0,0,0,0,0,0,0,0,0,0,0,0,0,0,0,,,,0,,0,0,,,0,0,,,0,0,No_Change,negative,positive,stable,stable,stable,True,True,False,False,False,False,0,15,False,0,0,-69.3,0.0068468721,-1588.1,0.1569050162,-1395.83,0.1379086511,4487.87,367.36,0.0891540125,1102.08,0,-367.36,normal,False,,No driver activity this period.,0 transactions
ACC-0004,11,SMB,Fintech,Annual,0.0319,stable,40.3992,0.00898,0.095161,0.017627,1,0,0,4951.93,4951.93,10,4951.93,35.419,0.077788,0.014644,1,0.0319,0,0,0,increase,4.9802,0.1406081482,0.017373,0.002983,0,0,0,,,,0,,0,[],[],[],[],[],0,0,0,0,0,0,0,0,0,0,0,0,0,0,0,0,0,0,,,,0,,0,0,,,0,0,,,0,0,No_Change,stable,positive,stable,stable,stable,False,True,False,False,False,False,0,16,False,0,0,-1929.86,0.1906710626,-1318.7,0.1302881713,-9062.02,0.8953317769,4951.93,0,0,0,0,0,normal,False,,No driver activity this period.,0 transactions
ACC-0005,11,SMB,Energy,Monthly,0.076,stable,35.0701,-0.023742,0.098506,0.01825,1,-0.5,0,2088.15,2088.15,10,2088.15,30.2971,0.078909,0.01184,2,0.076,0,0,0,increase,4.773,0.1575398305,0.019597,0.00641,-1,-0.5,0,,,,0,,0,[],[],[],[],[],0,0,0,0,0,0,0,0,0,0,0,0,0,0,0,0,0,0,,,,0,,0,0,,,0,0,,,0,0,No_Change,negative,positive,stable,stable,stable,True,True,False,False,False,False,0,17,False,0,0,-1929.86,0.1906710626,-181.99,0.0179806964,-1395.83,0.1379086511,1781.5166666667,153.3166666667,0.0941632887,459.95,0,-153.3166666667,normal,False,,No driver activity this period.,0 transactions
ACC-0006,11,Mid-Market,Media,Annual,0.1946,stable,459.3321,0.108767,0.104166,0.021568,2,0,0,91727.04,91727.04,10,91727.04,459.3791,0.105211,0.02158,2,0.1946,0,0,0,increase,-0.047,-0.000102312,-0.001045,-0.000012,0,0,0,,,,0,,0,[],[],[],[],[],0,0,0,0,0,0,0,0,0,0,0,0,0,0,0,0,0,0,,,,0,,0,0,,,0,0,,,0,0,No_Change,positive,stable,stable,stable,stable,True,False,False,False,False,False,0,18,False,0,0,-69.3,0.0068468721,0,0,-9062.02,0.8953317769,85472.7833333333,6254.2566666667,0.0857167031,18762.77,0,-6254.2566666667,normal,False,,No driver activity this period.,0 transactions
ACC-0007,11,Mid-Market,Technology,Multi-Year,0.0723,stable,129.9687,0.071459,0.089537,0.016245,4,-0.4285714286,0,29622.86,26806.65,10,29622.86,125.3776,0.079397,0.024228,7,0.0723,0,0,0,increase,4.5911,0.0366181838,0.01014,-0.007983,-3,-0.4285714286,0,,,,0,,0,[],[],[],[],[],0,0,0,0,0,0,0,0,0,0,0,0,0,0,0,0,0,0,,,,0,,0,0,,,0,0,,,0,0,No_Change,positive,positive,stable,positive,stable,True,True,False,False,False,False,0,19,False,0,0,-69.3,0.0068468721,-17880.34,1.7665858808,336.44,-0.033240428,29622.86,235.4366666667,0.0081419349,706.31,0,-235.4366666667,normal,False,,No driver activity this period.,0 transactions
ACC-0009,11,SMB,Energy,Monthly,0.0711,stable,77.7157,-0.037536,0.072465,0.022232,2,1,0,14719.75,14719.75,10,14719.75,75.3744,0.058343,0.017437,1,0.0711,0,0,0,increase,2.3413,0.0310622705,0.014122,0.004795,1,1,0,,,,0,,0,[],[],[],[],[],0,0,0,0,0,0,0,0,0,0,0,0,0,0,0,0,0,0,,,,0,,0,0,,,0,0,,,0,0,No_Change,negative,positive,stable,stable,stable,True,True,False,False,False,False,0,20,False,0,0,-1929.86,0.1906710626,-181.99,0.0179806964,-1395.83,0.1379086511,13219.99,1149,0.095539928,2249.64,0,-1149,normal,False,,No driver activity this period.,0 transactions
ACC-0010,11,SMB,Healthcare,Annual,0.0342,stable,35.3139,0.034444,0.102944,0.018819,1,0,0,4349.58,4349.58,10,4349.58,30.3562,0.089675,0.02127,1,0.0342,0,0,0,increase,4.9577,0.163317543,0.013269,-0.002451,0,0,0,,,,0,,0,[],[],[],[],[],0,0,0,0,0,0,0,0,0,0,0,0,0,0,0,0,0,0,,,,0,,0,0,,,0,0,,,0,0,No_Change,positive,positive,stable,stable,stable,True,True,False,False,False,False,0,21,False,0,0,-1929.86,0.1906710626,10495.43,-1.0369533494,-9062.02,0.8953317769,4184.6,82.49,0.0201091633,247.47,0,-82.49,normal,False,,No driver activity this period.,0 transactions
ACC-0011,11,SMB,Real Estate,Monthly,0.0649,decline,28.6395,0.120466,0.08885,0.017076,6,0.2,0,1979.6,0,10,2625.32,30.9502,0.072962,0.016828,5,0.0649,-645.72,-0.2459585879,645.72,decrease,-2.3107,-0.0746586452,0.015888,0.000248,1,0.2,0,CR-2025-11-002,2025-11-17T10:00:00,Contraction,-537.31,Contract_Downgrade,2,"[""CR-2025-11-002"", ""CR-2025-11-003""]","[""2025-11-17T10:00:00"", ""2025-11-27T10:00:00""]","[""Contraction"", ""Refund""]","[-537.31, -108.41]","[""Contract_Downgrade"", ""Billing_Adjustment""]",-645.72,0,0,-645.72,0,0,-537.31,0,0,-108.41,0,0,0,0.8321098928,0,0,0.1678901072,0,CR-2025-11-002,2025-11-17T10:00:00,Contraction,-537.31,Contract_Downgrade,0,-537.31,Contraction,Contract_Downgrade,-537.31,0.8321098928,Refund,Billing_Adjustment,-108.41,0.1678901072,Contraction,positive,positive,stable,stable,stable,True,True,False,False,False,False,0.1095167227,6,False,-645.72,0.0637974353,-1929.86,0.1906710626,-1588.1,0.1569050162,-1395.83,0.1379086511,2625.32,0,0,0,0,-645.72,normal,False,,Contraction -537.3100; Refund -108.4100,2 transactions; largest CR-2025-11-002 -537.3100 (Contract_Downgrade)
ACC-0013,11,Mid-Market,Media,Monthly,0.0279,stable,54.5546,0.109595,0.084973,0.024526,2,0,0,10944.91,11364.18,10,10944.91,55.0494,0.069276,0.013975,2,0.0279,0,0,0,increase,-0.4948,-0.0089882905,0.015697,0.010551,0,0,0,,,,0,,0,[],[],[],[],[],0,0,0,0,0,0,0,0,0,0,0,0,0,0,0,0,0,0,,,,0,,0,0,,,0,0,,,0,0,No_Change,positive,positive,negative,stable,stable,True,True,True,False,False,False,0,22,False,0,0,-69.3,0.0068468721,0,0,-1395.83,0.1379086511,9806.45,569.23,0.0616235188,1707.69,0,-569.23,normal,False,,No driver activity this period.,0 transactions
ACC-0014,11,SMB,Education,Multi-Year,0.0799,stable,53.1181,0.037662,0.050761,0.018122,2,1,0,8393.47,8393.47,10,8393.47,49.8525,0.040737,0.012799,1,0.0799,0,0,0,increase,3.2656,0.0655052405,0.010024,0.005323,1,1,0,,,,0,,0,[],[],[],[],[],0,0,0,0,0,0,0,0,0,0,0,0,0,0,0,0,0,0,,,,0,,0,0,,,0,0,,,0,0,No_Change,positive,positive,stable,stable,stable,True,True,False,False,False,False,0,23,False,0,0,-1929.86,0.1906710626,0,0,336.44,-0.033240428,8393.47,-653.89,-0.0631464181,0,-1961.67,653.89,normal,False,,No driver activity this period.,0 transactions
ACC-0016,11,SMB,Education,Annual,0.0936,stable,16.9553,-0.038431,0.142767,0.017862,1,0,0,2048.58,2048.58,10,2048.58,18.6353,0.124313,0.020403,1,0.0936,0,0,0,increase,-1.68,-0.0901514867,0.018454,-0.002541,0,0,0,,,,0,,0,[],[],[],[],[],0,0,0,0,0,0,0,0,0,0,0,0,0,0,0,0,0,0,,,,0,,0,0,,,0,0,,,0,0,No_Change,negative,positive,stable,stable,stable,True,True,False,False,False,False,0,24,False,0,0,-1929.86,0.1906710626,0,0,-9062.02,0.8953317769,2048.58,-48.38,-0.0220538628,0,-145.14,48.38,normal,False,,No driver activity this period.,0 transactions
ACC-0017,11,Mid-Market,Healthcare,Annual,0.1074,stable,26.9973,0.0978,0.094637,0.011182,2,0,0,989.64,989.64,10,989.64,25.4488,0.088122,0.022778,2,0.1074,0,0,0,increase,1.5485,0.0608476628,0.006515,-0.011596,0,0,0,,,,0,,0,[],[],[],[],[],0,0,0,0,0,0,0,0,0,0,0,0,0,0,0,0,0,0,,,,0,,0,0,,,0,0,,,0,0,No_Change,positive,stable,positive,stable,stable,True,False,False,False,False,False,0,25,False,0,0,-69.3,0.0068468721,10495.43,-1.0369533494,-9062.02,0.8953317769,1094.4733333333,-104.8333333333,-0.0803850302,0,-314.5,104.8333333333,normal,False,,No driver activity this period.,0 transactions
ACC-0018,11,SMB,Retail,Annual,0.1908,decline,21.9231,-0.026532,0.094686,0.014404,2,1,0,1703.35,1703.35,10,1793.32,21.9155,0.078185,0.012758,1,0.1908,-89.97,-0.050169518,89.97,decrease,0.0076,0.0003467865,0.016501,0.001646,1,1,0,CR-2025-11-004,2025-11-18T10:00:00,Contraction,-89.97,Contract_Downgrade,1,"[""CR-2025-11-004""]","[""2025-11-18T10:00:00""]","[""Contraction""]",[-89.97],"[""Contract_Downgrade""]",-89.97,0,0,-89.97,0,0,-89.97,0,0,0,0,0,0,1,0,0,0,0,CR-2025-11-004,2025-11-18T10:00:00,Contraction,-89.97,Contract_Downgrade,0,-89.97,Contraction,Contract_Downgrade,-89.97,1,,,0,0,Contraction,negative,positive,stable,stable,stable,True,True,False,False,False,False,0.0208240692,14,False,-89.97,0.0088890777,-1929.86,0.1906710626,-89.97,0.0088890777,-9062.02,0.8953317769,1793.32,-33.0833333333,-0.0174806392,0,-99.25,-56.8866666667,normal,False,,Contraction -89.9700,1 transactions; largest CR-2025-11-004 -89.9700 (Contract_Downgrade)
ACC-0019,11,Mid-Market,Real Estate,Annual,0.1741,decline,44.3008,0.025078,0.074555,0.021628,2,0,0,11570.11,11570.11,10,12512.49,43.3058,0.068251,0.019474,2,0.1741,-942.38,-0.0753151451,942.38,decrease,0.995,0.0229761371,0.006304,0.002154,0,0,0,CR-2025-11-005,2025-11-20T10:00:00,Contraction,-942.38,Contract_Downgrade,1,"[""CR-2025-11-005""]","[""2025-11-20T10:00:00""]","[""Contraction""]",[-942.38],"[""Contract_Downgrade""]",-942.38,0,0,-942.38,0,0,-942.38,0,0,0,0,0,0,1,0,0,0,0,CR-2025-11-005,2025-11-20T10:00:00,Contraction,-942.38,Contract_Downgrade,0,-942.38,Contraction,Contract_Downgrade,-942.38,1,,,0,0,Contraction,positive,stable,stable,stable,stable,True,False,False,False,False,False,0.0605564078,9,False,-942.38,0.0931075809,-69.3,0.0068468721,-1588.1,0.1569050162,-9062.02,0.8953317769,11055.7433333333,553.95,0.0544535086,2185.12,-523.27,-1496.33,unusual_decrease,False,,Contraction -942.3800,1 transactions; largest CR-2025-11-005 -942.3800 (Contract_Downgrade)
ACC-0020,11,SMB,Energy,Annual,0.1079,growth,19.2425,-0.046543,0.107757,0.010862,2,0,0,1602.23,1236.99,10,1509.65,17.9009,0.098072,0.017075,2,0.1079,92.58,0.0613254728,92.58,increase,1.3416,0.0749459524,0.009685,-0.006213,0,0,0,INV-2025-11-003,2025-11-04T10:00:00,Expansion,92.58,Feature_Upgrade,1,"[""INV-2025-11-003""]","[""2025-11-04T10:00:00""]","[""Expansion""]",[92.58],"[""Feature_Upgrade""]",92.58,0,92.58,0,0,92.58,0,0,0,0,0,0,1,0,0,0,0,0,INV-2025-11-003,2025-11-04T10:00:00,Expansion,92.58,Feature_Upgrade,92.58,0,Expansion,Feature_Upgrade,92.58,1,,,0,0,Expansion,negative,stable,stable,stable,stable,True,False,False,False,False,False,0.0248233624,13,False,92.58,-0.0091469469,-1929.86,0.1906710626,-181.99,0.0179806964,-9062.02,0.8953317769,1543.57,-16.96,-0.0108681025,0,-50.88,109.54,normal,False,,Expansion +92.5800,1 transactions; largest INV-2025-11-003 +92.5800 (Feature_Upgrade)
ACC-0021,11,SMB,Real Estate,Multi-Year,0.0846,stable,15.37,0.012269,0.0617,0.024691,1,-0.5,0,1961.58,1961.58,10,1961.58,13.1309,0.054394,0.018405,2,0.0846,0,0,0,increase,2.2391,0.1705214418,0.007306,0.006286,-1,-0.5,0,,,,0,,0,[],[],[],[],[],0,0,0,0,0,0,0,0,0,0,0,0,0,0,0,0,0,0,,,,0,,0,0,,,0,0,,,0,0,No_Change,stable,stable,stable,stable,stable,False,False,False,False,False,False,0,26,False,0,0,-1929.86,0.1906710626,-1588.1,0.1569050162,336.44,-0.033240428,1961.58,0,0,0,0,0,normal,False,,No driver activity this period.,0 transactions
ACC-0023,11,SMB,Energy,Monthly,0.1108,stable,11.2482,0.071278,0.064115,0.021828,2,1,1,484.74,0,10,484.74,7.7079,0.07034,0.011371,1,0.1108,0,0,0,increase,3.5403,0.4593079827,-0.006225,0.010457,1,1,0,,,,0,,0,[],[],[],[],[],0,0,0,0,0,0,0,0,0,0,0,0,0,0,0,0,0,0,,,,0,,0,0,,,0,0,,,0,0,No_Change,positive,stable,negative,stable,negative,True,False,True,False,True,False,0,27,False,0,0,-1929.86,0.1906710626,-181.99,0.0179806964,-1395.83,0.1379086511,465.7,9.52,0.0208689552,28.56,0,-9.52,normal,False,,No driver activity this period.,0 transactions
ACC-0024,11,SMB,Healthcare,Multi-Year,0.1719,decline,22.3646,0.079701,0.101082,0.023537,2,0,0,1040.28,1040.28,10,1138.26,20.1652,0.095065,0.018648,2,0.1719,-97.98,-0.0860787518,97.98,decrease,2.1994,0.1090690893,0.006017,0.004889,0,0,0,CR-2025-11-006,2025-11-24T10:00:00,Contraction,-97.98,Seat_Reduction,1,"[""CR-2025-11-006""]","[""2025-11-24T10:00:00""]","[""Contraction""]",[-97.98],"[""Seat_Reduction""]",-97.98,0,0,-97.98,0,0,-97.98,0,0,0,0,0,0,1,0,0,0,0,CR-2025-11-006,2025-11-24T10:00:00,Contraction,-97.98,Seat_Reduction,0,-97.98,Contraction,Seat_Reduction,-97.98,1,,,0,0,Contraction,positive,stable,stable,stable,stable,True,False,False,False,False,False,0.0336829596,12,False,-97.98,0.0096804694,-1929.86,0.1906710626,10495.43,-1.0369533494,336.44,-0.033240428,1062.8866666667,75.3733333333,0.0826335139,226.12,0,-173.3533333333,unusual_decrease,False,,Contraction -97.9800,1 transactions; largest CR-2025-11-006 -97.9800 (Seat_Reduction)
ACC-0027,11,Mid-Market,Healthcare,Monthly,0.1456,stable,55.3049,0.118038,0.109774,0.017466,2,1,0,4760.49,5167.33,10,4760.49,50.8152,0.101345,0.024794,1,0.1456,0,0,0,increase,4.4897,0.0883534848,0.008429,-0.007328,1,1,0,,,,0,,0,[],[],[],[],[],0,0,0,0,0,0,0,0,0,0,0,0,0,0,0,0,0,0,,,,0,,0,0,,,0,0,,,0,0,No_Change,positive,stable,stable,stable,stable,True,False,False,False,False,False,0,28,False,0,0,-69.3,0.0068468721,10495.43,-1.0369533494,-1395.83,0.1379086511,4760.49,0,0,0,0,0,normal,False,,No driver activity this period.,0 transactions
ACC-0028,11,SMB,Education,Monthly,0.0925,stable,16.8006,0.078785,0.096849,0.021915,2,1,0,2077.65,2077.65,10,2077.65,15.6705,0.100679,0.019542,1,0.0925,0,0,0,increase,1.1301,0.0721163971,-0.00383,0.002373,1,1,0,,,,0,,0,[],[],[],[],[],0,0,0,0,0,0,0,0,0,0,0,0,0,0,0,0,0,0,,,,0,,0,0,,,0,0,,,0,0,No_Change,positive,stable,stable,stable,stable,True,False,False,False,False,False,0,29,False,0,0,-1929.86,0.1906710626,0,0,-1395.83,0.1379086511,2077.65,0,0,0,0,0,normal,False,,No driver activity this period.,0 transactions
ACC-0029,11,SMB,Real Estate,Annual,0.1938,stable,12.8295,0.077412,0.07189,0.020354,1,-0.5,0,1582.57,1901.01,10,1582.57,9.6893,0.064228,0.014055,2,0.1938,0,0,0,increase,3.1402,0.3240894595,0.007662,0.006299,-1,-0.5,0,,,,0,,0,[],[],[],[],[],0,0,0,0,0,0,0,0,0,0,0,0,0,0,0,0,0,0,,,,0,,0,0,,,0,0,,,0,0,No_Change,positive,stable,stable,stable,stable,True,False,False,False,False,False,0,30,False,0,0,-1929.86,0.1906710626,-1588.1,0.1569050162,-9062.02,0.8953317769,1323.5966666667,129.4866666667,0.1084378044,388.46,0,-129.4866666667,normal,False,,No driver activity this period.,0 transactions
ACC-0032,11,SMB,Fintech,Annual,0.1084,stable,4.1492,0.05942,0.05,0.02,0,,0,410.31,410.31,,,,,,,0.1084,0,0,0,increase,,,,,,,,INV-2025-11-004,2025-11-24T10:00:00,New_ARR,410.31,New_Logo_Signed,1,"[""INV-2025-11-004""]","[""2025-11-24T10:00:00""]","[""New_ARR""]",[410.31],"[""New_Logo_Signed""]",410.31,0,410.31,0,410.31,0,0,0,0,0,0,1,0,0,0,0,0,0,INV-2025-11-004,2025-11-24T10:00:00,New_ARR,410.31,New_Logo_Signed,410.31,0,New_ARR,New_Logo_Signed,410.31,1,,,0,0,New_ARR,positive,unknown,unknown,unknown,stable,True,False,False,False,False,False,0,31,False,0,0,-1929.86,0.1906710626,-1318.7,0.1302881713,-9062.02,0.8953317769,,,,,,,insufficient_history,False,,New_ARR +410.3100,1 transactions; largest INV-2025-11-004 +410.3100 (New_Logo_Signed)
ACC-0033,11,Mid-Market,Real Estate,Monthly,0.1922,stable,37.5233,0.144926,0.055987,0.020739,2,0,0,4274.57,4274.57,10,4274.57,35.9424,0.064305,0.022742,2,0.1922,0,0,0,increase,1.5809,0.0439842637,-0.008318,-0.002003,0,0,0,,,,0,,0,[],[],[],[],[],0,0,0,0,0,0,0,0,0,0,0,0,0,0,0,0,0,0,,,,0,,0,0,,,0,0,,,0,0,No_Change,positive,stable,stable,stable,stable,True,False,False,False,False,False,0,32,False,0,0,-69.3,0.0068468721,-1588.1,0.1569050162,-1395.83,0.1379086511,4021.2433333333,126.6633333333,0.0325229764,379.99,0,-126.6633333333,normal,False,,No driver activity this period.,0 transactions
ACC-0034,11,Mid-Market,Manufacturing,Monthly,0.1883,growth,125.9568,0.052797,0.068208,0.01161,2,1,0,8517.99,8517.99,10,7644.91,121.0037,0.057264,0.024464,1,0.1883,873.08,0.1142040913,873.08,increase,4.9531,0.0409334591,0.010944,-0.012854,1,1,0,INV-2025-11-005,2025-11-26T10:00:00,Expansion,873.08,Plan_Upgrade,1,"[""INV-2025-11-005""]","[""2025-11-26T10:00:00""]","[""Expansion""]",[873.08],"[""Plan_Upgrade""]",873.08,0,873.08,0,0,873.08,0,0,0,0,0,0,1,0,0,0,0,0,INV-2025-11-005,2025-11-26T10:00:00,Expansion,873.08,Plan_Upgrade,873.08,0,Expansion,Plan_Upgrade,873.08,1,,,0,0,Expansion,positive,positive,positive,stable,stable,True,True,False,False,False,False,0.0716528525,8,False,873.08,-0.0862607087,-69.3,0.0068468721,442.26,-0.043695493,-1395.83,0.1379086511,8407.1033333333,-762.1933333333,-0.0767451141,0,-2286.58,1635.2733333333,normal,False,,Expansion +873.0800,1 transactions; largest INV-2025-11-005 +873.0800 (Plan_Upgrade)
ACC-0035,11,SMB,Technology,Annual,0.0633,stable,15.6906,-0.017631,0.051324,0.018603,1,inf,0,1773.4,1773.4,10,1773.4,11.7382,0.054902,0.012499,0,0.0633,0,0,0,increase,3.9524,0.3367126135,-0.003578,0.006104,1,inf,0,,,,0,,0,[],[],[],[],[],0,0,0,0,0,0,0,0,0,0,0,0,0,0,0,0,0,0,,,,0,,0,0,,,0,0,,,0,0,No_Change,stable,stable,stable,stable,stable,False,False,False,False,False,False,0,33,False,0,0,-1929.86,0.1906710626,-17880.34,1.7665858808,-9062.02,0.8953317769,,,,,,,insufficient_history,False,,No driver activity this period.,0 transactions
ACC-0037,11,SMB,Technology,Multi-Year,0.1992,decline,14.354,-0.02154,0.071792,0.017278,1,0,0,560.8,734.9,10,654.7,10.0649,0.080568,0.010798,1,0.1992,-93.9,-0.1434244692,93.9,decrease,4.2891,0.4261443233,-0.008776,0.00648,0,0,0,CR-2025-11-007,2025-11-09T10:00:00,Contraction,-93.9,Contract_Downgrade,1,"[""CR-2025-11-007""]","[""2025-11-09T10:00:00""]","[""Contraction""]",[-93.9],"[""Contract_Downgrade""]",-93.9,0,0,-93.9,0,0,-93.9,0,0,0,0,0,0,1,0,0,0,0,CR-2025-11-007,2025-11-09T10:00:00,Contraction,-93.9,Contract_Downgrade,0,-93.9,Contraction,Contract_Downgrade,-93.9,1,,,0,0,Contraction,negative,stable,stable,stable,stable,True,False,False,False,False,False,0.0536059099,10,False,-93.9,0.0092773635,-1929.86,0.1906710626,-17880.34,1.7665858808,336.44,-0.033240428,654.7,-38.08,-0.0495227196,0,-114.24,-55.82,normal,False,,Contraction -93.9000,1 transactions; largest CR-2025-11-007 -93.9000 (Contract_Downgrade)
ACC-0040,11,SMB,Healthcare,Multi-Year,0.0269,growth,26.5607,-0.033304,0.095637,0.024277,1,0,0,3671.74,3671.74,10,2868.85,24.5118,0.083242,0.016254,1,0.0269,802.89,0.2798647542,802.89,increase,2.0489,0.0835883126,0.012395,0.008023,0,0,0,INV-2025-11-006,2025-11-18T10:00:00,Expansion,749.8,Plan_Upgrade,2,"[""INV-2025-11-006"", ""INV-2025-11-007""]","[""2025-11-18T10:00:00"", ""2025-11-23T10:00:00""]","[""Expansion"", ""Usage_Overage""]","[749.8, 53.09]","[""Plan_Upgrade"", ""Usage_Above_Commit""]",802.89,0,802.89,0,0,749.8,0,0,0,0,53.09,0,0.9338763716,0,0,0,0,0.0661236284,INV-2025-11-006,2025-11-18T10:00:00,Expansion,749.8,Plan_Upgrade,749.8,0,Expansion,Plan_Upgrade,749.8,0.9338763716,Usage_Overage,Usage_Above_Commit,53.09,0.0661236284,Expansion,negative,positive,stable,stable,stable,True,True,False,False,False,False,0.1270871027,4,True,802.89,-0.0793259042,-1929.86,0.1906710626,10495.43,-1.0369533494,336.44,-0.033240428,2662.0166666667,206.8333333333,0.0919933877,620.5,0,596.0566666667,unusual_increase,False,,Expansion +749.8000; Usage_Overage +53.0900,2 transactions; largest INV-2025-11-006 +749.8000 (Plan_Upgrade)
ACC-0041,11,SMB,Technology,Monthly,0.0686,growth,14.0942,0.003134,0.042708,0.023259,2,1,0,1501.1,1501.1,10,1374.77,9.6566,0.046383,0.012421,1,0.0686,126.33,0.0918917346,126.33,increase,4.4376,0.4595406251,-0.003675,0.010838,1,1,0,INV-2025-11-008,2025-11-04T10:00:00,Expansion,126.33,Plan_Upgrade,1,"[""INV-2025-11-008""]","[""2025-11-04T10:00:00""]","[""Expansion""]",[126.33],"[""Plan_Upgrade""]",126.33,0,126.33,0,0,126.33,0,0,0,0,0,0,1,0,0,0,0,0,INV-2025-11-008,2025-11-04T10:00:00,Expansion,126.33,Plan_Upgrade,126.33,0,Expansion,Plan_Upgrade,126.33,1,,,0,0,Expansion,stable,stable,negative,stable,stable,False,False,True,False,False,False,0.036746239,11,False,126.33,-0.0124814626,-1929.86,0.1906710626,-17880.34,1.7665858808,-1395.83,0.1379086511,,,,,,,insufficient_history,False,,Expansion +126.3300,1 transactions; largest INV-2025-11-008 +126.3300 (Plan_Upgrade)
ACC-0042,11,SMB,Education,Annual,0.0088,stable,9.9181,0.124111,0.05,0.02,0,,0,1701.65,1701.65,,,,,,,0.0088,0,0,0,increase,,,,,,,,INV-2025-11-009,2025-11-27T10:00:00,New_ARR,1701.65,New_Logo_Signed,1,"[""INV-2025-11-009""]","[""2025-11-27T10:00:00""]","[""New_ARR""]",[1701.65],"[""New_Logo_Signed""]",1701.65,0,1701.65,0,1701.65,0,0,0,0,0,0,1,0,0,0,0,0,0,INV-2025-11-009,2025-11-27T10:00:00,New_ARR,1701.65,New_Logo_Signed,1701.65,0,New_ARR,New_Logo_Signed,1701.65,1,,,0,0,New_ARR,positive,unknown,unknown,unknown,stable,True,False,False,False,False,False,0,34,False,0,0,-1929.86,0.1906710626,0,0,-9062.02,0.8953317769,,,,,,,insufficient_history,False,,"New_ARR +1,701.6500","1 transactions; largest INV-2025-11-009 +1,701.6500 (New_Logo_Signed)"
ACC-0043,11,SMB,Media,Annual,0.0855,stable,9.2441,0.001778,0.140499,0.017335,3,0,0,487.28,586,10,487.28,9.2836,0.146705,0.01924,3,0.0855,0,0,0,increase,-0.0395,-0.0042548149,-0.006206,-0.001905,0,0,0,,,,0,,0,[],[],[],[],[],0,0,0,0,0,0,0,0,0,0,0,0,0,0,0,0,0,0,,,,0,,0,0,,,0,0,,,0,0,No_Change,stable,stable,stable,stable,stable,False,False,False,False,False,False,0,35,False,0,0,-1929.86,0.1906710626,0,0,-9062.02,0.8953317769,487.28,-9.3266666667,-0.018100894,0,-27.98,9.3266666667,normal,False,,No driver activity this period.,0 transactions
ACC-0044,11,Mid-Market,Energy,Annual,0.0296,stable,35.6934,-0.020795,0.094025,0.082778,4,1,1,10418.15,12748.98,10,10418.15,36.0621,0.084237,0.022397,2,0.0296,0,0,0,increase,-0.3687,-0.0102240302,0.009788,0.060381,2,1,0,,,,0,,0,[],[],[],[],[],0,0,0,0,0,0,0,0,0,0,0,0,0,0,0,0,0,0,,,,0,,0,0,,,0,0,,,0,0,No_Change,negative,stable,negative,negative,negative,True,False,True,True,True,False,0,36,False,0,0,-69.3,0.0068468721,-181.99,0.0179806964,-9062.02,0.8953317769,8434.9566666667,1354.9733333333,0.1880093371,2180.26,0,-1354.9733333333,normal,False,,No driver activity this period.,0 transactions
ACC-0046,11,Enterprise,Retail,Multi-Year,0.0473,stable,622.5127,0.126197,0.122361,0.021963,3,-0.25,0,145953.35,145953.35,10,145953.35,618.0424,0.106278,0.014533,4,0.0473,0,0,0,increase,4.4703,0.0072329989,0.016083,0.00743,-1,-0.25,0,,,,0,,0,[],[],[],[],[],0,0,0,0,0,0,0,0,0,0,0,0,0,0,0,0,0,0,,,,0,,0,0,,,0,0,,,0,0,No_Change,positive,positive,stable,stable,stable,True,True,False,False,False,False,0,37,False,0,0,-8122.25,0.8024820652,-89.97,0.0088890777,336.44,-0.033240428,145953.35,0,0,0,0,0,normal,False,,No driver activity this period.,0 transactions
ACC-0047,11,SMB,Energy,Annual,0.0823,stable,13.1277,0.007125,0.062063,0.018074,4,-0.3333333333,0,650.24,529.3,10,650.24,11.4895,0.054014,0.083034,6,0.0823,0,0,0,increase,1.6382,0.1425823578,0.008049,-0.06496,-2,-0.3333333333,0,,,,0,,0,[],[],[],[],[],0,0,0,0,0,0,0,0,0,0,0,0,0,0,0,0,0,0,,,,0,,0,0,,,0,0,,,0,0,No_Change,stable,stable,positive,positive,stable,False,False,False,False,False,False,0,38,False,0,0,-1929.86,0.1906710626,-181.99,0.0179806964,-9062.02,0.8953317769,650.24,0,0,0,0,0,normal,False,,No driver activity this period.,0 transactions
ACC-0049,11,SMB,Manufacturing,Monthly,0.0557,decline,13.4296,0.067568,0.108682,0.02323,4,3,0,996.63,996.63,10,1427.45,10.903,0.095019,0.018582,1,0.0557,-430.82,-0.3018109216,430.82,decrease,2.5266,0.231734385,0.013663,0.004648,3,3,0,CR-2025-11-008,2025-11-10T10:00:00,Contraction,-341.59,Seat_Reduction,2,"[""CR-2025-11-008"", ""CR-2025-11-009""]","[""2025-11-10T10:00:00"", ""2025-11-20T10:00:00""]","[""Contraction"", ""Refund""]","[-341.59, -89.23]","[""Seat_Reduction"", ""Billing_Adjustment""]",-430.82,0,0,-430.82,0,0,-341.59,0,0,-89.23,0,0,0,0.7928833387,0,0,0.2071166613,0,CR-2025-11-008,2025-11-10T10:00:00,Contraction,-341.59,Seat_Reduction,0,-341.59,Contraction,Seat_Reduction,-341.59,0.7928833387,Refund,Billing_Adjustment,-89.23,0.2071166613,Contraction,positive,positive,stable,negative,stable,True,True,False,True,False,False,0.1212669714,5,True,-430.82,0.0425652157,-1929.86,0.1906710626,442.26,-0.043695493,-1395.83,0.1379086511,1427.45,0,0,0,0,-430.82,normal,False,,Contraction -341.5900; Refund -89.2300,2 transactions; largest CR-2025-11-008 -341.5900 (Seat_Reduction)
ACC-0050,11,SMB,Real Estate,Monthly,0.0055,stable,12.6048,0.082445,0.062465,0.013716,1,0,0,1577.3,1848.42,10,1577.3,11.5645,0.063781,0.010205,1,0.0055,0,0,0,increase,1.0403,0.0899563319,-0.001316,0.003511,0,0,0,,,,0,,0,[],[],[],[],[],0,0,0,0,0,0,0,0,0,0,0,0,0,0,0,0,0,0,,,,0,,0,0,,,0,0,,,0,0,No_Change,positive,stable,stable,stable,stable,True,False,False,False,False,False,0,39,False,0,0,-1929.86,0.1906710626,-1588.1,0.1569050162,-1395.83,0.1379086511,,,,,,,insufficient_history,False,,No driver activity this period.,0 transactions
ACC-0051,11,SMB,Technology,Monthly,0.1457,stable,16.9342,0.016352,0.05,0.02,0,,0,1633.66,1892.06,,,,,,,0.1457,0,0,0,increase,,,,,,,,INV-2025-11-010,2025-11-17T10:00:00,New_ARR,1633.66,New_Logo_Signed,1,"[""INV-2025-11-010""]","[""2025-11-17T10:00:00""]","[""New_ARR""]",[1633.66],"[""New_Logo_Signed""]",1633.66,0,1633.66,0,1633.66,0,0,0,0,0,0,1,0,0,0,0,0,0,INV-2025-11-010,2025-11-17T10:00:00,New_ARR,1633.66,New_Logo_Signed,1633.66,0,New_ARR,New_Logo_Signed,1633.66,1,,,0,0,New_ARR,stable,unknown,unknown,unknown,stable,False,False,False,False,False,False,0,40,False,0,0,-1929.86,0.1906710626,-17880.34,1.7665858808,-1395.83,0.1379086511,,,,,,,insufficient_history,False,,"New_ARR +1,633.6600","1 transactions; largest INV-2025-11-010 +1,633.6600 (New_Logo_Signed)"
ACC-0053,11,Mid-Market,Manufacturing,Monthly,0.014,stable,77.426,0.13339,0.05,0.02,0,,1,10792.34,14560.02,,,,,,,0.014,0,0,0,increase,,,,,,,,INV-2025-11-011,2025-11-06T10:00:00,New_ARR,10792.34,New_Logo_Signed,1,"[""INV-2025-11-011""]","[""2025-11-06T10:00:00""]","[""New_ARR""]",[10792.34],"[""New_Logo_Signed""]",10792.34,0,10792.34,0,10792.34,0,0,0,0,0,0,1,0,0,0,0,0,0,INV-2025-11-011,2025-11-06T10:00:00,New_ARR,10792.34,New_Logo_Signed,10792.34,0,New_ARR,New_Logo_Signed,10792.34,1,,,0,0,New_ARR,positive,unknown,unknown,unknown,negative,True,False,False,False,True,False,0,41,False,0,0,-69.3,0.0068468721,442.26,-0.043695493,-1395.83,0.1379086511,,,,,,,insufficient_history,False,,"New_ARR +10,792.3400","1 transactions; largest INV-2025-11-011 +10,792.3400 (New_Logo_Signed)"
ACC-0054,11,Mid-Market,Logistics,Annual,0.1334,stable,116.8248,0.104104,0.05,0.02,0,,0,11215.11,13908.09,,,,,,,0.1334,0,0,0,increase,,,,,,,,INV-2025-11-012,2025-11-27T10:00:00,New_ARR,11215.11,New_Logo_Signed,1,"[""INV-2025-11-012""]","[""2025-11-27T10:00:00""]","[""New_ARR""]",[11215.11],"[""New_Logo_Signed""]",11215.11,0,11215.11,0,11215.11,0,0,0,0,0,0,1,0,0,0,0,0,0,INV-2025-11-012,2025-11-27T10:00:00,New_ARR,11215.11,New_Logo_Signed,11215.11,0,New_ARR,New_Logo_Signed,11215.11,1,,,0,0,New_ARR,positive,unknown,unknown,unknown,stable,True,False,False,False,False,False,0,42,False,0,0,-69.3,0.0068468721,0,0,-9062.02,0.8953317769,,,,,,,insufficient_history,False,,"New_ARR +11,215.1100","1 transactions; largest INV-2025-11-012 +11,215.1100 (New_Logo_Signed)"
ACC-0055,11,SMB,Education,Annual,0.0758,stable,21.4393,0.13732,0.089877,0.0201,1,-0.5,0,962.09,962.09,10,962.09,18.8286,0.090655,0.020558,2,0.0758,0,0,0,increase,2.6107,0.138656087,-0.000778,-0.000458,-1,-0.5,0,,,,0,,0,[],[],[],[],[],0,0,0,0,0,0,0,0,0,0,0,0,0,0,0,0,0,0,,,,0,,0,0,,,0,0,,,0,0,No_Change,positive,stable,stable,stable,stable,True,False,False,False,False,False,0,43,False,0,0,-1929.86,0.1906710626,0,0,-9062.02,0.8953317769,962.09,0,0,0,0,0,normal,False,,No driver activity this period.,0 transactions
ACC-0056,11,Enterprise,Logistics,Monthly,0.086,stable,499.0011,0.126784,0.05,0.02,0,,0,61387.53,61387.53,,,,,,,0.086,0,0,0,increase,,,,,,,,INV-2025-11-013,2025-11-07T10:00:00,New_ARR,61387.53,New_Logo_Signed,1,"[""INV-2025-11-013""]","[""2025-11-07T10:00:00""]","[""New_ARR""]",[61387.53],"[""New_Logo_Signed""]",61387.53,0,61387.53,0,61387.53,0,0,0,0,0,0,1,0,0,0,0,0,0,INV-2025-11-013,2025-11-07T10:00:00,New_ARR,61387.53,New_Logo_Signed,61387.53,0,New_ARR,New_Logo_Signed,61387.53,1,,,0,0,New_ARR,positive,unknown,unknown,unknown,stable,True,False,False,False,False,False,0,44,False,0,0,-8122.25,0.8024820652,0,0,-1395.83,0.1379086511,,,,,,,insufficient_history,False,,"New_ARR +61,387.5300","1 transactions; largest INV-2025-11-013 +61,387.5300 (New_Logo_Signed)"
ACC-0057,11,SMB,Media,Annual,0.192,stable,10.0073,0.125346,0.063004,0.012565,1,0,0,958.32,958.32,10,958.32,10.468,0.048282,0.075988,1,0.192,0,0,0,increase,-0.4607,-0.0440103172,0.014722,-0.063423,0,0,0,,,,0,,0,[],[],[],[],[],0,0,0,0,0,0,0,0,0,0,0,0,0,0,0,0,0,0,,,,0,,0,0,,,0,0,,,0,0,No_Change,positive,positive,positive,stable,stable,True,True,False,False,False,False,0,45,False,0,0,-1929.86,0.1906710626,0,0,-9062.02,0.8953317769,946.99,11.33,0.0122575271,33.99,0,-11.33,normal,False,,No driver activity this period.,0 transactions
ACC-0058,11,Mid-Market,Energy,Monthly,0.1904,stable,52.0628,0.028393,0.062031,0.018484,1,0,0,5308.01,5308.01,10,5308.01,52.3643,0.056665,0.010415,1,0.1904,0,0,0,increase,-0.3015,-0.0057577395,0.005366,0.008069,0,0,0,,,,0,,0,[],[],[],[],[],0,0,0,0,0,0,0,0,0,0,0,0,0,0,0,0,0,0,,,,0,,0,0,,,0,0,,,0,0,No_Change,positive,stable,stable,stable,stable,True,False,False,False,False,False,0,46,False,0,0,-69.3,0.0068468721,-181.99,0.0179806964,-1395.83,0.1379086511,5308.01,0,0,0,0,0,normal,False,,No driver activity this period.,0 transactions
ACC-0059,11,SMB,Fintech,Monthly,0.095,churned,9.166,-0.003193,0.122687,0.023147,1,-0.5,1,0,,10,1318.7,9.7849,0.12218,0.023313,2,0.095,-1318.7,-1,1318.7,decrease,-0.6189,-0.0632505187,0.000507,-0.000166,-1,-0.5,0,CR-2025-11-010,2025-11-06T10:00:00,Churn,-1318.7,Budget_Cut,1,"[""CR-2025-11-010""]","[""2025-11-06T10:00:00""]","[""Churn""]",[-1318.7],"[""Budget_Cut""]",-1318.7,0,0,-1318.7,0,0,0,-1318.7,0,0,0,0,0,0,1,0,0,0,CR-2025-11-010,2025-11-06T10:00:00,Churn,-1318.7,Budget_Cut,0,-1318.7,Churn,Budget_Cut,-1318.7,1,,,0,0,Churn,stable,stable,stable,stable,negative,False,False,False,False,True,False,0.3978516165,3,True,-1318.7,0.1302881713,-1929.86,0.1906710626,-1318.7,0.1302881713,-1395.83,0.1379086511,1361.5433333333,-12.4933333333,-0.0083617544,53.57,-91.05,-1306.2066666667,unusual_decrease,True,Budget_Cut,"Churn -1,318.7000","1 transactions; largest CR-2025-11-010 -1,318.7000 (Budget_Cut)"
ACC-0060,11,Mid-Market,Education,Monthly,0.0488,stable,104.6327,0.110151,0.144891,0.021031,1,-0.5,0,10484.04,10484.04,10,10484.04,100.828,0.141869,0.021317,2,0.0488,0,0,0,increase,3.8047,0.0377345579,0.003022,-0.000286,-1,-0.5,0,,,,0,,0,[],[],[],[],[],0,0,0,0,0,0,0,0,0,0,0,0,0,0,0,0,0,0,,,,0,,0,0,,,0,0,,,0,0,No_Change,positive,stable,stable,stable,stable,True,False,False,False,False,False,0,47,False,0,0,-69.3,0.0068468721,0,0,-1395.83,0.1379086511,10484.04,-582.0733333333,-0.047592883,0,-1746.22,582.0733333333,normal,False,,No driver activity this period.,0 transactions
ACC-0061,11,SMB,Real Estate,Monthly,0.1115,stable,15.6809,0.046728,0.067991,0.088236,3,-0.25,0,711.24,711.24,10,711.24,12.3798,0.049385,0.018462,4,0.1115,0,0,0,increase,3.3011,0.2666521269,0.018606,0.069774,-1,-0.25,0,,,,0,,0,[],[],[],[],[],0,0,0,0,0,0,0,0,0,0,0,0,0,0,0,0,0,0,,,,0,,0,0,,,0,0,,,0,0,No_Change,positive,positive,negative,stable,stable,True,True,True,False,False,False,0,48,False,0,0,-1929.86,0.1906710626,-1588.1,0.1569050162,-1395.83,0.1379086511,711.24,13.78,0.0205702344,41.34,0,-13.78,normal,False,,No driver activity this period.,0 transactions
ACC-0063,11,Mid-Market,Retail,Annual,0.0949,stable,105.048,-0.010495,0.060036,0.011163,1,0,0,12998.29,15705.15,10,12998.29,101.8702,0.048044,0.017331,1,0.0949,0,0,0,increase,3.1778,0.0311945986,0.011992,-0.006168,0,0,0,,,,0,,0,[],[],[],[],[],0,0,0,0,0,0,0,0,0,0,0,0,0,0,0,0,0,0,,,,0,,0,0,,,0,0,,,0,0,No_Change,stable,positive,stable,stable,stable,False,True,False,False,False,False,0,49,False,0,0,-69.3,0.0068468721,-89.97,0.0088890777,-9062.02,0.8953317769,,,,,,,insufficient_history,False,,No driver activity this period.,0 transactions
ACC-0065,11,SMB,Energy,Multi-Year,0.0161,decline,22.8103,0.020993,0.086613,0.018274,2,1,0,1167.23,1167.23,10,1441.8,20.445,0.087952,0.022476,1,0.0161,-274.57,-0.1904355667,274.57,decrease,2.3653,0.115690878,-0.001339,-0.004202,1,1,0,CR-2025-11-011,2025-11-20T10:00:00,Contraction,-274.57,Seat_Reduction,1,"[""CR-2025-11-011""]","[""2025-11-20T10:00:00""]","[""Contraction""]",[-274.57],"[""Seat_Reduction""]",-274.57,0,0,-274.57,0,0,-274.57,0,0,0,0,0,0,1,0,0,0,0,CR-2025-11-011,2025-11-20T10:00:00,Contraction,-274.57,Seat_Reduction,0,-274.57,Contraction,Seat_Reduction,-274.57,1,,,0,0,Contraction,positive,stable,stable,stable,stable,True,False,False,False,False,False,0.0766157594,7,False,-274.57,0.0271276433,-1929.86,0.1906710626,-181.99,0.0179806964,336.44,-0.033240428,1342.0933333333,99.7066666667,0.0872568581,299.12,0,-374.2766666667,unusual_decrease,False,,Contraction -274.5700,1 transactions; largest CR-2025-11-011 -274.5700 (Seat_Reduction)
ACC-0069,11,Mid-Market,Logistics,Monthly,0.0058,stable,126.3598,-0.039244,0.05,0.02,0,,0,11552.27,11552.27,,,,,,,0.0058,0,0,0,increase,,,,,,,,INV-2025-11-014,2025-11-22T10:00:00,New_ARR,11552.27,New_Logo_Signed,1,"[""INV-2025-11-014""]","[""2025-11-22T10:00:00""]","[""New_ARR""]",[11552.27],"[""New_Logo_Signed""]",11552.27,0,11552.27,0,11552.27,0,0,0,0,0,0,1,0,0,0,0,0,0,INV-2025-11-014,2025-11-22T10:00:00,New_ARR,11552.27,New_Logo_Signed,11552.27,0,New_ARR,New_Logo_Signed,11552.27,1,,,0,0,New_ARR,negative,unknown,unknown,unknown,stable,True,False,False,False,False,False,0,50,False,0,0,-69.3,0.0068468721,0,0,-1395.83,0.1379086511,,,,,,,insufficient_history,False,,"New_ARR +11,552.2700","1 transactions; largest INV-2025-11-014 +11,552.2700 (New_Logo_Signed)"
ACC-0070,11,Enterprise,Technology,Annual,0.1814,stable,638.0821,0.122121,0.11524,0.021692,2,0,0,177471.85,156330.56,10,177471.85,638.811,0.124453,0.02388,2,0.1814,0,0,0,increase,-0.7289,-0.0011410261,-0.009213,-0.002188,0,0,0,,,,0,,0,[],[],[],[],[],0,0,0,0,0,0,0,0,0,0,0,0,0,0,0,0,0,0,,,,0,,0,0,,,0,0,,,0,0,No_Change,positive,stable,stable,stable,stable,True,False,False,False,False,False,0,51,False,0,0,-8122.25,0.8024820652,-17880.34,1.7665858808,-9062.02,0.8953317769,177471.85,0,0,0,0,0,normal,False,,No driver activity this period.,0 transactions
ACC-0001,12,Enterprise,Technology,Annual,0.049,stable,381.6022,-0.011587,0.126695,0.014147,1,0,0,80082.59,88750.35,11,80082.59,376.946,0.11599,0.020543,1,0.049,0,0,0,increase,4.6562,0.0123524324,0.010705,-0.006396,0,0,0,,,,0,,0,[],[],[],[],[],0,0,0,0,0,0,0,0,0,0,0,0,0,0,0,0,0,0,,,,0,,0,0,,,0,0,,,0,0,No_Change,stable,positive,stable,stable,stable,False,True,False,False,False,False,0,18,False,0,0,-21141.29,1.5703509973,-23525,1.7474102674,-13479.64,1.0012523416,77855.7533333333,12523.7866666667,0.2961720731,42506.05,-17912.77,-12523.7866666667,normal,False,,No driver activity this period.,0 transactions
ACC-0002,12,Enterprise,Healthcare,Annual,0.0064,stable,545.8286,-0.023235,0.163112,0.016894,2,0,0,63677.69,63677.69,11,63677.69,544.345,0.155617,0.018489,2,0.0064,0,0,0,increase,1.4836,0.0027254774,0.007495,-0.001595,0,0,0,,,,0,,0,[],[],[],[],[],0,0,0,0,0,0,0,0,0,0,0,0,0,0,0,0,0,0,,,,0,,0,0,,,0,0,,,0,0,No_Change,negative,stable,stable,stable,stable,True,False,False,False,False,False,0,19,False,0,0,-21141.29,1.5703509973,406.84,-0.0302196129,-13479.64,1.0012523416,59697.5433333333,716.64,0.0191680743,9790.52,-7640.6,-716.64,normal,False,,No driver activity this period.,0 transactions
ACC-0003,12,Mid-Market,Real Estate,Monthly,0.13,stable,42.0237,0.023733,0.086817,0.011368,1,0,0,5222.59,5222.59,11,5222.59,42.2394,0.068209,0.013427,1,0.13,0,0,0,increase,-0.2157,-0.0051066066,0.018608,-0.002059,0,0,0,,,,0,,0,[],[],[],[],[],0,0,0,0,0,0,0,0,0,0,0,0,0,0,0,0,0,0,,,,0,,0,0,,,0,0,,,0,0,No_Change,positive,positive,stable,stable,stable,True,True,False,False,False,False,0,20,False,0,0,9508.25,-0.7062620053,-1390.04,0.1032505916,2658.97,-0.1975052701,4855.23,367.36,0.0891540125,1102.08,0,-367.36,normal,False,,No driver activity this period.,0 transactions
ACC-0004,12,SMB,Fintech,Annual,0.0319,stable,39.985,-0.022145,0.089288,0.076517,2,1,0,4951.93,4951.93,11,4951.93,40.3992,0.095161,0.017627,1,0.0319,0,0,0,increase,-0.4142,-0.0102526783,-0.005873,0.05889,1,1,0,,,,0,,0,[],[],[],[],[],0,0,0,0,0,0,0,0,0,0,0,0,0,0,0,0,0,0,,,,0,,0,0,,,0,0,,,0,0,No_Change,negative,stable,negative,stable,stable,True,False,True,False,False,False,0,21,False,0,0,-1829.74,0.135911008,0,0,-13479.64,1.0012523416,4951.93,0,0,0,0,0,normal,False,,No driver activity this period.,0 transactions
ACC-0005,12,SMB,Energy,Monthly,0.076,stable,38.6259,0.118786,0.103769,0.012083,2,1,0,2088.15,2088.15,11,2088.15,35.0701,0.098506,0.01825,1,0.076,0,0,0,increase,3.5558,0.1013912136,0.005263,-0.006167,1,1,0,,,,0,,0,[],[],[],[],[],0,0,0,0,0,0,0,0,0,0,0,0,0,0,0,0,0,0,,,,0,,0,0,,,0,0,,,0,0,No_Change,positive,stable,stable,stable,stable,True,False,False,False,False,False,0,22,False,0,0,-1829.74,0.135911008,1359.91,-0.1010125695,2658.97,-0.1975052701,1934.8333333333,153.3166666667,0.0941632887,459.95,0,-153.3166666667,normal,False,,No driver activity this period.,0 transactions
ACC-0006,12,Mid-Market,Media,Annual,0.1946,stable,462.8999,0.088048,0.10237,0.015695,2,0,0,91727.04,91727.04,11,91727.04,459.3321,0.104166,0.021568,2,0.1946,0,0,0,increase,3.5678,0.0077673648,-0.001796,-0.005873,0,0,0,,,,0,,0,[],[],[],[],[],0,0,0,0,0,0,0,0,0,0,0,0,0,0,0,0,0,0,,,,0,,0,0,,,0,0,,,0,0,No_Change,positive,stable,stable,stable,stable,True,False,False,False,False,False,0,23,False,0,0,9508.25,-0.7062620053,517.99,-0.0384757086,-13479.64,1.0012523416,91727.04,6254.2566666667,0.0857167031,18762.77,0,-6254.2566666667,normal,False,,No driver activity this period.,0 transactions
ACC-0007,12,Mid-Market,Technology,Multi-Year,0.0723,decline,131.7725,-0.021385,0.096409,0.012011,2,-0.5,0,26806.65,26806.65,11,29622.86,129.9687,0.089537,0.016245,4,0.0723,-2816.21,-0.0950688083,2816.21,decrease,1.8038,0.0138787262,0.006872,-0.004234,-2,-0.5,0,CR-2025-12-001,2025-12-14T10:00:00,Contraction,-2816.21,Contract_Downgrade,1,"[""CR-2025-12-001""]","[""2025-12-14T10:00:00""]","[""Contraction""]",[-2816.21],"[""Contract_Downgrade""]",-2816.21,0,0,-2816.21,0,0,-2816.21,0,0,0,0,0,0,1,0,0,0,0,CR-2025-12-001,2025-12-14T10:00:00,Contraction,-2816.21,Contract_Downgrade,0,-2816.21,Contraction,Contract_Downgrade,-2816.21,1,,,0,0,Contraction,negative,stable,stable,positive,stable,True,False,False,False,False,False,0.1198599299,8,False,-2816.21,0.2091848786,9508.25,-0.7062620053,-23525,1.7474102674,-2642.11,0.1962529284,29622.86,0,0,0,0,-2816.21,normal,False,,"Contraction -2,816.2100","1 transactions; largest CR-2025-12-001 -2,816.2100 (Contract_Downgrade)"
ACC-0009,12,SMB,Energy,Monthly,0.0711,stable,77.915,-0.031414,0.091402,0.020424,2,0,0,14719.75,14719.75,11,14719.75,77.7157,0.072465,0.022232,2,0.0711,0,0,0,increase,0.1993,0.0025644754,0.018937,-0.001808,0,0,0,,,,0,,0,[],[],[],[],[],0,0,0,0,0,0,0,0,0,0,0,0,0,0,0,0,0,0,,,,0,,0,0,,,0,0,,,0,0,No_Change,negative,positive,stable,stable,stable,True,True,False,False,False,False,0,24,False,0,0,-1829.74,0.135911008,1359.91,-0.1010125695,2658.97,-0.1975052701,13969.87,749.88,0.0601341929,2249.64,0,-749.88,normal,False,,No driver activity this period.,0 transactions
ACC-0010,12,SMB,Healthcare,Annual,0.0342,stable,39.0086,0.068155,0.117107,0.018953,1,0,0,4349.58,4349.58,11,4349.58,35.3139,0.102944,0.018819,1,0.0342,0,0,0,increase,3.6947,0.1046245246,0.014163,0.000134,0,0,0,,,,0,,0,[],[],[],[],[],0,0,0,0,0,0,0,0,0,0,0,0,0,0,0,0,0,0,,,,0,,0,0,,,0,0,,,0,0,No_Change,positive,positive,stable,stable,stable,True,True,False,False,False,False,0,25,False,0,0,-1829.74,0.135911008,406.84,-0.0302196129,-13479.64,1.0012523416,4267.09,82.49,0.0201091633,247.47,0,-82.49,normal,False,,No driver activity this period.,0 transactions
ACC-0011,12,SMB,Real Estate,Monthly,0.0649,churned,31.2513,-0.022418,0.091431,0.020804,3,-0.5,0,0,,11,1979.6,28.6395,0.08885,0.017076,6,0.0649,-1979.6,-1,1979.6,decrease,2.6118,0.0911957262,0.002581,0.003728,-3,-0.5,0,CR-2025-12-002,2025-12-06T10:00:00,Churn,-1979.6,Budget_Cut,1,"[""CR-2025-12-002""]","[""2025-12-06T10:00:00""]","[""Churn""]",[-1979.6],"[""Budget_Cut""]",-1979.6,0,0,-1979.6,0,0,0,-1979.6,0,0,0,0,0,0,1,0,0,0,CR-2025-12-002,2025-12-06T10:00:00,Churn,-1979.6,Budget_Cut,0,-1979.6,Churn,Budget_Cut,-1979.6,1,,,0,0,Churn,negative,stable,stable,positive,stable,True,False,False,False,False,False,0.4108638357,2,True,-1979.6,0.1470424385,-1829.74,0.135911008,-1390.04,0.1032505916,2658.97,-0.1975052701,2410.08,-215.24,-0.081986196,0,-645.72,-1764.36,unusual_decrease,True,Budget_Cut,"Churn -1,979.6000","1 transactions; largest CR-2025-12-002 -1,979.6000 (Budget_Cut)"
ACC-0013,12,Mid-Market,Media,Monthly,0.0279,growth,57.3566,0.082209,0.097416,0.022058,1,-0.5,0,11364.18,10345.65,11,10944.91,54.5546,0.084973,0.024526,2,0.0279,419.27,0.0383073045,419.27,increase,2.802,0.0513613884,0.012443,-0.002468,-1,-0.5,0,INV-2025-12-001,2025-12-03T10:00:00,Usage_Overage,419.27,Usage_Above_Commit,1,"[""INV-2025-12-001""]","[""2025-12-03T10:00:00""]","[""Usage_Overage""]",[419.27],"[""Usage_Above_Commit""]",419.27,0,419.27,0,0,0,0,0,0,0,419.27,0,0,0,0,0,0,1,INV-2025-12-001,2025-12-03T10:00:00,Usage_Overage,419.27,Usage_Above_Commit,419.27,0,Usage_Overage,Usage_Above_Commit,419.27,1,,,0,0,Usage_Overage,positive,positive,stable,stable,stable,True,True,False,False,False,False,0.0262982316,17,False,419.27,-0.0311428992,9508.25,-0.7062620053,517.99,-0.0384757086,2658.97,-0.1975052701,10375.68,569.23,0.0616235188,1707.69,0,-149.96,normal,False,,Usage_Overage +419.2700,1 transactions; largest INV-2025-12-001 +419.2700 (Usage_Above_Commit)
ACC-0014,12,SMB,Education,Multi-Year,0.0799,stable,57.8775,-0.012222,0.061373,0.013535,1,-0.5,1,8393.47,8393.47,11,8393.47,53.1181,0.050761,0.018122,2,0.0799,0,0,0,increase,4.7594,0.0896003434,0.010612,-0.004587,-1,-0.5,0,,,,0,,0,[],[],[],[],[],0,0,0,0,0,0,0,0,0,0,0,0,0,0,0,0,0,0,,,,0,,0,0,,,0,0,,,0,0,No_Change,stable,positive,stable,stable,negative,False,True,False,False,True,False,0,26,False,0,0,-1829.74,0.135911008,0,0,-2642.11,0.1962529284,8393.47,0,0,0,0,0,normal,False,,No driver activity this period.,0 transactions
ACC-0016,12,SMB,Education,Annual,0.0936,stable,16.2743,0.149049,0.16121,0.013426,2,1,0,2048.58,2048.58,11,2048.58,16.9553,0.142767,0.017862,1,0.0936,0,0,0,increase,-0.681,-0.0401644324,0.018443,-0.004436,1,1,0,,,,0,,0,[],[],[],[],[],0,0,0,0,0,0,0,0,0,0,0,0,0,0,0,0,0,0,,,,0,,0,0,,,0,0,,,0,0,No_Change,positive,positive,stable,stable,stable,True,True,False,False,False,False,0,27,False,0,0,-1829.74,0.135911008,0,0,-13479.64,1.0012523416,2048.58,0,0,0,0,0,normal,False,,No driver activity this period.,0 transactions
ACC-0017,12,Mid-Market,Healthcare,Annual,0.1074,stable,28.4789,0.034101,0.104238,0.018357,1,-0.5,0,989.64,989.64,11,989.64,26.9973,0.094637,0.011182,2,0.1074,0,0,0,increase,1.4816,0.054879562,0.009601,0.007175,-1,-0.5,0,,,,0,,0,[],[],[],[],[],0,0,0,0,0,0,0,0,0,0,0,0,0,0,0,0,0,0,,,,0,,0,0,,,0,0,,,0,0,No_Change,positive,stable,stable,stable,stable,True,False,False,False,False,False,0,28,False,0,0,9508.25,-0.7062620053,406.84,-0.0302196129,-13479.64,1.0012523416,989.64,-104.8333333333,-0.0803850302,0,-314.5,104.8333333333,normal,False,,No driver activity this period.,0 transactions
ACC-0018,12,SMB,Retail,Annual,0.1908,stable,19.9847,0.051405,0.104755,0.019206,2,0,0,1703.35,1703.35,11,1703.35,21.9231,0.094686,0.014404,2,0.1908,0,0,0,increase,-1.9384,-0.0884181525,0.010069,0.004802,0,0,0,,,,0,,0,[],[],[],[],[],0,0,0,0,0,0,0,0,0,0,0,0,0,0,0,0,0,0,,,,0,,0,0,,,0,0,,,0,0,No_Change,positive,positive,stable,stable,stable,True,True,False,False,False,False,0,29,False,0,0,-1829.74,0.135911008,2706.86,-0.2010624849,-13479.64,1.0012523416,1763.33,-29.99,-0.0167231727,0,-89.97,29.99,normal,False,,No driver activity this period.,0 transactions
ACC-0019,12,Mid-Market,Real Estate,Annual,0.1741,stable,45.8087,0.127202,0.067272,0.013583,7,2.5,0,11570.11,12701.28,11,11570.11,44.3008,0.074555,0.021628,2,0.1741,0,0,0,increase,1.5079,0.03403776,-0.007283,-0.008045,5,2.5,0,,,,0,,0,[],[],[],[],[],0,0,0,0,0,0,0,0,0,0,0,0,0,0,0,0,0,0,,,,0,,0,0,,,0,0,,,0,0,No_Change,positive,stable,stable,negative,stable,True,False,False,True,False,False,0,30,False,0,0,9508.25,-0.7062620053,-1390.04,0.1032505916,-13479.64,1.0012523416,11469.99,414.2466666667,0.0454233953,2185.12,-942.38,-414.2466666667,normal,False,,No driver activity this period.,0 transactions
ACC-0020,12,SMB,Energy,Annual,0.1079,decline,20.4315,0.074461,0.118711,0.02011,4,1,0,1236.99,1138.23,11,1602.23,19.2425,0.107757,0.010862,2,0.1079,-365.24,-0.2279572845,365.24,decrease,1.189,0.0617903079,0.010954,0.009248,2,1,0,CR-2025-12-003,2025-12-07T10:00:00,Contraction,-290.61,Seat_Reduction,2,"[""CR-2025-12-003"", ""CR-2025-12-004""]","[""2025-12-07T10:00:00"", ""2025-12-17T10:00:00""]","[""Contraction"", ""Refund""]","[-290.61, -74.63]","[""Seat_Reduction"", ""Billing_Adjustment""]",-365.24,0,0,-365.24,0,0,-290.61,0,0,-74.63,0,0,0,0.7956686015,0,0,0.2043313985,0,CR-2025-12-003,2025-12-07T10:00:00,Contraction,-290.61,Seat_Reduction,0,-290.61,Contraction,Seat_Reduction,-290.61,0.7956686015,Refund,Billing_Adjustment,-74.63,0.2043313985,Contraction,positive,positive,stable,negative,stable,True,True,False,True,False,False,0.0910145441,10,False,-365.24,0.0271296122,-1829.74,0.135911008,1359.91,-0.1010125695,-13479.64,1.0012523416,1557.47,13.9,0.0095737218,92.58,-50.88,-379.14,unusual_decrease,False,,Contraction -290.6100; Refund -74.6300,2 transactions; largest CR-2025-12-003 -290.6100 (Seat_Reduction)
ACC-0021,12,SMB,Real Estate,Multi-Year,0.0846,stable,16.0375,0.08137,0.060295,0.012514,2,1,0,1961.58,1961.58,11,1961.58,15.37,0.0617,0.024691,1,0.0846,0,0,0,increase,0.6675,0.0434287573,-0.001405,-0.012177,1,1,0,,,,0,,0,[],[],[],[],[],0,0,0,0,0,0,0,0,0,0,0,0,0,0,0,0,0,0,,,,0,,0,0,,,0,0,,,0,0,No_Change,positive,stable,positive,stable,stable,True,False,False,False,False,False,0,31,False,0,0,-1829.74,0.135911008,-1390.04,0.1032505916,-2642.11,0.1962529284,1961.58,0,0,0,0,0,normal,False,,No driver activity this period.,0 transactions
ACC-0023,12,SMB,Energy,Monthly,0.1108,churned,11.5304,0.127277,0.058157,0.016563,1,-0.5,0,0,,11,484.74,11.2482,0.064115,0.021828,2,0.1108,-484.74,-1,484.74,decrease,0.2822,0.0250884586,-0.005958,-0.005265,-1,-0.5,0,CR-2025-12-005,2025-12-27T10:00:00,Churn,-484.74,Competitor_Switch,1,"[""CR-2025-12-005""]","[""2025-12-27T10:00:00""]","[""Churn""]",[-484.74],"[""Competitor_Switch""]",-484.74,0,0,-484.74,0,0,0,-484.74,0,0,0,0,0,0,1,0,0,0,CR-2025-12-005,2025-12-27T10:00:00,Churn,-484.74,Competitor_Switch,0,-484.74,Churn,Competitor_Switch,-484.74,1,,,0,0,Churn,positive,stable,stable,stable,stable,True,False,False,False,False,False,0.3649035844,3,True,-484.74,0.0360059364,-1829.74,0.135911008,1359.91,-0.1010125695,2658.97,-0.1975052701,475.22,9.52,0.0208689552,28.56,0,-494.26,unusual_decrease,True,Competitor_Switch,Churn -484.7400,1 transactions; largest CR-2025-12-005 -484.7400 (Competitor_Switch)
ACC-0024,12,SMB,Healthcare,Multi-Year,0.1719,stable,22.6288,0.117419,0.098304,0.018254,2,0,0,1040.28,1040.28,11,1040.28,22.3646,0.101082,0.023537,2,0.1719,0,0,0,increase,0.2642,0.0118133121,-0.002778,-0.005283,0,0,0,,,,0,,0,[],[],[],[],[],0,0,0,0,0,0,0,0,0,0,0,0,0,0,0,0,0,0,,,,0,,0,0,,,0,0,,,0,0,No_Change,positive,stable,stable,stable,stable,True,False,False,False,False,False,0,32,False,0,0,-1829.74,0.135911008,406.84,-0.0302196129,-2642.11,0.1962529284,1105.6,42.7133333333,0.0539405966,226.12,-97.98,-42.7133333333,normal,False,,No driver activity this period.,0 transactions
ACC-0027,12,Mid-Market,Healthcare,Monthly,0.1456,growth,55.7895,-0.011128,0.125216,0.016211,2,0,0,5167.33,5167.33,11,4760.49,55.3049,0.109774,0.017466,2,0.1456,406.84,0.0854617907,406.84,increase,0.4846,0.0087623339,0.015442,-0.001255,0,0,0,INV-2025-12-002,2025-12-21T10:00:00,Expansion,406.84,Feature_Upgrade,1,"[""INV-2025-12-002""]","[""2025-12-21T10:00:00""]","[""Expansion""]",[406.84],"[""Feature_Upgrade""]",406.84,0,406.84,0,0,406.84,0,0,0,0,0,0,1,0,0,0,0,0,INV-2025-12-002,2025-12-21T10:00:00,Expansion,406.84,Feature_Upgrade,406.84,0,Expansion,Feature_Upgrade,406.84,1,,,0,0,Expansion,stable,positive,stable,stable,stable,False,True,False,False,False,False,0.042420135,16,False,406.84,-0.0302196129,9508.25,-0.7062620053,406.84,-0.0302196129,2658.97,-0.1975052701,4760.49,0,0,0,0,406.84,normal,False,,Expansion +406.8400,1 transactions; largest INV-2025-12-002 +406.8400 (Feature_Upgrade)
ACC-0028,12,SMB,Education,Monthly,0.0925,stable,19.081,0.090736,0.102162,0.010936,2,0,0,2077.65,2077.65,11,2077.65,16.8006,0.096849,0.021915,2,0.0925,0,0,0,increase,2.2804,0.1357332476,0.005313,-0.010979,0,0,0,,,,0,,0,[],[],[],[],[],0,0,0,0,0,0,0,0,0,0,0,0,0,0,0,0,0,0,,,,0,,0,0,,,0,0,,,0,0,No_Change,positive,stable,positive,stable,stable,True,False,False,False,False,False,0,33,False,0,0,-1829.74,0.135911008,0,0,2658.97,-0.1975052701,2077.65,0,0,0,0,0,normal,False,,No driver activity this period.,0 transactions
ACC-0029,12,SMB,Real Estate,Annual,0.1938,growth,12.7503,-0.057779,0.070388,0.011379,6,5,1,1901.01,1901.01,11,1582.57,12.8295,0.07189,0.020354,1,0.1938,318.44,0.2012170078,318.44,increase,-0.0792,-0.0061732725,-0.001502,-0.008975,5,5,0,INV-2025-12-003,2025-12-19T10:00:00,Expansion,274.38,Plan_Upgrade,2,"[""INV-2025-12-003"", ""INV-2025-12-004""]","[""2025-12-19T10:00:00"", ""2025-12-24T10:00:00""]","[""Expansion"", ""Usage_Overage""]","[274.38, 44.06]","[""Plan_Upgrade"", ""Usage_Above_Commit""]",318.44,0,318.44,0,0,274.38,0,0,0,0,44.06,0,0.8616379852,0,0,0,0,0.1383620148,INV-2025-12-003,2025-12-19T10:00:00,Expansion,274.38,Plan_Upgrade,274.38,0,Expansion,Plan_Upgrade,274.38,0.8616379852,Usage_Overage,Usage_Above_Commit,44.06,0.1383620148,Expansion,negative,stable,stable,negative,negative,True,False,False,True,True,False,0.0802165568,11,False,318.44,-0.0236533613,-1829.74,0.135911008,-1390.04,0.1032505916,-13479.64,1.0012523416,1453.0833333333,129.4866666667,0.1084378044,388.46,0,188.9533333333,unusual_increase,False,,Expansion +274.3800; Usage_Overage +44.0600,2 transactions; largest INV-2025-12-003 +274.3800 (Plan_Upgrade)
ACC-0032,12,SMB,Fintech,Annual,0.1084,stable,6.3747,0.036302,0.063686,0.012549,1,inf,0,410.31,410.31,11,410.31,4.1492,0.05,0.02,0,0.1084,0,0,0,increase,2.2255,0.5363684566,0.013686,-0.007451,1,inf,0,,,,0,,0,[],[],[],[],[],0,0,0,0,0,0,0,0,0,0,0,0,0,0,0,0,0,0,,,,0,,0,0,,,0,0,,,0,0,No_Change,positive,positive,stable,stable,stable,True,True,False,False,False,False,0,34,False,0,0,-1829.74,0.135911008,0,0,-13479.64,1.0012523416,,,,,,,insufficient_history,False,,No driver activity this period.,0 transactions
ACC-0033,12,Mid-Market,Real Estate,Monthly,0.1922,stable,41.6434,0.018295,0.048615,0.024889,2,0,0,4274.57,4274.57,11,4274.57,37.5233,0.055987,0.020739,2,0.1922,0,0,0,increase,4.1201,0.1098011102,-0.007372,0.00415,0,0,0,,,,0,,0,[],[],[],[],[],0,0,0,0,0,0,0,0,0,0,0,0,0,0,0,0,0,0,,,,0,,0,0,,,0,0,,,0,0,No_Change,stable,stable,stable,stable,stable,False,False,False,False,False,False,0,35,False,0,0,9508.25,-0.7062620053,-1390.04,0.1032505916,2658.97,-0.1975052701,4147.9066666667,126.6633333333,0.0325229764,379.99,0,-126.6633333333,normal,False,,No driver activity this period.,0 transactions
ACC-0034,12,Mid-Market,Manufacturing,Monthly,0.1883,stable,126.1568,0.029059,0.072185,0.015419,1,-0.5,0,8517.99,9668.63,11,8517.99,125.9568,0.068208,0.01161,2,0.1883,0,0,0,increase,0.2,0.001587846,0.003977,0.003809,-1,-0.5,0,,,,0,,0,[],[],[],[],[],0,0,0,0,0,0,0,0,0,0,0,0,0,0,0,0,0,0,,,,0,,0,0,,,0,0,,,0,0,No_Change,positive,stable,stable,stable,stable,True,False,False,False,False,False,0,36,False,0,0,9508.25,-0.7062620053,3767.68,-0.279858989,2658.97,-0.1975052701,7935.9366666667,-471.1666666667,-0.0386770837,873.08,-2286.58,471.1666666667,normal,False,,No driver activity this period.,0 transactions
ACC-0035,12,SMB,Technology,Annual,0.0633,stable,16.0484,0.096006,0.043342,0.013146,2,1,0,1773.4,1773.4,11,1773.4,15.6906,0.051324,0.018603,1,0.0633,0,0,0,increase,0.3578,0.0228034619,-0.007982,-0.005457,1,1,0,,,,0,,0,[],[],[],[],[],0,0,0,0,0,0,0,0,0,0,0,0,0,0,0,0,0,0,,,,0,,0,0,,,0,0,,,0,0,No_Change,positive,stable,stable,stable,stable,True,False,False,False,False,False,0,37,False,0,0,-1829.74,0.135911008,-23525,1.7474102674,-13479.64,1.0012523416,1773.4,0,0,0,0,0,normal,False,,No driver activity this period.,0 transactions
ACC-0037,12,SMB,Technology,Multi-Year,0.1992,growth,18.0342,0.122045,0.086469,0.013186,2,1,0,734.9,734.9,11,560.8,14.354,0.071792,0.017278,1,0.1992,174.1,0.3104493581,174.1,increase,3.6802,0.2563884631,0.014677,-0.004092,1,1,0,INV-2025-12-005,2025-12-25T10:00:00,Expansion,174.1,Seat_Add,1,"[""INV-2025-12-005""]","[""2025-12-25T10:00:00""]","[""Expansion""]",[174.1],"[""Seat_Add""]",174.1,0,174.1,0,0,174.1,0,0,0,0,0,0,1,0,0,0,0,0,INV-2025-12-005,2025-12-25T10:00:00,Expansion,174.1,Seat_Add,174.1,0,Expansion,Seat_Add,174.1,1,,,0,0,Expansion,positive,positive,stable,stable,stable,True,True,False,False,False,False,0.1140100707,9,False,174.1,-0.0129319502,-1829.74,0.135911008,-23525,1.7474102674,-2642.11,0.1962529284,623.4,-31.3,-0.0478081564,0,-93.9,205.4,normal,False,,Expansion +174.1000,1 transactions; largest INV-2025-12-005 +174.1000 (Seat_Add)
ACC-0038,12,SMB,Energy,Multi-Year,0.1759,stable,2.6349,0.042212,0.05,0.02,0,,0,647.04,647.04,,,,,,,0.1759,0,0,0,increase,,,,,,,,INV-2025-12-006,2025-12-25T10:00:00,New_ARR,647.04,New_Logo_Signed,1,"[""INV-2025-12-006""]","[""2025-12-25T10:00:00""]","[""New_ARR""]",[647.04],"[""New_Logo_Signed""]",647.04,0,647.04,0,647.04,0,0,0,0,0,0,1,0,0,0,0,0,0,INV-2025-12-006,2025-12-25T10:00:00,New_ARR,647.04,New_Logo_Signed,647.04,0,New_ARR,New_Logo_Signed,647.04,1,,,0,0,New_ARR,positive,unknown,unknown,unknown,stable,True,False,False,False,False,False,0,38,False,0,0,-1829.74,0.135911008,1359.91,-0.1010125695,-2642.11,0.1962529284,,,,,,,insufficient_history,False,,New_ARR +647.0400,1 transactions; largest INV-2025-12-006 +647.0400 (New_Logo_Signed)
ACC-0040,12,SMB,Healthcare,Multi-Year,0.0269,stable,25.3849,-0.036829,0.094784,0.01042,1,0,0,3671.74,3671.74,11,3671.74,26.5607,0.095637,0.024277,1,0.0269,0,0,0,increase,-1.1758,-0.0442684116,-0.000853,-0.013857,0,0,0,,,,0,,0,[],[],[],[],[],0,0,0,0,0,0,0,0,0,0,0,0,0,0,0,0,0,0,,,,0,,0,0,,,0,0,,,0,0,No_Change,negative,stable,positive,stable,stable,True,False,False,False,False,False,0,39,False,0,0,-1829.74,0.135911008,406.84,-0.0302196129,-2642.11,0.1962529284,3136.48,474.4633333333,0.1852816391,802.89,0,-474.4633333333,normal,False,,No driver activity this period.,0 transactions
ACC-0041,12,SMB,Technology,Monthly,0.0686,stable,18.9754,-0.005114,0.042957,0.010238,2,0,0,1501.1,0,11,1501.1,14.0942,0.042708,0.023259,2,0.0686,0,0,0,increase,4.8812,0.3463268579,0.000249,-0.013021,0,0,0,,,,0,,0,[],[],[],[],[],0,0,0,0,0,0,0,0,0,0,0,0,0,0,0,0,0,0,,,,0,,0,0,,,0,0,,,0,0,No_Change,stable,stable,positive,stable,stable,False,False,False,False,False,False,0,40,False,0,0,-1829.74,0.135911008,-23525,1.7474102674,2658.97,-0.1975052701,1416.88,42.11,0.0306305782,126.33,0,-42.11,normal,False,,No driver activity this period.,0 transactions
ACC-0042,12,SMB,Education,Annual,0.0088,stable,12.1273,0.033487,0.051603,0.024757,0,,0,1701.65,1609.84,11,1701.65,9.9181,0.05,0.02,0,0.0088,0,0,0,increase,2.2092,0.2227442756,0.001603,0.004757,0,,0,,,,0,,0,[],[],[],[],[],0,0,0,0,0,0,0,0,0,0,0,0,0,0,0,0,0,0,,,,0,,0,0,,,0,0,,,0,0,No_Change,positive,stable,stable,stable,stable,True,False,False,False,False,False,0,41,False,0,0,-1829.74,0.135911008,0,0,-13479.64,1.0012523416,,,,,,,insufficient_history,False,,No driver activity this period.,0 transactions
ACC-0043,12,SMB,Media,Annual,0.0855,growth,10.1413,0.03884,0.146066,0.017882,2,-0.3333333333,0,586,586,11,487.28,9.2441,0.140499,0.017335,3,0.0855,98.72,0.2025939911,98.72,increase,0.8972,0.0970565009,0.005567,0.000547,-1,-0.3333333333,0,INV-2025-12-007,2025-12-27T10:00:00,Expansion,98.72,Plan_Upgrade,1,"[""INV-2025-12-007""]","[""2025-12-27T10:00:00""]","[""Expansion""]",[98.72],"[""Plan_Upgrade""]",98.72,0,98.72,0,0,98.72,0,0,0,0,0,0,1,0,0,0,0,0,INV-2025-12-007,2025-12-27T10:00:00,Expansion,98.72,Plan_Upgrade,98.72,0,Expansion,Plan_Upgrade,98.72,1,,,0,0,Expansion,positive,stable,stable,stable,stable,True,False,False,False,False,False,0.0739430948,12,False,98.72,-0.0073328094,-1829.74,0.135911008,517.99,-0.0384757086,-13479.64,1.0012523416,487.28,0,0,0,0,98.72,normal,False,,Expansion +98.7200,1 transactions; largest INV-2025-12-007 +98.7200 (Plan_Upgrade)
ACC-0044,12,Mid-Market,Energy,Annual,0.0296,growth,40.8241,0.022132,0.087922,0.020645,3,-0.25,0,12748.98,10033.73,11,10418.15,35.6934,0.094025,0.082778,4,0.0296,2330.83,0.2237278212,2330.83,increase,5.1307,0.1437436613,-0.006103,-0.062133,-1,-0.25,0,INV-2025-12-008,2025-12-15T10:00:00,Expansion,1828.63,Plan_Upgrade,2,"[""INV-2025-12-008"", ""INV-2025-12-009""]","[""2025-12-15T10:00:00"", ""2025-12-20T10:00:00""]","[""Expansion"", ""Usage_Overage""]","[1828.63, 502.2]","[""Plan_Upgrade"", ""Usage_Above_Commit""]",2330.83,0,2330.83,0,0,1828.63,0,0,0,0,502.2,0,0.7845402711,0,0,0,0,0.2154597289,INV-2025-12-008,2025-12-15T10:00:00,Expansion,1828.63,Plan_Upgrade,1828.63,0,Expansion,Plan_Upgrade,1828.63,0.7845402711,Usage_Overage,Usage_Above_Commit,502.2,0.2154597289,Expansion,positive,stable,positive,stable,stable,True,False,False,False,False,False,0.1499673228,7,False,2330.83,-0.1731314038,9508.25,-0.7062620053,1359.91,-0.1010125695,-13479.64,1.0012523416,9789.93,1354.9733333333,0.1880093371,2180.26,0,975.8566666667,normal,False,,"Expansion +1,828.6300; Usage_Overage +502.2000","2 transactions; largest INV-2025-12-008 +1,828.6300 (Plan_Upgrade)"
ACC-0045,12,Enterprise,Manufacturing,Annual,0.1334,stable,846.8353,-0.01378,0.05,0.02,0,,0,107834.14,122980.55,,,,,,,0.1334,0,0,0,increase,,,,,,,,INV-2025-12-010,2025-12-16T10:00:00,New_ARR,107834.14,New_Logo_Signed,1,"[""INV-2025-12-010""]","[""2025-12-16T10:00:00""]","[""New_ARR""]",[107834.14],"[""New_Logo_Signed""]",107834.14,0,107834.14,0,107834.14,0,0,0,0,0,0,1,0,0,0,0,0,0,INV-2025-12-010,2025-12-16T10:00:00,New_ARR,107834.14,New_Logo_Signed,107834.14,0,New_ARR,New_Logo_Signed,107834.14,1,,,0,0,New_ARR,stable,unknown,unknown,unknown,stable,False,False,False,False,False,False,0,42,False,0,0,-21141.29,1.5703509973,3767.68,-0.279858989,-13479.64,1.0012523416,,,,,,,insufficient_history,False,,"New_ARR +107,834.1400","1 transactions; largest INV-2025-12-010 +107,834.1400 (New_Logo_Signed)"
ACC-0046,12,Enterprise,Retail,Multi-Year,0.0473,stable,627.4218,0.097233,0.136853,0.085445,6,1,0,145953.35,163934.71,11,145953.35,622.5127,0.122361,0.021963,3,0.0473,0,0,0,increase,4.9091,0.0078859435,0.014492,0.063482,3,1,0,,,,0,,0,[],[],[],[],[],0,0,0,0,0,0,0,0,0,0,0,0,0,0,0,0,0,0,,,,0,,0,0,,,0,0,,,0,0,No_Change,positive,positive,negative,negative,stable,True,True,True,True,False,False,0,43,False,0,0,-21141.29,1.5703509973,2706.86,-0.2010624849,-2642.11,0.1962529284,145953.35,0,0,0,0,0,normal,False,,No driver activity this period.,0 transactions
ACC-0047,12,SMB,Energy,Annual,0.0823,decline,11.8863,0.111391,0.072023,0.018983,2,-0.5,0,529.3,529.3,11,650.24,13.1277,0.062063,0.018074,4,0.0823,-120.94,-0.1859928642,120.94,decrease,-1.2414,-0.0945634041,0.00996,0.000909,-2,-0.5,0,CR-2025-12-006,2025-12-06T10:00:00,Contraction,-120.94,Contract_Downgrade,1,"[""CR-2025-12-006""]","[""2025-12-06T10:00:00""]","[""Contraction""]",[-120.94],"[""Contract_Downgrade""]",-120.94,0,0,-120.94,0,0,-120.94,0,0,0,0,0,0,1,0,0,0,0,CR-2025-12-006,2025-12-06T10:00:00,Contraction,-120.94,Contract_Downgrade,0,-120.94,Contraction,Contract_Downgrade,-120.94,1,,,0,0,Contraction,positive,stable,stable,positive,stable,True,False,False,False,False,False,0.0688158659,13,False,-120.94,0.0089832858,-1829.74,0.135911008,1359.91,-0.1010125695,-13479.64,1.0012523416,650.24,0,0,0,0,-120.94,normal,False,,Contraction -120.9400,1 transactions; largest CR-2025-12-006 -120.9400 (Contract_Downgrade)
ACC-0049,12,SMB,Manufacturing,Monthly,0.0557,stable,12.3142,-0.03321,0.110046,0.020881,8,1,1,996.63,996.63,11,996.63,13.4296,0.108682,0.02323,4,0.0557,0,0,0,increase,-1.1154,-0.0830553404,0.001364,-0.002349,4,1,0,,,,0,,0,[],[],[],[],[],0,0,0,0,0,0,0,0,0,0,0,0,0,0,0,0,0,0,,,,0,,0,0,,,0,0,,,0,0,No_Change,negative,stable,stable,negative,negative,True,False,False,True,True,False,0,44,False,0,0,-1829.74,0.135911008,3767.68,-0.279858989,2658.97,-0.1975052701,1283.8433333333,-143.6066666667,-0.1006036405,0,-430.82,143.6066666667,normal,False,,No driver activity this period.,0 transactions
ACC-0050,12,SMB,Real Estate,Monthly,0.0055,growth,12.3719,-0.020759,0.073659,0.017535,1,0,0,1848.42,2163.36,11,1577.3,12.6048,0.062465,0.013716,1,0.0055,271.12,0.1718886705,271.12,increase,-0.2329,-0.0184770881,0.011194,0.003819,0,0,0,INV-2025-12-011,2025-12-18T10:00:00,Expansion,203.57,Plan_Upgrade,2,"[""INV-2025-12-011"", ""INV-2025-12-012""]","[""2025-12-18T10:00:00"", ""2025-12-23T10:00:00""]","[""Expansion"", ""Usage_Overage""]","[203.57, 67.55]","[""Plan_Upgrade"", ""Usage_Above_Commit""]",271.12,0,271.12,0,0,203.57,0,0,0,0,67.55,0,0.7508483328,0,0,0,0,0.2491516672,INV-2025-12-011,2025-12-18T10:00:00,Expansion,203.57,Plan_Upgrade,203.57,0,Expansion,Plan_Upgrade,203.57,0.7508483328,Usage_Overage,Usage_Above_Commit,67.55,0.2491516672,Expansion,negative,positive,stable,stable,stable,True,True,False,False,False,False,0.0684967606,14,False,271.12,-0.0201384855,-1829.74,0.135911008,-1390.04,0.1032505916,2658.97,-0.1975052701,1577.3,0,0,0,0,271.12,normal,False,,Expansion +203.5700; Usage_Overage +67.5500,2 transactions; largest INV-2025-12-011 +203.5700 (Plan_Upgrade)
ACC-0051,12,SMB,Technology,Monthly,0.1457,growth,19.5646,0.083422,0.058141,0.018765,0,,0,1892.06,2319.61,11,1633.66,16.9342,0.05,0.02,0,0.1457,258.4,0.1581724471,258.4,increase,2.6304,0.1553306327,0.008141,-0.001235,0,,0,INV-2025-12-013,2025-12-02T10:00:00,Expansion,258.4,Feature_Upgrade,1,"[""INV-2025-12-013""]","[""2025-12-02T10:00:00""]","[""Expansion""]",[258.4],"[""Feature_Upgrade""]",258.4,0,258.4,0,0,258.4,0,0,0,0,0,0,1,0,0,0,0,0,INV-2025-12-013,2025-12-02T10:00:00,Expansion,258.4,Feature_Upgrade,258.4,0,Expansion,Feature_Upgrade,258.4,1,,,0,0,Expansion,positive,stable,stable,stable,stable,True,False,False,False,False,False,0.0633049994,15,False,258.4,-0.0191936584,-1829.74,0.135911008,-23525,1.7474102674,2658.97,-0.1975052701,,,,,,,insufficient_history,False,,Expansion +258.4000,1 transactions; largest INV-2025-12-013 +258.4000 (Feature_Upgrade)
ACC-0053,12,Mid-Market,Manufacturing,Monthly,0.014,growth,78.1398,0.111992,0.044134,0.015662,0,,0,14560.02,14560.02,11,10792.34,77.426,0.05,0.02,0,0.014,3767.68,0.3491068665,3767.68,increase,0.7138,0.0092191254,-0.005866,-0.004338,0,,0,INV-2025-12-014,2025-12-26T10:00:00,Expansion,3302.39,Feature_Upgrade,2,"[""INV-2025-12-014"", ""INV-2025-12-015""]","[""2025-12-26T10:00:00"", ""2025-12-31T10:00:00""]","[""Expansion"", ""Usage_Overage""]","[3302.39, 465.29]","[""Feature_Upgrade"", ""Usage_Above_Commit""]",3767.68,0,3767.68,0,0,3302.39,0,0,0,0,465.29,0,0.8765049049,0,0,0,0,0.1234950951,INV-2025-12-014,2025-12-26T10:00:00,Expansion,3302.39,Feature_Upgrade,3302.39,0,Expansion,Feature_Upgrade,3302.39,0.8765049049,Usage_Overage,Usage_Above_Commit,465.29,0.1234950951,Expansion,positive,stable,stable,stable,stable,True,False,False,False,False,False,0.2380266922,4,True,3767.68,-0.279858989,9508.25,-0.7062620053,3767.68,-0.279858989,2658.97,-0.1975052701,,,,,,,insufficient_history,False,,"Expansion +3,302.3900; Usage_Overage +465.2900","2 transactions; largest INV-2025-12-014 +3,302.3900 (Feature_Upgrade)"
ACC-0054,12,Mid-Market,Logistics,Annual,0.1334,growth,123.7331,-0.024359,0.047738,0.02315,1,inf,0,13908.09,13908.09,11,11215.11,116.8248,0.05,0.02,0,0.1334,2692.98,0.2401206943,2692.98,increase,6.9083,0.0591338483,-0.002262,0.00315,1,inf,0,INV-2025-12-016,2025-12-12T10:00:00,Expansion,2500.45,Feature_Upgrade,2,"[""INV-2025-12-016"", ""INV-2025-12-017""]","[""2025-12-12T10:00:00"", ""2025-12-17T10:00:00""]","[""Expansion"", ""Usage_Overage""]","[2500.45, 192.53]","[""Feature_Upgrade"", ""Usage_Above_Commit""]",2692.98,0,2692.98,0,0,2500.45,0,0,0,0,192.53,0,0.92850671,0,0,0,0,0.07149329,INV-2025-12-016,2025-12-12T10:00:00,Expansion,2500.45,Feature_Upgrade,2500.45,0,Expansion,Feature_Upgrade,2500.45,0.92850671,Usage_Overage,Usage_Above_Commit,192.53,0.07149329,Expansion,negative,stable,stable,stable,stable,True,False,False,False,False,False,0.1668393193,5,True,2692.98,-0.2000314942,9508.25,-0.7062620053,2692.98,-0.2000314942,-13479.64,1.0012523416,,,,,,,insufficient_history,False,,"Expansion +2,500.4500; Usage_Overage +192.5300","2 transactions; largest INV-2025-12-016 +2,500.4500 (Feature_Upgrade)"
ACC-0055,12,SMB,Education,Annual,0.0758,stable,23.0721,-0.053138,0.102114,0.018583,1,0,1,962.09,962.09,11,962.09,21.4393,0.089877,0.0201,1,0.0758,0,0,0,increase,1.6328,0.076159203,0.012237,-0.001517,0,0,0,,,,0,,0,[],[],[],[],[],0,0,0,0,0,0,0,0,0,0,0,0,0,0,0,0,0,0,,,,0,,0,0,,,0,0,,,0,0,No_Change,negative,positive,stable,stable,negative,True,True,False,False,True,False,0,45,False,0,0,-1829.74,0.135911008,0,0,-13479.64,1.0012523416,962.09,0,0,0,0,0,normal,False,,No driver activity this period.,0 transactions
ACC-0056,12,Enterprise,Logistics,Monthly,0.086,stable,499.4669,0.001629,0.040898,0.021863,1,inf,0,61387.53,70247.95,11,61387.53,499.0011,0.05,0.02,0,0.086,0,0,0,increase,0.4658,0.0009334649,-0.009102,0.001863,1,inf,0,,,,0,,0,[],[],[],[],[],0,0,0,0,0,0,0,0,0,0,0,0,0,0,0,0,0,0,,,,0,,0,0,,,0,0,,,0,0,No_Change,stable,stable,stable,stable,stable,False,False,False,False,False,False,0,46,False,0,0,-21141.29,1.5703509973,2692.98,-0.2000314942,2658.97,-0.1975052701,,,,,,,insufficient_history,False,,No driver activity this period.,0 transactions
ACC-0057,12,SMB,Media,Annual,0.192,stable,11.5299,0.000478,0.074018,0.0236,1,0,0,958.32,958.32,11,958.32,10.0073,0.063004,0.012565,1,0.192,0,0,0,increase,1.5226,0.1521489313,0.011014,0.011035,0,0,0,,,,0,,0,[],[],[],[],[],0,0,0,0,0,0,0,0,0,0,0,0,0,0,0,0,0,0,,,,0,,0,0,,,0,0,,,0,0,No_Change,stable,positive,negative,stable,stable,False,True,True,False,False,False,0,47,False,0,0,-1829.74,0.135911008,517.99,-0.0384757086,-13479.64,1.0012523416,958.32,11.33,0.0122575271,33.99,0,-11.33,normal,False,,No driver activity this period.,0 transactions
ACC-0058,12,Mid-Market,Energy,Monthly,0.1904,stable,55.4037,0.117473,0.067571,0.014053,2,1,0,5308.01,5308.01,11,5308.01,52.0628,0.062031,0.018484,1,0.1904,0,0,0,increase,3.3409,0.0641705786,0.00554,-0.004431,1,1,0,,,,0,,0,[],[],[],[],[],0,0,0,0,0,0,0,0,0,0,0,0,0,0,0,0,0,0,,,,0,,0,0,,,0,0,,,0,0,No_Change,positive,stable,stable,stable,stable,True,False,False,False,False,False,0,48,False,0,0,9508.25,-0.7062620053,1359.91,-0.1010125695,2658.97,-0.1975052701,5308.01,0,0,0,0,0,normal,False,,No driver activity this period.,0 transactions
ACC-0060,12,Mid-Market,Education,Monthly,0.0488,stable,109.5689,0.056192,0.150934,0.021535,1,0,0,10484.04,8056.54,11,10484.04,104.6327,0.144891,0.021031,1,0.0488,0,0,0,increase,4.9362,0.0471764563,0.006043,0.000504,0,0,0,,,,0,,0,[],[],[],[],[],0,0,0,0,0,0,0,0,0,0,0,0,0,0,0,0,0,0,,,,0,,0,0,,,0,0,,,0,0,No_Change,positive,stable,stable,stable,stable,True,False,False,False,False,False,0,49,False,0,0,9508.25,-0.7062620053,0,0,2658.97,-0.1975052701,10484.04,0,0,0,0,0,normal,False,,No driver activity this period.,0 transactions
ACC-0061,12,SMB,Real Estate,Monthly,0.1115,stable,15.6744,0.049018,0.061547,0.02328,2,-0.3333333333,0,711.24,711.24,11,711.24,15.6809,0.067991,0.088236,3,0.1115,0,0,0,increase,-0.0065,-0.000414517,-0.006444,-0.064956,-1,-0.3333333333,0,,,,0,,0,[],[],[],[],[],0,0,0,0,0,0,0,0,0,0,0,0,0,0,0,0,0,0,,,,0,,0,0,,,0,0,,,0,0,No_Change,positive,stable,positive,stable,stable,True,False,False,False,False,False,0,50,False,0,0,-1829.74,0.135911008,-1390.04,0.1032505916,2658.97,-0.1975052701,711.24,0,0,0,0,0,normal,False,,No driver activity this period.,0 transactions
ACC-0063,12,Mid-Market,Retail,Annual,0.0949,growth,107.3945,-0.02596,0.074131,0.018206,1,0,0,15705.15,15705.15,11,12998.29,105.048,0.060036,0.011163,1,0.0949,2706.86,0.2082473925,2706.86,increase,2.3465,0.0223374077,0.014095,0.007043,0,0,0,INV-2025-12-018,2025-12-02T10:00:00,Expansion,2356.33,Seat_Add,2,"[""INV-2025-12-018"", ""INV-2025-12-019""]","[""2025-12-02T10:00:00"", ""2025-12-07T10:00:00""]","[""Expansion"", ""Usage_Overage""]","[2356.33, 350.53]","[""Seat_Add"", ""Usage_Above_Commit""]",2706.86,0,2706.86,0,0,2356.33,0,0,0,0,350.53,0,0.8705030921,0,0,0,0,0.1294969079,INV-2025-12-018,2025-12-02T10:00:00,Expansion,2356.33,Seat_Add,2356.33,0,Expansion,Seat_Add,2356.33,0.8705030921,Usage_Overage,Usage_Above_Commit,350.53,0.1294969079,Expansion,negative,positive,stable,stable,stable,True,True,False,False,False,False,0.1561104115,6,False,2706.86,-0.2010624849,9508.25,-0.7062620053,2706.86,-0.2010624849,-13479.64,1.0012523416,12998.29,0,0,0,0,2706.86,normal,False,,"Expansion +2,356.3300; Usage_Overage +350.5300","2 transactions; largest INV-2025-12-018 +2,356.3300 (Seat_Add)"
ACC-0065,12,SMB,Energy,Multi-Year,0.0161,stable,21.0304,-0.040941,0.080072,0.012097,2,0,0,1167.23,1167.23,11,1167.23,22.8103,0.086613,0.018274,2,0.0161,0,0,0,increase,-1.7799,-0.0780305388,-0.006541,-0.006177,0,0,0,,,,0,,0,[],[],[],[],[],0,0,0,0,0,0,0,0,0,0,0,0,0,0,0,0,0,0,,,,0,,0,0,,,0,0,,,0,0,No_Change,negative,stable,stable,stable,stable,True,False,False,False,False,False,0,51,False,0,0,-1829.74,0.135911008,1359.91,-0.1010125695,-2642.11,0.1962529284,1350.2766666667,8.1833333333,0.0237783359,299.12,-274.57,-8.1833333333,normal,False,,No driver activity this period.,0 transactions
ACC-0069,12,Mid-Market,Logistics,Monthly,0.0058,stable,129.9452,0.141948,0.053399,0.021959,0,,0,11552.27,11552.27,11,11552.27,126.3598,0.05,0.02,0,0.0058,0,0,0,increase,3.5854,0.0283745305,0.003399,0.001959,0,,0,,,,0,,0,[],[],[],[],[],0,0,0,0,0,0,0,0,0,0,0,0,0,0,0,0,0,0,,,,0,,0,0,,,0,0,,,0,0,No_Change,positive,stable,stable,stable,stable,True,False,False,False,False,False,0,52,False,0,0,9508.25,-0.7062620053,2692.98,-0.2000314942,2658.97,-0.1975052701,,,,,,,insufficient_history,False,,No driver activity this period.,0 transactions
ACC-0070,12,Enterprise,Technology,Annual,0.1814,decline,624.9514,0.008767,0.132836,0.010409,7,2.5,0,156330.56,206704.7,11,177471.85,638.0821,0.11524,0.021692,2,0.1814,-21141.29,-0.1191247513,21141.29,decrease,-13.1307,-0.0205783864,0.017596,-0.011283,5,2.5,0,CR-2025-12-007,2025-12-04T10:00:00,Contraction,-16285.07,Seat_Reduction,2,"[""CR-2025-12-007"", ""CR-2025-12-008""]","[""2025-12-04T10:00:00"", ""2025-12-14T10:00:00""]","[""Contraction"", ""Refund""]","[-16285.07, -4856.22]","[""Seat_Reduction"", ""Billing_Adjustment""]",-21141.29,0,0,-21141.29,0,0,-16285.07,0,0,-4856.22,0,0,0,0.770296893,0,0,0.229703107,0,CR-2025-12-007,2025-12-04T10:00:00,Contraction,-16285.07,Seat_Reduction,0,-16285.07,Contraction,Seat_Reduction,-16285.07,0.770296893,Refund,Billing_Adjustment,-4856.22,0.229703107,Contraction,stable,positive,positive,negative,stable,False,True,False,True,False,False,0.691693663,1,True,-21141.29,1.5703509973,-21141.29,1.5703509973,-23525,1.7474102674,-13479.64,1.0012523416,177471.85,0,0,0,0,-21141.29,normal,False,,"Contraction -16,285.0700; Refund -4,856.2200","2 transactions; largest CR-2025-12-007 -16,285.0700 (Seat_Reduction)"
ACC-0001,13,Enterprise,Technology,Annual,0.049,growth,393.1661,0.050174,0.137935,0.010818,4,3,0,88750.35,93514.44,12,80082.59,381.6022,0.126695,0.014147,1,0.049,8667.76,0.1082352606,8667.76,increase,11.5639,0.0303035465,0.01124,-0.003329,3,3,0,INV-2026-01-001,2026-01-26T10:00:00,Expansion,8667.76,Seat_Add,1,"[""INV-2026-01-001""]","[""2026-01-26T10:00:00""]","[""Expansion""]",[8667.76],"[""Seat_Add""]",8667.76,0,8667.76,0,0,8667.76,0,0,0,0,0,0,1,0,0,0,0,0,INV-2026-01-001,2026-01-26T10:00:00,Expansion,8667.76,Seat_Add,8667.76,0,Expansion,Seat_Add,8667.76,1,,,0,0,Expansion,positive,positive,stable,negative,stable,True,True,False,True,False,False,0.1497263151,6,False,8667.76,0.0901001066,101030.09,1.0501931156,57968.35,0.602572581,72413.66,0.752729481,86053.5133333333,8197.76,0.1944100994,42506.05,-17912.77,470,normal,False,,"Expansion +8,667.7600","1 transactions; largest INV-2026-01-001 +8,667.7600 (Seat_Add)"
ACC-0002,13,Enterprise,Healthcare,Annual,0.0064,stable,550.4453,0.037703,0.182741,0.020355,2,0,0,63677.69,63677.69,12,63677.69,545.8286,0.163112,0.016894,2,0.0064,0,0,0,increase,4.6167,0.0084581497,0.019629,0.003461,0,0,0,,,,0,,0,[],[],[],[],[],0,0,0,0,0,0,0,0,0,0,0,0,0,0,0,0,0,0,,,,0,,0,0,,,0,0,,,0,0,No_Change,positive,positive,stable,stable,stable,True,True,False,False,False,False,0,16,False,0,0,101030.09,1.0501931156,0,0,72413.66,0.752729481,60414.1833333333,716.64,0.0191680743,9790.52,-7640.6,-716.64,normal,False,,No driver activity this period.,0 transactions
ACC-0003,13,Mid-Market,Real Estate,Monthly,0.13,stable,44.1289,-0.039721,0.093664,0.015304,1,0,0,5222.59,5934.37,12,5222.59,42.0237,0.086817,0.011368,1,0.13,0,0,0,increase,2.1052,0.0500955413,0.006847,0.003936,0,0,0,,,,0,,0,[],[],[],[],[],0,0,0,0,0,0,0,0,0,0,0,0,0,0,0,0,0,0,,,,0,,0,0,,,0,0,,,0,0,No_Change,negative,stable,stable,stable,stable,True,False,False,False,False,False,0,17,False,0,0,-3879.47,-0.0403265273,1446.11,0.0150321035,5806.42,0.0603568928,5222.59,367.36,0.0891540125,1102.08,0,-367.36,normal,False,,No driver activity this period.,0 transactions
ACC-0004,13,SMB,Fintech,Annual,0.0319,stable,38.9023,0.125573,0.09059,0.021566,2,0,1,4951.93,4951.93,12,4951.93,39.985,0.089288,0.076517,2,0.0319,0,0,0,increase,-1.0827,-0.0270776541,0.001302,-0.054951,0,0,0,,,,0,,0,[],[],[],[],[],0,0,0,0,0,0,0,0,0,0,0,0,0,0,0,0,0,0,,,,0,,0,0,,,0,0,,,0,0,No_Change,positive,stable,positive,stable,negative,True,False,False,False,True,False,0,18,False,0,0,-949.18,-0.0098665883,0,0,72413.66,0.752729481,4951.93,0,0,0,0,0,normal,False,,No driver activity this period.,0 transactions
ACC-0005,13,SMB,Energy,Monthly,0.076,stable,37.5343,0.015788,0.120296,0.085754,2,0,0,2088.15,2861.49,12,2088.15,38.6259,0.103769,0.012083,2,0.076,0,0,0,increase,-1.0916,-0.0282608302,0.016527,0.073671,0,0,0,,,,0,,0,[],[],[],[],[],0,0,0,0,0,0,0,0,0,0,0,0,0,0,0,0,0,0,,,,0,,0,0,,,0,0,,,0,0,No_Change,stable,positive,negative,stable,stable,False,True,True,False,False,False,0,19,False,0,0,-949.18,-0.0098665883,-2814.01,-0.0292512253,5806.42,0.0603568928,2088.15,153.3166666667,0.0941632887,459.95,0,-153.3166666667,normal,False,,No driver activity this period.,0 transactions
ACC-0006,13,Mid-Market,Media,Annual,0.1946,stable,465.8989,0.140468,0.102761,0.017186,1,-0.5,0,91727.04,91727.04,12,91727.04,462.8999,0.10237,0.015695,2,0.1946,0,0,0,increase,2.999,0.0064787225,0.000391,0.001491,-1,-0.5,0,,,,0,,0,[],[],[],[],[],0,0,0,0,0,0,0,0,0,0,0,0,0,0,0,0,0,0,,,,0,,0,0,,,0,0,,,0,0,No_Change,positive,stable,stable,stable,stable,True,False,False,False,False,False,0,20,False,0,0,-3879.47,-0.0403265273,-1018.53,-0.0105874715,72413.66,0.752729481,91727.04,0,0,0,0,0,normal,False,,No driver activity this period.,0 transactions
ACC-0007,13,Mid-Market,Technology,Multi-Year,0.0723,stable,133.5219,0.009355,0.111291,0.084075,1,-0.5,1,26806.65,26806.65,12,26806.65,131.7725,0.096409,0.012011,2,0.0723,0,0,0,increase,1.7494,0.0132759111,0.014882,0.072064,-1,-0.5,0,,,,0,,0,[],[],[],[],[],0,0,0,0,0,0,0,0,0,0,0,0,0,0,0,0,0,0,,,,0,,0,0,,,0,0,,,0,0,No_Change,stable,positive,negative,stable,negative,False,True,True,False,True,False,0,21,False,0,0,-3879.47,-0.0403265273,57968.35,0.602572581,17981.36,0.1869136262,28684.1233333333,-938.7366666667,-0.0316896028,0,-2816.21,938.7366666667,normal,False,,No driver activity this period.,0 transactions
ACC-0009,13,SMB,Energy,Monthly,0.0711,stable,78.4701,0.104215,0.109364,0.012699,2,0,0,14719.75,14719.75,12,14719.75,77.915,0.091402,0.020424,2,0.0711,0,0,0,increase,0.5551,0.0071244305,0.017962,-0.007725,0,0,0,,,,0,,0,[],[],[],[],[],0,0,0,0,0,0,0,0,0,0,0,0,0,0,0,0,0,0,,,,0,,0,0,,,0,0,,,0,0,No_Change,positive,positive,stable,stable,stable,True,True,False,False,False,False,0,22,False,0,0,-949.18,-0.0098665883,-2814.01,-0.0292512253,5806.42,0.0603568928,14719.75,749.88,0.0601341929,2249.64,0,-749.88,normal,False,,No driver activity this period.,0 transactions
ACC-0010,13,SMB,Healthcare,Annual,0.0342,stable,43.3097,0.001453,0.131562,0.016174,1,0,0,4349.58,4349.58,12,4349.58,39.0086,0.117107,0.018953,1,0.0342,0,0,0,increase,4.3011,0.1102603016,0.014455,-0.002779,0,0,0,,,,0,,0,[],[],[],[],[],0,0,0,0,0,0,0,0,0,0,0,0,0,0,0,0,0,0,,,,0,,0,0,,,0,0,,,0,0,No_Change,stable,positive,stable,stable,stable,False,True,False,False,False,False,0,23,False,0,0,-949.18,-0.0098665883,0,0,72413.66,0.752729481,4349.58,82.49,0.0201091633,247.47,0,-82.49,normal,False,,No driver activity this period.,0 transactions
ACC-0013,13,Mid-Market,Media,Monthly,0.0279,decline,58.6215,-0.047049,0.106756,0.022191,1,0,0,10345.65,10345.65,12,11364.18,57.3566,0.097416,0.022058,1,0.0279,-1018.53,-0.0896263523,1018.53,decrease,1.2649,0.0220532598,0.00934,0.000133,0,0,0,CR-2026-01-001,2026-01-02T10:00:00,Contraction,-1018.53,Seat_Reduction,1,"[""CR-2026-01-001""]","[""2026-01-02T10:00:00""]","[""Contraction""]",[-1018.53],"[""Seat_Reduction""]",-1018.53,0,0,-1018.53,0,0,-1018.53,0,0,0,0,0,0,1,0,0,0,0,CR-2026-01-001,2026-01-02T10:00:00,Contraction,-1018.53,Seat_Reduction,0,-1018.53,Contraction,Seat_Reduction,-1018.53,1,,,0,0,Contraction,negative,stable,stable,stable,stable,True,False,False,False,False,False,0.0445117702,13,False,-1018.53,-0.0105874715,-3879.47,-0.0403265273,-1018.53,-0.0105874715,5806.42,0.0603568928,11084.6666666667,708.9866666667,0.0743926203,1707.69,0,-1727.5166666667,unusual_decrease,False,,"Contraction -1,018.5300","1 transactions; largest CR-2026-01-001 -1,018.5300 (Seat_Reduction)"
ACC-0014,13,SMB,Education,Multi-Year,0.0799,stable,61.4807,0.129583,0.071699,0.021358,1,0,0,8393.47,9879.22,12,8393.47,57.8775,0.061373,0.013535,1,0.0799,0,0,0,increase,3.6032,0.0622556261,0.010326,0.007823,0,0,0,,,,0,,0,[],[],[],[],[],0,0,0,0,0,0,0,0,0,0,0,0,0,0,0,0,0,0,,,,0,,0,0,,,0,0,,,0,0,No_Change,positive,positive,stable,stable,stable,True,True,False,False,False,False,0,24,False,0,0,-949.18,-0.0098665883,-2519.31,-0.0261878616,17981.36,0.1869136262,8393.47,0,0,0,0,0,normal,False,,No driver activity this period.,0 transactions
ACC-0016,13,SMB,Education,Annual,0.0936,stable,19.2521,-0.01565,0.174974,0.021569,2,0,1,2048.58,2167.98,12,2048.58,16.2743,0.16121,0.013426,2,0.0936,0,0,0,increase,2.9778,0.1829756119,0.013764,0.008143,0,0,0,,,,0,,0,[],[],[],[],[],0,0,0,0,0,0,0,0,0,0,0,0,0,0,0,0,0,0,,,,0,,0,0,,,0,0,,,0,0,No_Change,stable,positive,stable,stable,negative,False,True,False,False,True,False,0,25,False,0,0,-949.18,-0.0098665883,-2519.31,-0.0261878616,72413.66,0.752729481,2048.58,0,0,0,0,0,normal,False,,No driver activity this period.,0 transactions
ACC-0017,13,Mid-Market,Healthcare,Annual,0.1074,stable,30.4152,0.106274,0.113876,0.02238,2,1,0,989.64,989.64,12,989.64,28.4789,0.104238,0.018357,1,0.1074,0,0,0,increase,1.9363,0.0679906878,0.009638,0.004023,1,1,0,,,,0,,0,[],[],[],[],[],0,0,0,0,0,0,0,0,0,0,0,0,0,0,0,0,0,0,,,,0,,0,0,,,0,0,,,0,0,No_Change,positive,stable,stable,stable,stable,True,False,False,False,False,False,0,26,False,0,0,-3879.47,-0.0403265273,0,0,72413.66,0.752729481,989.64,0,0,0,0,0,normal,False,,No driver activity this period.,0 transactions
ACC-0018,13,SMB,Retail,Annual,0.1908,stable,20.6858,0.083336,0.110962,0.022332,2,0,0,1703.35,1627,12,1703.35,19.9847,0.104755,0.019206,2,0.1908,0,0,0,increase,0.7011,0.0350818376,0.006207,0.003126,0,0,0,,,,0,,0,[],[],[],[],[],0,0,0,0,0,0,0,0,0,0,0,0,0,0,0,0,0,0,,,,0,,0,0,,,0,0,,,0,0,No_Change,positive,stable,stable,stable,stable,True,False,False,False,False,False,0,27,False,0,0,-949.18,-0.0098665883,17981.36,0.1869136262,72413.66,0.752729481,1733.34,-29.99,-0.0167231727,0,-89.97,29.99,normal,False,,No driver activity this period.,0 transactions
ACC-0019,13,Mid-Market,Real Estate,Annual,0.1741,growth,49.7988,0.083674,0.086304,0.015382,4,-0.4285714286,0,12701.28,12171.62,12,11570.11,45.8087,0.067272,0.013583,7,0.1741,1131.17,0.0977665727,1131.17,increase,3.9901,0.0871035415,0.019032,0.001799,-3,-0.4285714286,0,INV-2026-01-002,2026-01-21T10:00:00,Expansion,1131.17,Plan_Upgrade,1,"[""INV-2026-01-002""]","[""2026-01-21T10:00:00""]","[""Expansion""]",[1131.17],"[""Plan_Upgrade""]",1131.17,0,1131.17,0,0,1131.17,0,0,0,0,0,0,1,0,0,0,0,0,INV-2026-01-002,2026-01-21T10:00:00,Expansion,1131.17,Plan_Upgrade,1131.17,0,Expansion,Plan_Upgrade,1131.17,1,,,0,0,Expansion,positive,positive,stable,positive,stable,True,True,False,False,False,False,0.0488142915,12,False,1131.17,0.0117583479,-3879.47,-0.0403265273,1446.11,0.0150321035,72413.66,0.752729481,11884.2366666667,414.2466666667,0.0454233953,2185.12,-942.38,716.9233333333,unusual_increase,False,,"Expansion +1,131.1700","1 transactions; largest INV-2026-01-002 +1,131.1700 (Plan_Upgrade)"
ACC-0020,13,SMB,Energy,Annual,0.1079,decline,23.4806,-0.05994,0.119305,0.017766,3,-0.25,0,1138.23,1138.23,12,1236.99,20.4315,0.118711,0.02011,4,0.1079,-98.76,-0.0798389639,98.76,decrease,3.0491,0.1492352495,0.000594,-0.002344,-1,-0.25,0,CR-2026-01-002,2026-01-22T10:00:00,Contraction,-98.76,Contract_Downgrade,1,"[""CR-2026-01-002""]","[""2026-01-22T10:00:00""]","[""Contraction""]",[-98.76],"[""Contract_Downgrade""]",-98.76,0,0,-98.76,0,0,-98.76,0,0,0,0,0,0,1,0,0,0,0,CR-2026-01-002,2026-01-22T10:00:00,Contraction,-98.76,Contract_Downgrade,0,-98.76,Contraction,Contract_Downgrade,-98.76,1,,,0,0,Contraction,negative,stable,stable,stable,stable,True,False,False,False,False,False,0.0292179817,14,False,-98.76,-0.0010265959,-949.18,-0.0098665883,-2814.01,-0.0292512253,72413.66,0.752729481,1449.6233333333,-107.8466666667,-0.0664120398,92.58,-365.24,9.0866666667,normal,False,,Contraction -98.7600,1 transactions; largest CR-2026-01-002 -98.7600 (Contract_Downgrade)
ACC-0021,13,SMB,Real Estate,Multi-Year,0.0846,stable,14.5913,0.028581,0.060604,0.020657,2,0,0,1961.58,1961.58,12,1961.58,16.0375,0.060295,0.012514,2,0.0846,0,0,0,increase,-1.4462,-0.0901761496,0.000309,0.008143,0,0,0,,,,0,,0,[],[],[],[],[],0,0,0,0,0,0,0,0,0,0,0,0,0,0,0,0,0,0,,,,0,,0,0,,,0,0,,,0,0,No_Change,positive,stable,stable,stable,stable,True,False,False,False,False,False,0,28,False,0,0,-949.18,-0.0098665883,1446.11,0.0150321035,17981.36,0.1869136262,1961.58,0,0,0,0,0,normal,False,,No driver activity this period.,0 transactions
ACC-0024,13,SMB,Healthcare,Multi-Year,0.1719,stable,27.5095,0.141947,0.106177,0.014528,1,-0.5,0,1040.28,1040.28,12,1040.28,22.6288,0.098304,0.018254,2,0.1719,0,0,0,increase,4.8807,0.2156853214,0.007873,-0.003726,-1,-0.5,0,,,,0,,0,[],[],[],[],[],0,0,0,0,0,0,0,0,0,0,0,0,0,0,0,0,0,0,,,,0,,0,0,,,0,0,,,0,0,No_Change,positive,stable,stable,stable,stable,True,False,False,False,False,False,0,29,False,0,0,-949.18,-0.0098665883,0,0,17981.36,0.1869136262,1072.94,-32.66,-0.0286929173,0,-97.98,32.66,normal,False,,No driver activity this period.,0 transactions
ACC-0027,13,Mid-Market,Healthcare,Monthly,0.1456,stable,55.5705,0.109269,0.117251,0.021505,1,-0.5,0,5167.33,5282.53,12,5167.33,55.7895,0.125216,0.016211,2,0.1456,0,0,0,increase,-0.219,-0.0039254698,-0.007965,0.005294,-1,-0.5,0,,,,0,,0,[],[],[],[],[],0,0,0,0,0,0,0,0,0,0,0,0,0,0,0,0,0,0,,,,0,,0,0,,,0,0,,,0,0,No_Change,positive,stable,stable,stable,stable,True,False,False,False,False,False,0,30,False,0,0,-3879.47,-0.0403265273,0,0,5806.42,0.0603568928,4896.1033333333,135.6133333333,0.0284872636,406.84,0,-135.6133333333,normal,False,,No driver activity this period.,0 transactions
ACC-0028,13,SMB,Education,Monthly,0.0925,stable,19.0565,-0.059823,0.093097,0.019378,2,0,0,2077.65,2077.65,12,2077.65,19.081,0.102162,0.010936,2,0.0925,0,0,0,increase,-0.0245,-0.0012839998,-0.009065,0.008442,0,0,0,,,,0,,0,[],[],[],[],[],0,0,0,0,0,0,0,0,0,0,0,0,0,0,0,0,0,0,,,,0,,0,0,,,0,0,,,0,0,No_Change,negative,stable,stable,stable,stable,True,False,False,False,False,False,0,31,False,0,0,-949.18,-0.0098665883,-2519.31,-0.0261878616,5806.42,0.0603568928,2077.65,0,0,0,0,0,normal,False,,No driver activity this period.,0 transactions
ACC-0029,13,SMB,Real Estate,Annual,0.1938,stable,17.4549,0.127733,0.06298,0.021458,4,-0.3333333333,0,1901.01,1901.01,12,1901.01,12.7503,0.070388,0.011379,6,0.1938,0,0,0,increase,4.7046,0.3689795534,-0.007408,0.010079,-2,-0.3333333333,0,,,,0,,0,[],[],[],[],[],0,0,0,0,0,0,0,0,0,0,0,0,0,0,0,0,0,0,,,,0,,0,0,,,0,0,,,0,0,No_Change,positive,stable,negative,positive,stable,True,False,True,False,False,False,0,32,False,0,0,-949.18,-0.0098665883,1446.11,0.0150321035,72413.66,0.752729481,1688.7166666667,235.6333333333,0.1755101404,388.46,0,-235.6333333333,normal,False,,No driver activity this period.,0 transactions
ACC-0032,13,SMB,Fintech,Annual,0.1084,stable,8.5157,-0.04184,0.078796,0.021043,1,0,0,410.31,410.31,12,410.31,6.3747,0.063686,0.012549,1,0.1084,0,0,0,increase,2.141,0.3358589424,0.01511,0.008494,0,0,0,,,,0,,0,[],[],[],[],[],0,0,0,0,0,0,0,0,0,0,0,0,0,0,0,0,0,0,,,,0,,0,0,,,0,0,,,0,0,No_Change,negative,positive,stable,stable,stable,True,True,False,False,False,False,0,33,False,0,0,-949.18,-0.0098665883,0,0,72413.66,0.752729481,,,,,,,insufficient_history,False,,No driver activity this period.,0 transactions
ACC-0033,13,Mid-Market,Real Estate,Monthly,0.1922,stable,42.5428,-0.025604,0.06368,0.014548,2,0,0,4274.57,4274.57,12,4274.57,41.6434,0.048615,0.024889,2,0.1922,0,0,0,increase,0.8994,0.0215976601,0.015065,-0.010341,0,0,0,,,,0,,0,[],[],[],[],[],0,0,0,0,0,0,0,0,0,0,0,0,0,0,0,0,0,0,,,,0,,0,0,,,0,0,,,0,0,No_Change,negative,positive,positive,stable,stable,True,True,False,False,False,False,0,34,False,0,0,-3879.47,-0.0403265273,1446.11,0.0150321035,5806.42,0.0603568928,4274.57,126.6633333333,0.0325229764,379.99,0,-126.6633333333,normal,False,,No driver activity this period.,0 transactions
ACC-0034,13,Mid-Market,Manufacturing,Monthly,0.1883,growth,132.7508,-0.051472,0.087418,0.024774,1,0,0,9668.63,9668.63,12,8517.99,126.1568,0.072185,0.015419,1,0.1883,1150.64,0.1350835115,1150.64,increase,6.594,0.0522682884,0.015233,0.009355,0,0,0,INV-2026-01-003,2026-01-25T10:00:00,Expansion,1150.64,Plan_Upgrade,1,"[""INV-2026-01-003""]","[""2026-01-25T10:00:00""]","[""Expansion""]",[1150.64],"[""Plan_Upgrade""]",1150.64,0,1150.64,0,0,1150.64,0,0,0,0,0,0,1,0,0,0,0,0,INV-2026-01-003,2026-01-25T10:00:00,Expansion,1150.64,Plan_Upgrade,1150.64,0,Expansion,Plan_Upgrade,1150.64,1,,,0,0,Expansion,negative,positive,stable,stable,stable,True,True,False,False,False,False,0.0621264502,11,False,1150.64,0.0119607357,-3879.47,-0.0403265273,16297.05,0.1694054684,5806.42,0.0603568928,8226.9633333333,291.0266666667,0.0380680304,873.08,0,859.6133333333,unusual_increase,False,,"Expansion +1,150.6400","1 transactions; largest INV-2026-01-003 +1,150.6400 (Plan_Upgrade)"
ACC-0035,13,SMB,Technology,Annual,0.0633,stable,16.2419,0.112985,0.045772,0.020073,2,0,0,1773.4,1447.19,12,1773.4,16.0484,0.043342,0.013146,2,0.0633,0,0,0,increase,0.1935,0.0120572767,0.00243,0.006927,0,0,0,,,,0,,0,[],[],[],[],[],0,0,0,0,0,0,0,0,0,0,0,0,0,0,0,0,0,0,,,,0,,0,0,,,0,0,,,0,0,No_Change,positive,stable,stable,stable,stable,True,False,False,False,False,False,0,35,False,0,0,-949.18,-0.0098665883,57968.35,0.602572581,72413.66,0.752729481,1773.4,0,0,0,0,0,normal,False,,No driver activity this period.,0 transactions
ACC-0037,13,SMB,Technology,Multi-Year,0.1992,stable,21.412,0.050463,0.096777,0.02022,6,2,0,734.9,874.75,12,734.9,18.0342,0.086469,0.013186,2,0.1992,0,0,0,increase,3.3778,0.1872996862,0.010308,0.007034,4,2,0,,,,0,,0,[],[],[],[],[],0,0,0,0,0,0,0,0,0,0,0,0,0,0,0,0,0,0,,,,0,,0,0,,,0,0,,,0,0,No_Change,positive,positive,stable,negative,stable,True,True,False,True,False,False,0,36,False,0,0,-949.18,-0.0098665883,57968.35,0.602572581,17981.36,0.1869136262,650.1333333333,26.7333333333,0.0556749629,174.1,-93.9,-26.7333333333,normal,False,,No driver activity this period.,0 transactions
ACC-0038,13,SMB,Energy,Multi-Year,0.1759,stable,1.2483,0.085039,0.044053,0.02044,0,,0,647.04,647.04,12,647.04,2.6349,0.05,0.02,0,0.1759,0,0,0,increase,-1.3866,-0.5262438802,-0.005947,0.00044,0,,0,,,,0,,0,[],[],[],[],[],0,0,0,0,0,0,0,0,0,0,0,0,0,0,0,0,0,0,,,,0,,0,0,,,0,0,,,0,0,No_Change,positive,stable,stable,stable,stable,True,False,False,False,False,False,0,37,False,0,0,-949.18,-0.0098665883,-2814.01,-0.0292512253,17981.36,0.1869136262,,,,,,,insufficient_history,False,,No driver activity this period.,0 transactions
ACC-0040,13,SMB,Healthcare,Multi-Year,0.0269,stable,24.894,0.063821,0.109358,0.01523,2,1,1,3671.74,3671.74,12,3671.74,25.3849,0.094784,0.01042,1,0.0269,0,0,0,increase,-0.4909,-0.019338268,0.014574,0.00481,1,1,0,,,,0,,0,[],[],[],[],[],0,0,0,0,0,0,0,0,0,0,0,0,0,0,0,0,0,0,,,,0,,0,0,,,0,0,,,0,0,No_Change,positive,positive,stable,stable,negative,True,True,False,False,True,False,0,38,False,0,0,-949.18,-0.0098665883,0,0,17981.36,0.1869136262,3404.11,267.63,0.0932882514,802.89,0,-267.63,normal,False,,No driver activity this period.,0 transactions
ACC-0041,13,SMB,Technology,Monthly,0.0686,churned,21.3048,0.133674,0.045352,0.021437,2,0,0,0,,12,1501.1,18.9754,0.042957,0.010238,2,0.0686,-1501.1,-1,1501.1,decrease,2.3294,0.1227589405,0.002395,0.011199,0,0,0,CR-2026-01-003,2026-01-22T10:00:00,Churn,-1501.1,Non_Renewal,1,"[""CR-2026-01-003""]","[""2026-01-22T10:00:00""]","[""Churn""]",[-1501.1],"[""Non_Renewal""]",-1501.1,0,0,-1501.1,0,0,0,-1501.1,0,0,0,0,0,0,1,0,0,0,CR-2026-01-003,2026-01-22T10:00:00,Churn,-1501.1,Non_Renewal,0,-1501.1,Churn,Non_Renewal,-1501.1,1,,,0,0,Churn,positive,stable,negative,stable,stable,True,False,True,False,False,False,0.3693693629,2,True,-1501.1,-0.0156037165,-949.18,-0.0098665883,57968.35,0.602572581,5806.42,0.0603568928,1458.99,42.11,0.0306305782,126.33,0,-1543.21,unusual_decrease,True,Non_Renewal,"Churn -1,501.1000","1 transactions; largest CR-2026-01-003 -1,501.1000 (Non_Renewal)"
ACC-0042,13,SMB,Education,Annual,0.0088,decline,14.8491,0.136612,0.047348,0.022126,0,,0,1609.84,1609.84,12,1701.65,12.1273,0.051603,0.024757,0,0.0088,-91.81,-0.0539535157,91.81,decrease,2.7218,0.2244357771,-0.004255,-0.002631,0,,0,CR-2026-01-004,2026-01-13T10:00:00,Contraction,-91.81,Seat_Reduction,1,"[""CR-2026-01-004""]","[""2026-01-13T10:00:00""]","[""Contraction""]",[-91.81],"[""Seat_Reduction""]",-91.81,0,0,-91.81,0,0,-91.81,0,0,0,0,0,0,1,0,0,0,0,CR-2026-01-004,2026-01-13T10:00:00,Contraction,-91.81,Seat_Reduction,0,-91.81,Contraction,Seat_Reduction,-91.81,1,,,0,0,Contraction,positive,stable,stable,stable,stable,True,False,False,False,False,False,0.0200683959,15,False,-91.81,-0.0009543516,-949.18,-0.0098665883,-2519.31,-0.0261878616,72413.66,0.752729481,,,,,,,insufficient_history,False,,Contraction -91.8100,1 transactions; largest CR-2026-01-004 -91.8100 (Seat_Reduction)
ACC-0043,13,SMB,Media,Annual,0.0855,stable,12.6895,0.039489,0.142282,0.013516,1,-0.5,0,586,586,12,586,10.1413,0.146066,0.017882,2,0.0855,0,0,0,increase,2.5482,0.2512695611,-0.003784,-0.004366,-1,-0.5,0,,,,0,,0,[],[],[],[],[],0,0,0,0,0,0,0,0,0,0,0,0,0,0,0,0,0,0,,,,0,,0,0,,,0,0,,,0,0,No_Change,positive,stable,stable,stable,stable,True,False,False,False,False,False,0,39,False,0,0,-949.18,-0.0098665883,-1018.53,-0.0105874715,72413.66,0.752729481,520.1866666667,32.9066666667,0.0675313304,98.72,0,-32.9066666667,normal,False,,No driver activity this period.,0 transactions
ACC-0044,13,Mid-Market,Energy,Annual,0.0296,decline,39.0064,0.060769,0.079842,0.022113,6,1,0,10033.73,10033.73,12,12748.98,40.8241,0.087922,0.020645,3,0.0296,-2715.25,-0.2129778225,2715.25,decrease,-1.8177,-0.0445251702,-0.00808,0.001468,3,1,0,CR-2026-01-005,2026-01-21T10:00:00,Contraction,-2465.07,Seat_Reduction,2,"[""CR-2026-01-005"", ""CR-2026-01-006""]","[""2026-01-21T10:00:00"", ""2026-01-31T10:00:00""]","[""Contraction"", ""Refund""]","[-2465.07, -250.18]","[""Seat_Reduction"", ""Billing_Adjustment""]",-2715.25,0,0,-2715.25,0,0,-2465.07,0,0,-250.18,0,0,0,0.9078611546,0,0,0.0921388454,0,CR-2026-01-005,2026-01-21T10:00:00,Contraction,-2465.07,Seat_Reduction,0,-2465.07,Contraction,Seat_Reduction,-2465.07,0.9078611546,Refund,Billing_Adjustment,-250.18,0.0921388454,Contraction,positive,stable,stable,negative,stable,True,False,False,True,False,False,0.1095783199,8,False,-2715.25,-0.0282246295,-3879.47,-0.0403265273,-2814.01,-0.0292512253,72413.66,0.752729481,11195.0933333333,1405.1633333333,0.1481941201,2330.83,0,-4120.4133333333,unusual_decrease,False,,"Contraction -2,465.0700; Refund -250.1800","2 transactions; largest CR-2026-01-005 -2,465.0700 (Seat_Reduction)"
ACC-0045,13,Enterprise,Manufacturing,Annual,0.1334,growth,877.1737,0.017486,0.061376,0.018538,0,,0,122980.55,122980.55,12,107834.14,846.8353,0.05,0.02,0,0.1334,15146.41,0.1404602476,15146.41,increase,30.3384,0.0358256204,0.011376,-0.001462,0,,0,INV-2026-01-004,2026-01-21T10:00:00,Expansion,15146.41,Plan_Upgrade,1,"[""INV-2026-01-004""]","[""2026-01-21T10:00:00""]","[""Expansion""]",[15146.41],"[""Plan_Upgrade""]",15146.41,0,15146.41,0,0,15146.41,0,0,0,0,0,0,1,0,0,0,0,0,INV-2026-01-004,2026-01-21T10:00:00,Expansion,15146.41,Plan_Upgrade,15146.41,0,Expansion,Plan_Upgrade,15146.41,1,,,0,0,Expansion,stable,positive,stable,stable,stable,False,True,False,False,False,False,0.2446019716,4,True,15146.41,0.1574447326,101030.09,1.0501931156,16297.05,0.1694054684,72413.66,0.752729481,,,,,,,insufficient_history,False,,"Expansion +15,146.4100","1 transactions; largest INV-2026-01-004 +15,146.4100 (Plan_Upgrade)"
ACC-0046,13,Enterprise,Retail,Multi-Year,0.0473,growth,650.8839,0.000551,0.140372,0.010885,3,-0.5,0,163934.71,163934.71,12,145953.35,627.4218,0.136853,0.085445,6,0.0473,17981.36,0.1231993647,17981.36,increase,23.4621,0.037394461,0.003519,-0.07456,-3,-0.5,0,INV-2026-01-005,2026-01-22T10:00:00,Expansion,15459.38,Seat_Add,2,"[""INV-2026-01-005"", ""INV-2026-01-006""]","[""2026-01-22T10:00:00"", ""2026-01-27T10:00:00""]","[""Expansion"", ""Usage_Overage""]","[15459.38, 2521.98]","[""Seat_Add"", ""Usage_Above_Commit""]",17981.36,0,17981.36,0,0,15459.38,0,0,0,0,2521.98,0,0.8597447579,0,0,0,0,0.1402552421,INV-2026-01-005,2026-01-22T10:00:00,Expansion,15459.38,Seat_Add,15459.38,0,Expansion,Seat_Add,15459.38,0.8597447579,Usage_Overage,Usage_Above_Commit,2521.98,0.1402552421,Expansion,stable,stable,positive,positive,stable,False,False,False,False,False,False,0.2751412871,3,True,17981.36,0.1869136262,101030.09,1.0501931156,17981.36,0.1869136262,17981.36,0.1869136262,145953.35,0,0,0,0,17981.36,normal,False,,"Expansion +15,459.3800; Usage_Overage +2,521.9800","2 transactions; largest INV-2026-01-005 +15,459.3800 (Seat_Add)"
ACC-0047,13,SMB,Energy,Annual,0.0823,stable,15.6871,-0.034073,0.076874,0.024717,1,-0.5,0,529.3,529.3,12,529.3,11.8863,0.072023,0.018983,2,0.0823,0,0,0,increase,3.8008,0.3197630886,0.004851,0.005734,-1,-0.5,0,,,,0,,0,[],[],[],[],[],0,0,0,0,0,0,0,0,0,0,0,0,0,0,0,0,0,0,,,,0,,0,0,,,0,0,,,0,0,No_Change,negative,stable,stable,stable,stable,True,False,False,False,False,False,0,40,False,0,0,-949.18,-0.0098665883,-2814.01,-0.0292512253,72413.66,0.752729481,609.9266666667,-40.3133333333,-0.0619976214,0,-120.94,40.3133333333,normal,False,,No driver activity this period.,0 transactions
ACC-0049,13,SMB,Manufacturing,Monthly,0.0557,stable,13.3869,0.103281,0.110666,0.024289,5,-0.375,0,996.63,996.63,12,996.63,12.3142,0.110046,0.020881,8,0.0557,0,0,0,increase,1.0727,0.0871108152,0.00062,0.003408,-3,-0.375,0,,,,0,,0,[],[],[],[],[],0,0,0,0,0,0,0,0,0,0,0,0,0,0,0,0,0,0,,,,0,,0,0,,,0,0,,,0,0,No_Change,positive,stable,stable,positive,stable,True,False,False,False,False,False,0,41,False,0,0,-949.18,-0.0098665883,16297.05,0.1694054684,5806.42,0.0603568928,1140.2366666667,-143.6066666667,-0.1006036405,0,-430.82,143.6066666667,normal,False,,No driver activity this period.,0 transactions
ACC-0050,13,SMB,Real Estate,Monthly,0.0055,growth,17.2467,0.072071,0.076448,0.010764,1,0,0,2163.36,1870.84,12,1848.42,12.3719,0.073659,0.017535,1,0.0055,314.94,0.1703833544,314.94,increase,4.8748,0.3940219368,0.002789,-0.006771,0,0,0,INV-2026-01-007,2026-01-20T10:00:00,Expansion,314.94,Feature_Upgrade,1,"[""INV-2026-01-007""]","[""2026-01-20T10:00:00""]","[""Expansion""]",[314.94],"[""Feature_Upgrade""]",314.94,0,314.94,0,0,314.94,0,0,0,0,0,0,1,0,0,0,0,0,INV-2026-01-007,2026-01-20T10:00:00,Expansion,314.94,Feature_Upgrade,314.94,0,Expansion,Feature_Upgrade,314.94,1,,,0,0,Expansion,positive,stable,stable,stable,stable,True,False,False,False,False,False,0.0636979854,10,False,314.94,0.0032737556,-949.18,-0.0098665883,1446.11,0.0150321035,5806.42,0.0603568928,1667.6733333333,90.3733333333,0.0572962235,271.12,0,224.5666666667,unusual_increase,False,,Expansion +314.9400,1 transactions; largest INV-2026-01-007 +314.9400 (Feature_Upgrade)
ACC-0051,13,SMB,Technology,Monthly,0.1457,growth,19.5021,-0.032598,0.061515,0.019285,0,,0,2319.61,2373.93,12,1892.06,19.5646,0.058141,0.018765,0,0.1457,427.55,0.2259706352,427.55,increase,-0.0625,-0.0031945453,0.003374,0.00052,0,,0,INV-2026-01-008,2026-01-05T10:00:00,Expansion,427.55,Plan_Upgrade,1,"[""INV-2026-01-008""]","[""2026-01-05T10:00:00""]","[""Expansion""]",[427.55],"[""Plan_Upgrade""]",427.55,0,427.55,0,0,427.55,0,0,0,0,0,0,1,0,0,0,0,0,INV-2026-01-008,2026-01-05T10:00:00,Expansion,427.55,Plan_Upgrade,427.55,0,Expansion,Plan_Upgrade,427.55,1,,,0,0,Expansion,negative,stable,stable,stable,stable,True,False,False,False,False,False,0.0846065907,9,False,427.55,0.0044443202,-949.18,-0.0098665883,57968.35,0.602572581,5806.42,0.0603568928,,,,,,,insufficient_history,False,,Expansion +427.5500,1 transactions; largest INV-2026-01-008 +427.5500 (Plan_Upgrade)
ACC-0053,13,Mid-Market,Manufacturing,Monthly,0.014,stable,82.0019,0.018054,0.060248,0.076185,0,,0,14560.02,14560.02,12,14560.02,78.1398,0.044134,0.015662,0,0.014,0,0,0,increase,3.8621,0.0494255168,0.016114,0.060523,0,,0,,,,0,,0,[],[],[],[],[],0,0,0,0,0,0,0,0,0,0,0,0,0,0,0,0,0,0,,,,0,,0,0,,,0,0,,,0,0,No_Change,stable,positive,negative,stable,stable,False,True,True,False,False,False,0,42,False,0,0,-3879.47,-0.0403265273,16297.05,0.1694054684,5806.42,0.0603568928,,,,,,,insufficient_history,False,,No driver activity this period.,0 transactions
ACC-0054,13,Mid-Market,Logistics,Annual,0.1334,stable,123.7395,0.137364,0.050009,0.016612,1,0,0,13908.09,13908.09,12,13908.09,123.7331,0.047738,0.02315,1,0.1334,0,0,0,increase,0.0064,0.0000517242,0.002271,-0.006538,0,0,0,,,,0,,0,[],[],[],[],[],0,0,0,0,0,0,0,0,0,0,0,0,0,0,0,0,0,0,,,,0,,0,0,,,0,0,,,0,0,No_Change,positive,stable,stable,stable,stable,True,False,False,False,False,False,0,43,False,0,0,-3879.47,-0.0403265273,8860.42,0.0921027793,72413.66,0.752729481,,,,,,,insufficient_history,False,,No driver activity this period.,0 transactions
ACC-0055,13,SMB,Education,Annual,0.0758,stable,26.6814,0.144433,0.10945,0.02466,1,0,0,962.09,1273.25,12,962.09,23.0721,0.102114,0.018583,1,0.0758,0,0,0,increase,3.6093,0.1564356951,0.007336,0.006077,0,0,0,,,,0,,0,[],[],[],[],[],0,0,0,0,0,0,0,0,0,0,0,0,0,0,0,0,0,0,,,,0,,0,0,,,0,0,,,0,0,No_Change,positive,stable,stable,stable,stable,True,False,False,False,False,False,0,44,False,0,0,-949.18,-0.0098665883,-2519.31,-0.0261878616,72413.66,0.752729481,962.09,0,0,0,0,0,normal,False,,No driver activity this period.,0 transactions
ACC-0056,13,Enterprise,Logistics,Monthly,0.086,growth,512.5272,-0.014811,0.040764,0.023481,1,0,0,70247.95,85582.21,12,61387.53,499.4669,0.040898,0.021863,1,0.086,8860.42,0.1443358285,8860.42,increase,13.0603,0.0261484795,-0.000134,0.001618,0,0,0,INV-2026-01-009,2026-01-04T10:00:00,Expansion,8860.42,Seat_Add,1,"[""INV-2026-01-009""]","[""2026-01-04T10:00:00""]","[""Expansion""]",[8860.42],"[""Seat_Add""]",8860.42,0,8860.42,0,0,8860.42,0,0,0,0,0,0,1,0,0,0,0,0,INV-2026-01-009,2026-01-04T10:00:00,Expansion,8860.42,Seat_Add,8860.42,0,Expansion,Seat_Add,8860.42,1,,,0,0,Expansion,stable,stable,stable,stable,stable,False,False,False,False,False,False,0.1648474918,5,True,8860.42,0.0921027793,101030.09,1.0501931156,8860.42,0.0921027793,5806.42,0.0603568928,,,,,,,insufficient_history,False,,"Expansion +8,860.4200","1 transactions; largest INV-2026-01-009 +8,860.4200 (Seat_Add)"
ACC-0057,13,SMB,Media,Annual,0.192,stable,16.2656,0.083103,0.083999,0.024616,6,5,0,958.32,958.32,12,958.32,11.5299,0.074018,0.0236,1,0.192,0,0,0,increase,4.7357,0.4107320965,0.009981,0.001016,5,5,0,,,,0,,0,[],[],[],[],[],0,0,0,0,0,0,0,0,0,0,0,0,0,0,0,0,0,0,,,,0,,0,0,,,0,0,,,0,0,No_Change,positive,stable,stable,negative,stable,True,False,False,True,False,False,0,45,False,0,0,-949.18,-0.0098665883,-1018.53,-0.0105874715,72413.66,0.752729481,958.32,0,0,0,0,0,normal,False,,No driver activity this period.,0 transactions
ACC-0058,13,Mid-Market,Energy,Monthly,0.1904,stable,55.7229,0.010032,0.059397,0.02109,1,-0.5,0,5308.01,5308.01,12,5308.01,55.4037,0.067571,0.014053,2,0.1904,0,0,0,increase,0.3192,0.0057613481,-0.008174,0.007037,-1,-0.5,0,,,,0,,0,[],[],[],[],[],0,0,0,0,0,0,0,0,0,0,0,0,0,0,0,0,0,0,,,,0,,0,0,,,0,0,,,0,0,No_Change,stable,stable,stable,stable,stable,False,False,False,False,False,False,0,46,False,0,0,-3879.47,-0.0403265273,-2814.01,-0.0292512253,5806.42,0.0603568928,5308.01,0,0,0,0,0,normal,False,,No driver activity this period.,0 transactions
ACC-0060,13,Mid-Market,Education,Monthly,0.0488,decline,112.0343,0.03814,0.1435,0.015063,1,0,0,8056.54,6290.55,12,10484.04,109.5689,0.150934,0.021535,1,0.0488,-2427.5,-0.2315424207,2427.5,decrease,2.4654,0.0225009104,-0.007434,-0.006472,0,0,0,CR-2026-01-007,2026-01-14T10:00:00,Contraction,-2427.5,Seat_Reduction,1,"[""CR-2026-01-007""]","[""2026-01-14T10:00:00""]","[""Contraction""]",[-2427.5],"[""Seat_Reduction""]",-2427.5,0,0,-2427.5,0,0,-2427.5,0,0,0,0,0,0,1,0,0,0,0,CR-2026-01-007,2026-01-14T10:00:00,Contraction,-2427.5,Seat_Reduction,0,-2427.5,Contraction,Seat_Reduction,-2427.5,1,,,0,0,Contraction,positive,stable,stable,stable,stable,True,False,False,False,False,False,0.1123629626,7,False,-2427.5,-0.02523351,-3879.47,-0.0403265273,-2519.31,-0.0261878616,5806.42,0.0603568928,10484.04,0,0,0,0,-2427.5,normal,False,,"Contraction -2,427.5000","1 transactions; largest CR-2026-01-007 -2,427.5000 (Seat_Reduction)"
ACC-0061,13,SMB,Real Estate,Monthly,0.1115,stable,14.6615,0.147649,0.057752,0.01041,2,0,0,711.24,711.24,12,711.24,15.6744,0.061547,0.02328,2,0.1115,0,0,0,increase,-1.0129,-0.0646212933,-0.003795,-0.01287,0,0,0,,,,0,,0,[],[],[],[],[],0,0,0,0,0,0,0,0,0,0,0,0,0,0,0,0,0,0,,,,0,,0,0,,,0,0,,,0,0,No_Change,positive,stable,positive,stable,stable,True,False,False,False,False,False,0,47,False,0,0,-949.18,-0.0098665883,1446.11,0.0150321035,5806.42,0.0603568928,711.24,0,0,0,0,0,normal,False,,No driver activity this period.,0 transactions
ACC-0063,13,Mid-Market,Retail,Annual,0.0949,stable,107.2923,-0.035308,0.073803,0.012489,1,0,0,15705.15,15705.15,12,15705.15,107.3945,0.074131,0.018206,1,0.0949,0,0,0,increase,-0.1022,-0.0009516316,-0.000328,-0.005717,0,0,0,,,,0,,0,[],[],[],[],[],0,0,0,0,0,0,0,0,0,0,0,0,0,0,0,0,0,0,,,,0,,0,0,,,0,0,,,0,0,No_Change,negative,stable,stable,stable,stable,True,False,False,False,False,False,0,48,False,0,0,-3879.47,-0.0403265273,17981.36,0.1869136262,72413.66,0.752729481,13900.5766666667,902.2866666667,0.0694157975,2706.86,0,-902.2866666667,normal,False,,No driver activity this period.,0 transactions
ACC-0065,13,SMB,Energy,Multi-Year,0.0161,stable,19.7627,0.058392,0.080838,0.017132,2,0,0,1167.23,981.23,12,1167.23,21.0304,0.080072,0.012097,2,0.0161,0,0,0,increase,-1.2677,-0.0602794051,0.000766,0.005035,0,0,0,,,,0,,0,[],[],[],[],[],0,0,0,0,0,0,0,0,0,0,0,0,0,0,0,0,0,0,,,,0,,0,0,,,0,0,,,0,0,No_Change,positive,stable,stable,stable,stable,True,False,False,False,False,False,0,49,False,0,0,-949.18,-0.0098665883,-2814.01,-0.0292512253,17981.36,0.1869136262,1258.7533333333,-91.5233333333,-0.0634785222,0,-274.57,91.5233333333,normal,False,,No driver activity this period.,0 transactions
ACC-0067,13,SMB,Technology,Multi-Year,0.0039,stable,2.3031,0.063462,0.05,0.02,0,,0,312.97,312.97,,,,,,,0.0039,0,0,0,increase,,,,,,,,INV-2026-01-010,2026-01-16T10:00:00,New_ARR,312.97,New_Logo_Signed,1,"[""INV-2026-01-010""]","[""2026-01-16T10:00:00""]","[""New_ARR""]",[312.97],"[""New_Logo_Signed""]",312.97,0,312.97,0,312.97,0,0,0,0,0,0,1,0,0,0,0,0,0,INV-2026-01-010,2026-01-16T10:00:00,New_ARR,312.97,New_Logo_Signed,312.97,0,New_ARR,New_Logo_Signed,312.97,1,,,0,0,New_ARR,positive,unknown,unknown,unknown,stable,True,False,False,False,False,False,0,50,False,0,0,-949.18,-0.0098665883,57968.35,0.602572581,17981.36,0.1869136262,,,,,,,insufficient_history,False,,New_ARR +312.9700,1 transactions; largest INV-2026-01-010 +312.9700 (New_Logo_Signed)
ACC-0069,13,Mid-Market,Logistics,Monthly,0.0058,stable,134.8009,0.12008,0.051372,0.021,1,inf,0,11552.27,9621.48,12,11552.27,129.9452,0.053399,0.021959,0,0.0058,0,0,0,increase,4.8557,0.0373672902,-0.002027,-0.000959,1,inf,0,,,,0,,0,[],[],[],[],[],0,0,0,0,0,0,0,0,0,0,0,0,0,0,0,0,0,0,,,,0,,0,0,,,0,0,,,0,0,No_Change,positive,stable,stable,stable,stable,True,False,False,False,False,False,0,51,False,0,0,-3879.47,-0.0403265273,8860.42,0.0921027793,5806.42,0.0603568928,,,,,,,insufficient_history,False,,No driver activity this period.,0 transactions
ACC-0070,13,Enterprise,Technology,Annual,0.1814,growth,644.7697,-0.034147,0.128795,0.01187,5,-0.2857142857,0,206704.7,263958.16,12,156330.56,624.9514,0.132836,0.010409,7,0.1814,50374.14,0.3222283602,50374.14,increase,19.8183,0.0317117459,-0.004041,0.001461,-2,-0.2857142857,0,INV-2026-01-011,2026-01-16T10:00:00,Expansion,48503.09,Plan_Upgrade,2,"[""INV-2026-01-011"", ""INV-2026-01-012""]","[""2026-01-16T10:00:00"", ""2026-01-21T10:00:00""]","[""Expansion"", ""Usage_Overage""]","[48503.09, 1871.05]","[""Plan_Upgrade"", ""Usage_Above_Commit""]",50374.14,0,50374.14,0,0,48503.09,0,0,0,0,1871.05,0,0.9628569341,0,0,0,0,0.0371430659,INV-2026-01-011,2026-01-16T10:00:00,Expansion,48503.09,Plan_Upgrade,48503.09,0,Expansion,Plan_Upgrade,48503.09,0.9628569341,Usage_Overage,Usage_Above_Commit,1871.05,0.0371430659,Expansion,negative,stable,stable,positive,stable,True,False,False,False,False,False,0.7627799261,1,True,50374.14,0.5236318708,101030.09,1.0501931156,57968.35,0.602572581,72413.66,0.752729481,170424.7533333333,-7047.0966666667,-0.0397082504,0,-21141.29,57421.2366666667,normal,False,,"Expansion +48,503.0900; Usage_Overage +1,871.0500","2 transactions; largest INV-2026-01-011 +48,503.0900 (Plan_Upgrade)"
ACC-0001,14,Enterprise,Technology,Annual,0.049,growth,406.0444,0.073953,0.133466,0.082166,3,-0.25,0,93514.44,93514.44,13,88750.35,393.1661,0.137935,0.010818,4,0.049,4764.09,0.0536796756,4764.09,increase,12.8783,0.0327553673,-0.004469,0.071348,-1,-0.25,0,INV-2026-02-001,2026-02-06T10:00:00,Expansion,4764.09,Feature_Upgrade,1,"[""INV-2026-02-001""]","[""2026-02-06T10:00:00""]","[""Expansion""]",[4764.09],"[""Feature_Upgrade""]",4764.09,0,4764.09,0,0,4764.09,0,0,0,0,0,0,1,0,0,0,0,0,INV-2026-02-001,2026-02-06T10:00:00,Expansion,4764.09,Feature_Upgrade,4764.09,0,Expansion,Feature_Upgrade,4764.09,1,,,0,0,Expansion,positive,stable,negative,stable,stable,True,False,True,False,False,False,0.1048173363,13,False,4764.09,0.0627224588,77351.81,1.018388761,61885.51,0.8147644878,61515.89,0.8098981912,82971.8433333333,-3081.67,-0.0248522538,8667.76,-17912.77,7845.76,normal,False,,"Expansion +4,764.0900","1 transactions; largest INV-2026-02-001 +4,764.0900 (Feature_Upgrade)"
ACC-0002,14,Enterprise,Healthcare,Annual,0.0064,stable,552.4487,-0.018164,0.189986,0.024669,2,0,0,63677.69,63677.69,13,63677.69,550.4453,0.182741,0.020355,2,0.0064,0,0,0,increase,2.0034,0.0036395987,0.007245,0.004314,0,0,0,,,,0,,0,[],[],[],[],[],0,0,0,0,0,0,0,0,0,0,0,0,0,0,0,0,0,0,,,,0,,0,0,,,0,0,,,0,0,No_Change,stable,stable,stable,stable,stable,False,False,False,False,False,False,0,19,False,0,0,77351.81,1.018388761,115.2,0.0015166857,61515.89,0.8098981912,63677.69,3263.5066666667,0.0605618493,9790.52,0,-3263.5066666667,normal,False,,No driver activity this period.,0 transactions
ACC-0003,14,Mid-Market,Real Estate,Monthly,0.13,growth,47.4982,0.028817,0.090046,0.011623,2,1,0,5934.37,5128.35,13,5222.59,44.1289,0.093664,0.015304,1,0.13,711.78,0.1362886997,711.78,increase,3.3693,0.0763513253,-0.003618,-0.003681,1,1,0,INV-2026-02-002,2026-02-26T10:00:00,Expansion,711.78,Feature_Upgrade,1,"[""INV-2026-02-002""]","[""2026-02-26T10:00:00""]","[""Expansion""]",[711.78],"[""Feature_Upgrade""]",711.78,0,711.78,0,0,711.78,0,0,0,0,0,0,1,0,0,0,0,0,INV-2026-02-002,2026-02-26T10:00:00,Expansion,711.78,Feature_Upgrade,711.78,0,Expansion,Feature_Upgrade,711.78,1,,,0,0,Expansion,positive,stable,stable,stable,stable,True,False,False,False,False,False,0.1368818198,11,False,711.78,0.0093710639,-3399.46,-0.0447561842,-110.4,-0.0014534905,12999.6,0.1711485037,5222.59,0,0,0,0,711.78,normal,False,,Expansion +711.7800,1 transactions; largest INV-2026-02-002 +711.7800 (Feature_Upgrade)
ACC-0004,14,SMB,Fintech,Annual,0.0319,stable,43.6895,0.091448,0.098908,0.01351,1,-0.5,1,4951.93,4032.55,13,4951.93,38.9023,0.09059,0.021566,2,0.0319,0,0,0,increase,4.7872,0.1230569915,0.008318,-0.008056,-1,-0.5,0,,,,0,,0,[],[],[],[],[],0,0,0,0,0,0,0,0,0,0,0,0,0,0,0,0,0,0,,,,0,,0,0,,,0,0,,,0,0,No_Change,positive,stable,stable,stable,negative,True,False,False,False,True,False,0,20,False,0,0,2002.74,0.0263674232,0,0,61515.89,0.8098981912,4951.93,0,0,0,0,0,normal,False,,No driver activity this period.,0 transactions
ACC-0005,14,SMB,Energy,Monthly,0.076,growth,40.2819,0.101525,0.114146,0.018817,2,0,0,2861.49,3111.15,13,2088.15,37.5343,0.120296,0.085754,2,0.076,773.34,0.3703469578,773.34,increase,2.7476,0.0732023776,-0.00615,-0.066937,0,0,0,INV-2026-02-003,2026-02-15T10:00:00,Expansion,713.55,Plan_Upgrade,2,"[""INV-2026-02-003"", ""INV-2026-02-004""]","[""2026-02-15T10:00:00"", ""2026-02-20T10:00:00""]","[""Expansion"", ""Usage_Overage""]","[713.55, 59.79]","[""Plan_Upgrade"", ""Usage_Above_Commit""]",773.34,0,773.34,0,0,713.55,0,0,0,0,59.79,0,0.9226860113,0,0,0,0,0.0773139887,INV-2026-02-003,2026-02-15T10:00:00,Expansion,713.55,Plan_Upgrade,713.55,0,Expansion,Plan_Upgrade,713.55,0.9226860113,Usage_Overage,Usage_Above_Commit,59.79,0.0773139887,Expansion,positive,stable,positive,stable,stable,True,False,False,False,False,False,0.3587797489,3,True,773.34,0.0101815428,2002.74,0.0263674232,587.34,0.0077327273,12999.6,0.1711485037,2088.15,0,0,0,0,773.34,normal,False,,Expansion +713.5500; Usage_Overage +59.7900,2 transactions; largest INV-2026-02-003 +713.5500 (Plan_Upgrade)
ACC-0006,14,Mid-Market,Media,Annual,0.1946,stable,469.0852,-0.003062,0.09994,0.078385,1,0,0,91727.04,117523.42,13,91727.04,465.8989,0.102761,0.017186,1,0.1946,0,0,0,increase,3.1863,0.0068390374,-0.002821,0.061199,0,0,0,,,,0,,0,[],[],[],[],[],0,0,0,0,0,0,0,0,0,0,0,0,0,0,0,0,0,0,,,,0,,0,0,,,0,0,,,0,0,No_Change,stable,stable,negative,stable,stable,False,False,True,False,False,False,0,21,False,0,0,-3399.46,-0.0447561842,0,0,61515.89,0.8098981912,91727.04,0,0,0,0,0,normal,False,,No driver activity this period.,0 transactions
ACC-0007,14,Mid-Market,Technology,Multi-Year,0.0723,stable,134.8777,-0.020486,0.127375,0.01023,2,1,0,26806.65,26806.65,13,26806.65,133.5219,0.111291,0.084075,1,0.0723,0,0,0,increase,1.3558,0.0101541395,0.016084,-0.073845,1,1,0,,,,0,,0,[],[],[],[],[],0,0,0,0,0,0,0,0,0,0,0,0,0,0,0,0,0,0,,,,0,,0,0,,,0,0,,,0,0,No_Change,negative,positive,positive,stable,stable,True,True,False,False,False,False,0,22,False,0,0,-3399.46,-0.0447561842,61885.51,0.8147644878,1439.6,0.0189533052,27745.3866666667,-938.7366666667,-0.0316896028,0,-2816.21,938.7366666667,normal,False,,No driver activity this period.,0 transactions
ACC-0009,14,SMB,Energy,Monthly,0.0711,stable,78.5094,0.140131,0.120149,0.016137,2,0,0,14719.75,12147.28,13,14719.75,78.4701,0.109364,0.012699,2,0.0711,0,0,0,increase,0.0393,0.0005008277,0.010785,0.003438,0,0,0,,,,0,,0,[],[],[],[],[],0,0,0,0,0,0,0,0,0,0,0,0,0,0,0,0,0,0,,,,0,,0,0,,,0,0,,,0,0,No_Change,positive,positive,stable,stable,stable,True,True,False,False,False,False,0,23,False,0,0,2002.74,0.0263674232,587.34,0.0077327273,12999.6,0.1711485037,14719.75,0,0,0,0,0,normal,False,,No driver activity this period.,0 transactions
ACC-0010,14,SMB,Healthcare,Annual,0.0342,stable,46.2894,0.12208,0.146417,0.017342,1,0,0,4349.58,5603.91,13,4349.58,43.3097,0.131562,0.016174,1,0.0342,0,0,0,increase,2.9797,0.0687998301,0.014855,0.001168,0,0,0,,,,0,,0,[],[],[],[],[],0,0,0,0,0,0,0,0,0,0,0,0,0,0,0,0,0,0,,,,0,,0,0,,,0,0,,,0,0,No_Change,positive,positive,stable,stable,stable,True,True,False,False,False,False,0,24,False,0,0,2002.74,0.0263674232,115.2,0.0015166857,61515.89,0.8098981912,4349.58,0,0,0,0,0,normal,False,,No driver activity this period.,0 transactions
ACC-0013,14,Mid-Market,Media,Monthly,0.0279,stable,62.5525,-0.018472,0.121023,0.01076,2,1,0,10345.65,12983.42,13,10345.65,58.6215,0.106756,0.022191,1,0.0279,0,0,0,increase,3.931,0.0670573083,0.014267,-0.011431,1,1,0,,,,0,,0,[],[],[],[],[],0,0,0,0,0,0,0,0,0,0,0,0,0,0,0,0,0,0,,,,0,,0,0,,,0,0,,,0,0,No_Change,stable,positive,positive,stable,stable,False,True,False,False,False,False,0,25,False,0,0,-3399.46,-0.0447561842,0,0,12999.6,0.1711485037,10884.9133333333,-199.7533333333,-0.0171063493,419.27,-1018.53,199.7533333333,normal,False,,No driver activity this period.,0 transactions
ACC-0014,14,SMB,Education,Multi-Year,0.0799,growth,68.306,0.144155,0.080516,0.023662,2,1,0,9879.22,9879.22,13,8393.47,61.4807,0.071699,0.021358,1,0.0799,1485.75,0.1770126062,1485.75,increase,6.8253,0.1110153268,0.008817,0.002304,1,1,0,INV-2026-02-005,2026-02-07T10:00:00,Expansion,1485.75,Plan_Upgrade,1,"[""INV-2026-02-005""]","[""2026-02-07T10:00:00""]","[""Expansion""]",[1485.75],"[""Plan_Upgrade""]",1485.75,0,1485.75,0,0,1485.75,0,0,0,0,0,0,1,0,0,0,0,0,INV-2026-02-005,2026-02-07T10:00:00,Expansion,1485.75,Plan_Upgrade,1485.75,0,Expansion,Plan_Upgrade,1485.75,1,,,0,0,Expansion,positive,stable,stable,stable,stable,True,False,False,False,False,False,0.1841552456,6,False,1485.75,0.0195609011,2002.74,0.0263674232,150.32,0.0019790642,1439.6,0.0189533052,8393.47,0,0,0,0,1485.75,normal,False,,"Expansion +1,485.7500","1 transactions; largest INV-2026-02-005 +1,485.7500 (Plan_Upgrade)"
ACC-0016,14,SMB,Education,Annual,0.0936,growth,20.7471,0.148883,0.176381,0.012297,2,0,0,2167.98,2614.79,13,2048.58,19.2521,0.174974,0.021569,2,0.0936,119.4,0.058284275,119.4,increase,1.495,0.0776538663,0.001407,-0.009272,0,0,0,INV-2026-02-006,2026-02-21T10:00:00,Usage_Overage,119.4,Usage_Above_Commit,1,"[""INV-2026-02-006""]","[""2026-02-21T10:00:00""]","[""Usage_Overage""]",[119.4],"[""Usage_Above_Commit""]",119.4,0,119.4,0,0,0,0,0,0,0,119.4,0,0,0,0,0,0,1,INV-2026-02-006,2026-02-21T10:00:00,Usage_Overage,119.4,Usage_Above_Commit,119.4,0,Usage_Overage,Usage_Above_Commit,119.4,1,,,0,0,Usage_Overage,positive,stable,stable,stable,stable,True,False,False,False,False,False,0.0564376731,14,False,119.4,0.0015719815,2002.74,0.0263674232,150.32,0.0019790642,61515.89,0.8098981912,2048.58,0,0,0,0,119.4,normal,False,,Usage_Overage +119.4000,1 transactions; largest INV-2026-02-006 +119.4000 (Usage_Above_Commit)
ACC-0017,14,Mid-Market,Healthcare,Annual,0.1074,stable,30.9583,0.009714,0.117452,0.010033,2,0,0,989.64,989.64,13,989.64,30.4152,0.113876,0.02238,2,0.1074,0,0,0,increase,0.5431,0.0178562035,0.003576,-0.012347,0,0,0,,,,0,,0,[],[],[],[],[],0,0,0,0,0,0,0,0,0,0,0,0,0,0,0,0,0,0,,,,0,,0,0,,,0,0,,,0,0,No_Change,stable,stable,positive,stable,stable,False,False,False,False,False,False,0,26,False,0,0,-3399.46,-0.0447561842,115.2,0.0015166857,61515.89,0.8098981912,989.64,0,0,0,0,0,normal,False,,No driver activity this period.,0 transactions
ACC-0018,14,SMB,Retail,Annual,0.1908,decline,22.8328,0.046834,0.110571,0.024574,2,0,0,1627,1627,13,1703.35,20.6858,0.110962,0.022332,2,0.1908,-76.35,-0.0448234362,76.35,decrease,2.147,0.1037910064,-0.000391,0.002242,0,0,0,CR-2026-02-001,2026-02-27T10:00:00,Contraction,-76.35,Contract_Downgrade,1,"[""CR-2026-02-001""]","[""2026-02-27T10:00:00""]","[""Contraction""]",[-76.35],"[""Contract_Downgrade""]",-76.35,0,0,-76.35,0,0,-76.35,0,0,0,0,0,0,1,0,0,0,0,CR-2026-02-001,2026-02-27T10:00:00,Contraction,-76.35,Contract_Downgrade,0,-76.35,Contraction,Contract_Downgrade,-76.35,1,,,0,0,Contraction,positive,stable,stable,stable,stable,True,False,False,False,False,False,0.0432276285,16,False,-76.35,-0.0010051993,2002.74,0.0263674232,-76.35,-0.0010051993,61515.89,0.8098981912,1703.35,-29.99,-0.0167231727,0,-89.97,-46.36,normal,False,,Contraction -76.3500,1 transactions; largest CR-2026-02-001 -76.3500 (Contract_Downgrade)
ACC-0019,14,Mid-Market,Real Estate,Annual,0.1741,decline,51.483,-0.011333,0.091841,0.023769,3,-0.25,0,12171.62,12171.62,13,12701.28,49.7988,0.086304,0.015382,4,0.1741,-529.66,-0.0417013088,529.66,decrease,1.6842,0.0338200921,0.005537,0.008387,-1,-0.25,0,CR-2026-02-002,2026-02-17T10:00:00,Contraction,-529.66,Contract_Downgrade,1,"[""CR-2026-02-002""]","[""2026-02-17T10:00:00""]","[""Contraction""]",[-529.66],"[""Contract_Downgrade""]",-529.66,0,0,-529.66,0,0,-529.66,0,0,0,0,0,0,1,0,0,0,0,CR-2026-02-002,2026-02-17T10:00:00,Contraction,-529.66,Contract_Downgrade,0,-529.66,Contraction,Contract_Downgrade,-529.66,1,,,0,0,Contraction,stable,stable,stable,stable,stable,False,False,False,False,False,False,0.0454234717,15,False,-529.66,-0.0069733312,-3399.46,-0.0447561842,-110.4,-0.0014534905,61515.89,0.8098981912,11947.1666666667,62.93,0.0074838092,1131.17,-942.38,-592.59,unusual_decrease,False,,Contraction -529.6600,1 transactions; largest CR-2026-02-002 -529.6600 (Contract_Downgrade)
ACC-0020,14,SMB,Energy,Annual,0.1079,stable,25.5611,0.133027,0.119729,0.024446,2,-0.3333333333,0,1138.23,1138.23,13,1138.23,23.4806,0.119305,0.017766,3,0.1079,0,0,0,increase,2.0805,0.0886050612,0.000424,0.00668,-1,-0.3333333333,0,,,,0,,0,[],[],[],[],[],0,0,0,0,0,0,0,0,0,0,0,0,0,0,0,0,0,0,,,,0,,0,0,,,0,0,,,0,0,No_Change,positive,stable,stable,stable,stable,True,False,False,False,False,False,0,27,False,0,0,2002.74,0.0263674232,587.34,0.0077327273,61515.89,0.8098981912,1325.8166666667,-123.8066666667,-0.0821569252,92.58,-365.24,123.8066666667,normal,False,,No driver activity this period.,0 transactions
ACC-0021,14,SMB,Real Estate,Multi-Year,0.0846,stable,16.6997,-0.003038,0.07957,0.010347,2,0,0,1961.58,1961.58,13,1961.58,14.5913,0.060604,0.020657,2,0.0846,0,0,0,increase,2.1084,0.1444970633,0.018966,-0.01031,0,0,0,,,,0,,0,[],[],[],[],[],0,0,0,0,0,0,0,0,0,0,0,0,0,0,0,0,0,0,,,,0,,0,0,,,0,0,,,0,0,No_Change,stable,positive,positive,stable,stable,False,True,False,False,False,False,0,28,False,0,0,2002.74,0.0263674232,-110.4,-0.0014534905,1439.6,0.0189533052,1961.58,0,0,0,0,0,normal,False,,No driver activity this period.,0 transactions
ACC-0024,14,SMB,Healthcare,Multi-Year,0.1719,stable,31.2658,-0.014887,0.12375,0.018574,1,0,0,1040.28,1040.28,13,1040.28,27.5095,0.106177,0.014528,1,0.1719,0,0,0,increase,3.7563,0.136545557,0.017573,0.004046,0,0,0,,,,0,,0,[],[],[],[],[],0,0,0,0,0,0,0,0,0,0,0,0,0,0,0,0,0,0,,,,0,,0,0,,,0,0,,,0,0,No_Change,stable,positive,stable,stable,stable,False,True,False,False,False,False,0,29,False,0,0,2002.74,0.0263674232,115.2,0.0015166857,1439.6,0.0189533052,1040.28,-32.66,-0.0286929173,0,-97.98,32.66,normal,False,,No driver activity this period.,0 transactions
ACC-0026,14,SMB,Healthcare,Annual,0.0709,stable,10.3575,0.135983,0.05,0.02,0,,0,2200.44,2200.44,,,,,,,0.0709,0,0,0,increase,,,,,,,,INV-2026-02-007,2026-02-22T10:00:00,New_ARR,2200.44,New_Logo_Signed,1,"[""INV-2026-02-007""]","[""2026-02-22T10:00:00""]","[""New_ARR""]",[2200.44],"[""New_Logo_Signed""]",2200.44,0,2200.44,0,2200.44,0,0,0,0,0,0,1,0,0,0,0,0,0,INV-2026-02-007,2026-02-22T10:00:00,New_ARR,2200.44,New_Logo_Signed,2200.44,0,New_ARR,New_Logo_Signed,2200.44,1,,,0,0,New_ARR,positive,unknown,unknown,unknown,stable,True,False,False,False,False,False,0,30,False,0,0,2002.74,0.0263674232,115.2,0.0015166857,61515.89,0.8098981912,,,,,,,insufficient_history,False,,"New_ARR +2,200.4400","1 transactions; largest INV-2026-02-007 +2,200.4400 (New_Logo_Signed)"
ACC-0027,14,Mid-Market,Healthcare,Monthly,0.1456,growth,57.5512,0.011686,0.117389,0.021959,1,0,0,5282.53,5282.53,13,5167.33,55.5705,0.117251,0.021505,1,0.1456,115.2,0.0222939119,115.2,increase,1.9807,0.035643012,0.000138,0.000454,0,0,0,INV-2026-02-008,2026-02-12T10:00:00,Usage_Overage,115.2,Usage_Above_Commit,1,"[""INV-2026-02-008""]","[""2026-02-12T10:00:00""]","[""Usage_Overage""]",[115.2],"[""Usage_Above_Commit""]",115.2,0,115.2,0,0,0,0,0,0,0,115.2,0,0,0,0,0,0,1,INV-2026-02-008,2026-02-12T10:00:00,Usage_Overage,115.2,Usage_Above_Commit,115.2,0,Usage_Overage,Usage_Above_Commit,115.2,1,,,0,0,Usage_Overage,stable,stable,stable,stable,stable,False,False,False,False,False,False,0.0223769472,18,False,115.2,0.0015166857,-3399.46,-0.0447561842,115.2,0.0015166857,12999.6,0.1711485037,5031.7166666667,135.6133333333,0.0284872636,406.84,0,-20.4133333333,normal,False,,Usage_Overage +115.2000,1 transactions; largest INV-2026-02-008 +115.2000 (Usage_Above_Commit)
ACC-0028,14,SMB,Education,Monthly,0.0925,stable,18.3741,0.020129,0.094635,0.012314,2,0,0,2077.65,2077.65,13,2077.65,19.0565,0.093097,0.019378,2,0.0925,0,0,0,increase,-0.6824,-0.0358093039,0.001538,-0.007064,0,0,0,,,,0,,0,[],[],[],[],[],0,0,0,0,0,0,0,0,0,0,0,0,0,0,0,0,0,0,,,,0,,0,0,,,0,0,,,0,0,No_Change,positive,stable,stable,stable,stable,True,False,False,False,False,False,0,31,False,0,0,2002.74,0.0263674232,150.32,0.0019790642,12999.6,0.1711485037,2077.65,0,0,0,0,0,normal,False,,No driver activity this period.,0 transactions
ACC-0029,14,SMB,Real Estate,Annual,0.1938,stable,18.7236,0.143105,0.081066,0.014146,3,-0.25,0,1901.01,1777.83,13,1901.01,17.4549,0.06298,0.021458,4,0.1938,0,0,0,increase,1.2687,0.0726844611,0.018086,-0.007312,-1,-0.25,0,,,,0,,0,[],[],[],[],[],0,0,0,0,0,0,0,0,0,0,0,0,0,0,0,0,0,0,,,,0,,0,0,,,0,0,,,0,0,No_Change,positive,positive,stable,stable,stable,True,True,False,False,False,False,0,32,False,0,0,2002.74,0.0263674232,-110.4,-0.0014534905,61515.89,0.8098981912,1794.8633333333,106.1466666667,0.0670723359,318.44,0,-106.1466666667,normal,False,,No driver activity this period.,0 transactions
ACC-0032,14,SMB,Fintech,Annual,0.1084,stable,12.912,0.031192,0.095744,0.024869,5,4,0,410.31,410.31,13,410.31,8.5157,0.078796,0.021043,1,0.1084,0,0,0,increase,4.3963,0.5162582054,0.016948,0.003826,4,4,0,,,,0,,0,[],[],[],[],[],0,0,0,0,0,0,0,0,0,0,0,0,0,0,0,0,0,0,,,,0,,0,0,,,0,0,,,0,0,No_Change,positive,positive,stable,negative,stable,True,True,False,True,False,False,0,33,False,0,0,2002.74,0.0263674232,0,0,61515.89,0.8098981912,410.31,0,0,0,0,0,normal,False,,No driver activity this period.,0 transactions
ACC-0033,14,Mid-Market,Real Estate,Monthly,0.1922,stable,41.1619,0.147194,0.065964,0.018337,2,0,1,4274.57,4274.57,13,4274.57,42.5428,0.06368,0.014548,2,0.1922,0,0,0,increase,-1.3809,-0.0324590765,0.002284,0.003789,0,0,0,,,,0,,0,[],[],[],[],[],0,0,0,0,0,0,0,0,0,0,0,0,0,0,0,0,0,0,,,,0,,0,0,,,0,0,,,0,0,No_Change,positive,stable,stable,stable,negative,True,False,False,False,True,False,0,34,False,0,0,-3399.46,-0.0447561842,-110.4,-0.0014534905,12999.6,0.1711485037,4274.57,0,0,0,0,0,normal,False,,No driver activity this period.,0 transactions
ACC-0034,14,Mid-Market,Manufacturing,Monthly,0.1883,stable,130.8403,0.127898,0.097643,0.01784,2,1,0,9668.63,9668.63,13,9668.63,132.7508,0.087418,0.024774,1,0.1883,0,0,0,increase,-1.9105,-0.014391627,0.010225,-0.006934,1,1,0,,,,0,,0,[],[],[],[],[],0,0,0,0,0,0,0,0,0,0,0,0,0,0,0,0,0,0,,,,0,,0,0,,,0,0,,,0,0,No_Change,positive,positive,stable,stable,stable,True,True,False,False,False,False,0,35,False,0,0,-3399.46,-0.0447561842,0,0,12999.6,0.1711485037,8901.5366666667,674.5733333333,0.0830958676,1150.64,0,-674.5733333333,normal,False,,No driver activity this period.,0 transactions
ACC-0035,14,SMB,Technology,Annual,0.0633,decline,19.5796,0.071847,0.061355,0.02402,6,2,0,1447.19,1331.28,13,1773.4,16.2419,0.045772,0.020073,2,0.0633,-326.21,-0.1839460923,326.21,decrease,3.3377,0.2054993566,0.015583,0.003947,4,2,0,CR-2026-02-003,2026-02-02T10:00:00,Contraction,-265.73,Seat_Reduction,2,"[""CR-2026-02-003"", ""CR-2026-02-004""]","[""2026-02-02T10:00:00"", ""2026-02-12T10:00:00""]","[""Contraction"", ""Refund""]","[-265.73, -60.48]","[""Seat_Reduction"", ""Billing_Adjustment""]",-326.21,0,0,-326.21,0,0,-265.73,0,0,-60.48,0,0,0,0.8145979584,0,0,0.1854020416,0,CR-2026-02-003,2026-02-02T10:00:00,Contraction,-265.73,Seat_Reduction,0,-265.73,Contraction,Seat_Reduction,-265.73,0.8145979584,Refund,Billing_Adjustment,-60.48,0.1854020416,Contraction,positive,positive,stable,negative,stable,True,True,False,True,False,False,0.1775435168,9,False,-326.21,-0.0042947747,2002.74,0.0263674232,61885.51,0.8147644878,61515.89,0.8098981912,1773.4,0,0,0,0,-326.21,normal,False,,Contraction -265.7300; Refund -60.4800,2 transactions; largest CR-2026-02-003 -265.7300 (Seat_Reduction)
ACC-0037,14,SMB,Technology,Multi-Year,0.1992,growth,24.6711,0.018447,0.100398,0.010087,4,-0.3333333333,0,874.75,874.75,13,734.9,21.412,0.096777,0.02022,6,0.1992,139.85,0.1902979997,139.85,increase,3.2591,0.1522090417,0.003621,-0.010133,-2,-0.3333333333,0,INV-2026-02-009,2026-02-14T10:00:00,Expansion,108.08,Seat_Add,2,"[""INV-2026-02-009"", ""INV-2026-02-010""]","[""2026-02-14T10:00:00"", ""2026-02-19T10:00:00""]","[""Expansion"", ""Usage_Overage""]","[108.08, 31.77]","[""Seat_Add"", ""Usage_Above_Commit""]",139.85,0,139.85,0,0,108.08,0,0,0,0,31.77,0,0.77282803,0,0,0,0,0.22717197,INV-2026-02-009,2026-02-14T10:00:00,Expansion,108.08,Seat_Add,108.08,0,Expansion,Seat_Add,108.08,0.77282803,Usage_Overage,Usage_Above_Commit,31.77,0.22717197,Expansion,stable,stable,positive,positive,stable,False,False,False,False,False,False,0.1814306989,7,False,139.85,0.0018412196,2002.74,0.0263674232,61885.51,0.8147644878,1439.6,0.0189533052,676.8666666667,26.7333333333,0.0556749629,174.1,-93.9,113.1166666667,unusual_increase,False,,Expansion +108.0800; Usage_Overage +31.7700,2 transactions; largest INV-2026-02-009 +108.0800 (Seat_Add)
ACC-0038,14,SMB,Energy,Multi-Year,0.1759,stable,3.6307,-0.016062,0.057754,0.016951,1,inf,0,647.04,647.04,13,647.04,1.2483,0.044053,0.02044,0,0.1759,0,0,0,increase,2.3824,1.9085155812,0.013701,-0.003489,1,inf,0,,,,0,,0,[],[],[],[],[],0,0,0,0,0,0,0,0,0,0,0,0,0,0,0,0,0,0,,,,0,,0,0,,,0,0,,,0,0,No_Change,stable,positive,stable,stable,stable,False,True,False,False,False,False,0,36,False,0,0,2002.74,0.0263674232,587.34,0.0077327273,1439.6,0.0189533052,,,,,,,insufficient_history,False,,No driver activity this period.,0 transactions
ACC-0040,14,SMB,Healthcare,Multi-Year,0.0269,stable,25.5351,0.041047,0.124392,0.012078,2,0,0,3671.74,3671.74,13,3671.74,24.894,0.109358,0.01523,2,0.0269,0,0,0,increase,0.6411,0.0257531935,0.015034,-0.003152,0,0,0,,,,0,,0,[],[],[],[],[],0,0,0,0,0,0,0,0,0,0,0,0,0,0,0,0,0,0,,,,0,,0,0,,,0,0,,,0,0,No_Change,positive,positive,stable,stable,stable,True,True,False,False,False,False,0,37,False,0,0,2002.74,0.0263674232,115.2,0.0015166857,1439.6,0.0189533052,3671.74,267.63,0.0932882514,802.89,0,-267.63,normal,False,,No driver activity this period.,0 transactions
ACC-0042,14,SMB,Education,Annual,0.0088,stable,17.0913,0.143132,0.037562,0.011664,0,,1,1609.84,1609.84,13,1609.84,14.8491,0.047348,0.022126,0,0.0088,0,0,0,increase,2.2422,0.1509990504,-0.009786,-0.010462,0,,0,,,,0,,0,[],[],[],[],[],0,0,0,0,0,0,0,0,0,0,0,0,0,0,0,0,0,0,,,,0,,0,0,,,0,0,,,0,0,No_Change,positive,stable,positive,stable,negative,True,False,False,False,True,False,0,38,False,0,0,2002.74,0.0263674232,150.32,0.0019790642,61515.89,0.8098981912,1671.0466666667,-30.6033333333,-0.0179845052,0,-91.81,30.6033333333,normal,False,,No driver activity this period.,0 transactions
ACC-0043,14,SMB,Media,Annual,0.0855,stable,14.5433,0.126629,0.136311,0.015274,1,0,0,586,586,13,586,12.6895,0.142282,0.013516,1,0.0855,0,0,0,increase,1.8538,0.1460892864,-0.005971,0.001758,0,0,0,,,,0,,0,[],[],[],[],[],0,0,0,0,0,0,0,0,0,0,0,0,0,0,0,0,0,0,,,,0,,0,0,,,0,0,,,0,0,No_Change,positive,stable,stable,stable,stable,True,False,False,False,False,False,0,39,False,0,0,2002.74,0.0263674232,0,0,61515.89,0.8098981912,553.0933333333,32.9066666667,0.0675313304,98.72,0,-32.9066666667,normal,False,,No driver activity this period.,0 transactions
ACC-0044,14,Mid-Market,Energy,Annual,0.0296,stable,39.0218,0.12464,0.096271,0.020675,3,-0.5,0,10033.73,10033.73,13,10033.73,39.0064,0.079842,0.022113,6,0.0296,0,0,0,increase,0.0154,0.000394807,0.016429,-0.001438,-3,-0.5,0,,,,0,,0,[],[],[],[],[],0,0,0,0,0,0,0,0,0,0,0,0,0,0,0,0,0,0,,,,0,,0,0,,,0,0,,,0,0,No_Change,positive,positive,stable,positive,stable,True,True,False,False,False,False,0,40,False,0,0,-3399.46,-0.0447561842,587.34,0.0077327273,61515.89,0.8098981912,11066.9533333333,-128.14,0.0035833329,2330.83,-2715.25,128.14,normal,False,,No driver activity this period.,0 transactions
ACC-0045,14,Enterprise,Manufacturing,Annual,0.1334,stable,881.9802,0.065972,0.072188,0.02326,0,,0,122980.55,122980.55,13,122980.55,877.1737,0.061376,0.018538,0,0.1334,0,0,0,increase,4.8065,0.0054795305,0.010812,0.004722,0,,0,,,,0,,0,[],[],[],[],[],0,0,0,0,0,0,0,0,0,0,0,0,0,0,0,0,0,0,,,,0,,0,0,,,0,0,,,0,0,No_Change,positive,positive,stable,stable,stable,True,True,False,False,False,False,0,41,False,0,0,77351.81,1.018388761,0,0,61515.89,0.8098981912,,,,,,,insufficient_history,False,,No driver activity this period.,0 transactions
ACC-0046,14,Enterprise,Retail,Multi-Year,0.0473,stable,655.2747,-0.019704,0.133648,0.011286,4,0.3333333333,0,163934.71,163934.71,13,163934.71,650.8839,0.140372,0.010885,3,0.0473,0,0,0,increase,4.3908,0.0067459035,-0.006724,0.000401,1,0.3333333333,0,,,,0,,0,[],[],[],[],[],0,0,0,0,0,0,0,0,0,0,0,0,0,0,0,0,0,0,,,,0,,0,0,,,0,0,,,0,0,No_Change,stable,stable,stable,stable,stable,False,False,False,False,False,False,0,42,False,0,0,77351.81,1.018388761,-76.35,-0.0010051993,1439.6,0.0189533052,151947.1366666667,5993.7866666667,0.0410664549,17981.36,0,-5993.7866666667,normal,False,,No driver activity this period.,0 transactions
ACC-0047,14,SMB,Energy,Annual,0.0823,stable,14.055,-0.015771,0.092837,0.015877,2,1,0,529.3,0,13,529.3,15.6871,0.076874,0.024717,1,0.0823,0,0,0,increase,-1.6321,-0.1040408998,0.015963,-0.00884,1,1,0,,,,0,,0,[],[],[],[],[],0,0,0,0,0,0,0,0,0,0,0,0,0,0,0,0,0,0,,,,0,,0,0,,,0,0,,,0,0,No_Change,stable,positive,stable,stable,stable,False,True,False,False,False,False,0,43,False,0,0,2002.74,0.0263674232,587.34,0.0077327273,61515.89,0.8098981912,569.6133333333,-40.3133333333,-0.0619976214,0,-120.94,40.3133333333,normal,False,,No driver activity this period.,0 transactions
ACC-0049,14,SMB,Manufacturing,Monthly,0.0557,stable,18.0191,0.125091,0.112861,0.011192,4,-0.2,0,996.63,996.63,13,996.63,13.3869,0.110666,0.024289,5,0.0557,0,0,0,increase,4.6322,0.3460248452,0.002195,-0.013097,-1,-0.2,0,,,,0,,0,[],[],[],[],[],0,0,0,0,0,0,0,0,0,0,0,0,0,0,0,0,0,0,,,,0,,0,0,,,0,0,,,0,0,No_Change,positive,stable,positive,stable,stable,True,False,False,False,False,False,0,44,False,0,0,2002.74,0.0263674232,0,0,12999.6,0.1711485037,996.63,-143.6066666667,-0.1006036405,0,-430.82,143.6066666667,normal,False,,No driver activity this period.,0 transactions
ACC-0050,14,SMB,Real Estate,Monthly,0.0055,decline,19.4089,0.087033,0.075577,0.015265,1,0,0,1870.84,0,13,2163.36,17.2467,0.076448,0.010764,1,0.0055,-292.52,-0.1352155906,292.52,decrease,2.1622,0.1253689112,-0.000871,0.004501,0,0,0,CR-2026-02-005,2026-02-11T10:00:00,Contraction,-292.52,Contract_Downgrade,1,"[""CR-2026-02-005""]","[""2026-02-11T10:00:00""]","[""Contraction""]",[-292.52],"[""Contract_Downgrade""]",-292.52,0,0,-292.52,0,0,-292.52,0,0,0,0,0,0,1,0,0,0,0,CR-2026-02-005,2026-02-11T10:00:00,Contraction,-292.52,Contract_Downgrade,0,-292.52,Contraction,Contract_Downgrade,-292.52,1,,,0,0,Contraction,positive,stable,stable,stable,stable,True,False,False,False,False,False,0.131107798,12,False,-292.52,-0.0038512231,2002.74,0.0263674232,-110.4,-0.0014534905,12999.6,0.1711485037,1863.0266666667,195.3533333333,0.114090675,314.94,0,-487.8733333333,unusual_decrease,False,,Contraction -292.5200,1 transactions; largest CR-2026-02-005 -292.5200 (Contract_Downgrade)
ACC-0051,14,SMB,Technology,Monthly,0.1457,growth,21.9406,0.147825,0.05909,0.023602,1,inf,0,2373.93,2373.93,13,2319.61,19.5021,0.061515,0.019285,0,0.1457,54.32,0.0234177297,54.32,increase,2.4385,0.1250378164,-0.002425,0.004317,1,inf,0,INV-2026-02-011,2026-02-17T10:00:00,Usage_Overage,54.32,Usage_Above_Commit,1,"[""INV-2026-02-011""]","[""2026-02-17T10:00:00""]","[""Usage_Overage""]",[54.32],"[""Usage_Above_Commit""]",54.32,0,54.32,0,0,0,0,0,0,0,54.32,0,0,0,0,0,0,1,INV-2026-02-011,2026-02-17T10:00:00,Usage_Overage,54.32,Usage_Above_Commit,54.32,0,Usage_Overage,Usage_Above_Commit,54.32,1,,,0,0,Usage_Overage,positive,stable,stable,stable,stable,True,False,False,False,False,False,0.0227478499,17,False,54.32,0.0007151594,2002.74,0.0263674232,61885.51,0.8147644878,12999.6,0.1711485037,1948.4433333333,228.65,0.1280476941,427.55,0,-174.33,normal,False,,Usage_Overage +54.3200,1 transactions; largest INV-2026-02-011 +54.3200 (Usage_Above_Commit)
ACC-0052,14,SMB,Technology,Monthly,0.0089,stable,17.5426,0.020638,0.05,0.02,0,,0,1443.82,1443.82,,,,,,,0.0089,0,0,0,increase,,,,,,,,INV-2026-02-012,2026-02-14T10:00:00,New_ARR,1443.82,New_Logo_Signed,1,"[""INV-2026-02-012""]","[""2026-02-14T10:00:00""]","[""New_ARR""]",[1443.82],"[""New_Logo_Signed""]",1443.82,0,1443.82,0,1443.82,0,0,0,0,0,0,1,0,0,0,0,0,0,INV-2026-02-012,2026-02-14T10:00:00,New_ARR,1443.82,New_Logo_Signed,1443.82,0,New_ARR,New_Logo_Signed,1443.82,1,,,0,0,New_ARR,positive,unknown,unknown,unknown,stable,True,False,False,False,False,False,0,45,False,0,0,2002.74,0.0263674232,61885.51,0.8147644878,12999.6,0.1711485037,,,,,,,insufficient_history,False,,"New_ARR +1,443.8200","1 transactions; largest INV-2026-02-012 +1,443.8200 (New_Logo_Signed)"
ACC-0053,14,Mid-Market,Manufacturing,Monthly,0.014,stable,80.9827,0.114524,0.066072,0.020838,1,inf,0,14560.02,19136.92,13,14560.02,82.0019,0.060248,0.076185,0,0.014,0,0,0,increase,-1.0192,-0.0124289803,0.005824,-0.055347,1,inf,0,,,,0,,0,[],[],[],[],[],0,0,0,0,0,0,0,0,0,0,0,0,0,0,0,0,0,0,,,,0,,0,0,,,0,0,,,0,0,No_Change,positive,stable,positive,stable,stable,True,False,False,False,False,False,0,46,False,0,0,-3399.46,-0.0447561842,0,0,12999.6,0.1711485037,13304.1266666667,1255.8933333333,0.1163689555,3767.68,0,-1255.8933333333,normal,False,,No driver activity this period.,0 transactions
ACC-0054,14,Mid-Market,Logistics,Annual,0.1334,stable,123.5793,0.139929,0.066275,0.019658,2,1,0,13908.09,15404.05,13,13908.09,123.7395,0.050009,0.016612,1,0.1334,0,0,0,increase,-0.1602,-0.0012946553,0.016266,0.003046,1,1,0,,,,0,,0,[],[],[],[],[],0,0,0,0,0,0,0,0,0,0,0,0,0,0,0,0,0,0,,,,0,,0,0,,,0,0,,,0,0,No_Change,positive,positive,stable,stable,stable,True,True,False,False,False,False,0,47,False,0,0,-3399.46,-0.0447561842,13403.47,0.1764657247,61515.89,0.8098981912,13010.43,897.66,0.0800402314,2692.98,0,-897.66,normal,False,,No driver activity this period.,0 transactions
ACC-0055,14,SMB,Education,Annual,0.0758,growth,28.2259,0.048628,0.122315,0.012386,1,0,0,1273.25,1273.25,13,962.09,26.6814,0.10945,0.02466,1,0.0758,311.16,0.3234208858,311.16,increase,1.5445,0.0578867676,0.012865,-0.012274,0,0,0,INV-2026-02-013,2026-02-12T10:00:00,Expansion,279.34,Plan_Upgrade,2,"[""INV-2026-02-013"", ""INV-2026-02-014""]","[""2026-02-12T10:00:00"", ""2026-02-17T10:00:00""]","[""Expansion"", ""Usage_Overage""]","[279.34, 31.82]","[""Plan_Upgrade"", ""Usage_Above_Commit""]",311.16,0,311.16,0,0,279.34,0,0,0,0,31.82,0,0.8977374984,0,0,0,0,0.1022625016,INV-2026-02-013,2026-02-12T10:00:00,Expansion,279.34,Plan_Upgrade,279.34,0,Expansion,Plan_Upgrade,279.34,0.8977374984,Usage_Overage,Usage_Above_Commit,31.82,0.1022625016,Expansion,positive,positive,positive,stable,stable,True,True,False,False,False,False,0.309184666,4,True,311.16,0.0040966313,2002.74,0.0263674232,150.32,0.0019790642,61515.89,0.8098981912,962.09,0,0,0,0,311.16,normal,False,,Expansion +279.3400; Usage_Overage +31.8200,2 transactions; largest INV-2026-02-013 +279.3400 (Plan_Upgrade)
ACC-0056,14,Enterprise,Logistics,Monthly,0.086,growth,532.0866,-0.000441,0.056562,0.081326,2,1,0,85582.21,102542.92,13,70247.95,512.5272,0.040764,0.023481,1,0.086,15334.26,0.2182876511,15334.26,increase,19.5594,0.0381626575,0.015798,0.057845,1,1,0,INV-2026-02-015,2026-02-14T10:00:00,Expansion,15334.26,Plan_Upgrade,1,"[""INV-2026-02-015""]","[""2026-02-14T10:00:00""]","[""Expansion""]",[15334.26],"[""Plan_Upgrade""]",15334.26,0,15334.26,0,0,15334.26,0,0,0,0,0,0,1,0,0,0,0,0,INV-2026-02-015,2026-02-14T10:00:00,Expansion,15334.26,Plan_Upgrade,15334.26,0,Expansion,Plan_Upgrade,15334.26,1,,,0,0,Expansion,stable,positive,negative,stable,stable,False,True,True,False,False,False,0.3803851181,2,True,15334.26,0.2018858776,77351.81,1.018388761,13403.47,0.1764657247,12999.6,0.1711485037,64341.0033333333,2953.4733333333,0.0481119428,8860.42,0,12380.7866666667,unusual_increase,False,,"Expansion +15,334.2600","1 transactions; largest INV-2026-02-015 +15,334.2600 (Plan_Upgrade)"
ACC-0057,14,SMB,Media,Annual,0.192,stable,18.3477,0.082633,0.088648,0.022284,4,-0.3333333333,0,958.32,862.49,13,958.32,16.2656,0.083999,0.024616,6,0.192,0,0,0,increase,2.0821,0.1280063447,0.004649,-0.002332,-2,-0.3333333333,0,,,,0,,0,[],[],[],[],[],0,0,0,0,0,0,0,0,0,0,0,0,0,0,0,0,0,0,,,,0,,0,0,,,0,0,,,0,0,No_Change,positive,stable,stable,positive,stable,True,False,False,False,False,False,0,48,False,0,0,2002.74,0.0263674232,0,0,61515.89,0.8098981912,958.32,0,0,0,0,0,normal,False,,No driver activity this period.,0 transactions
ACC-0058,14,Mid-Market,Energy,Monthly,0.1904,stable,59.9883,0.048415,0.068587,0.020787,2,1,0,5308.01,5573.47,13,5308.01,55.7229,0.059397,0.02109,1,0.1904,0,0,0,increase,4.2654,0.0765466263,0.00919,-0.000303,1,1,0,,,,0,,0,[],[],[],[],[],0,0,0,0,0,0,0,0,0,0,0,0,0,0,0,0,0,0,,,,0,,0,0,,,0,0,,,0,0,No_Change,positive,stable,stable,stable,stable,True,False,False,False,False,False,0,49,False,0,0,-3399.46,-0.0447561842,587.34,0.0077327273,12999.6,0.1711485037,5308.01,0,0,0,0,0,normal,False,,No driver activity this period.,0 transactions
ACC-0060,14,Mid-Market,Education,Monthly,0.0488,decline,110.0405,-0.002403,0.141436,0.016941,4,3,0,6290.55,6290.55,13,8056.54,112.0343,0.1435,0.015063,1,0.0488,-1765.99,-0.2191995571,1765.99,decrease,-1.9938,-0.0177963356,-0.002064,0.001878,3,3,0,CR-2026-02-006,2026-02-21T10:00:00,Contraction,-1455.06,Contract_Downgrade,2,"[""CR-2026-02-006"", ""CR-2026-02-007""]","[""2026-02-21T10:00:00"", ""2026-03-03T10:00:00""]","[""Contraction"", ""Refund""]","[-1455.06, -310.93]","[""Contract_Downgrade"", ""Billing_Adjustment""]",-1765.99,0,0,-1765.99,0,0,-1455.06,0,0,-310.93,0,0,0,0.8239344504,0,0,0.1760655496,0,CR-2026-02-006,2026-02-21T10:00:00,Contraction,-1455.06,Contract_Downgrade,0,-1455.06,Contraction,Contract_Downgrade,-1455.06,0.8239344504,Refund,Billing_Adjustment,-310.93,0.1760655496,Contraction,stable,stable,stable,negative,stable,False,False,False,True,False,False,0.2272060064,5,True,-1765.99,-0.0232504497,-3399.46,-0.0447561842,150.32,0.0019790642,12999.6,0.1711485037,9674.8733333333,-809.1666666667,-0.0771808069,0,-2427.5,-956.8233333333,normal,False,,"Contraction -1,455.0600; Refund -310.9300","2 transactions; largest CR-2026-02-006 -1,455.0600 (Contract_Downgrade)"
ACC-0061,14,SMB,Real Estate,Monthly,0.1115,stable,15.2482,0.052962,0.056207,0.016672,1,-0.5,0,711.24,711.24,13,711.24,14.6615,0.057752,0.01041,2,0.1115,0,0,0,increase,0.5867,0.0400163694,-0.001545,0.006262,-1,-0.5,0,,,,0,,0,[],[],[],[],[],0,0,0,0,0,0,0,0,0,0,0,0,0,0,0,0,0,0,,,,0,,0,0,,,0,0,,,0,0,No_Change,positive,stable,stable,stable,stable,True,False,False,False,False,False,0,50,False,0,0,2002.74,0.0263674232,-110.4,-0.0014534905,12999.6,0.1711485037,711.24,0,0,0,0,0,normal,False,,No driver activity this period.,0 transactions
ACC-0063,14,Mid-Market,Retail,Annual,0.0949,stable,107.0509,-0.017063,0.077689,0.020802,2,1,0,15705.15,15705.15,13,15705.15,107.2923,0.073803,0.012489,1,0.0949,0,0,0,increase,-0.2414,-0.0022499285,0.003886,0.008313,1,1,0,,,,0,,0,[],[],[],[],[],0,0,0,0,0,0,0,0,0,0,0,0,0,0,0,0,0,0,,,,0,,0,0,,,0,0,,,0,0,No_Change,stable,stable,stable,stable,stable,False,False,False,False,False,False,0,51,False,0,0,-3399.46,-0.0447561842,-76.35,-0.0010051993,61515.89,0.8098981912,14802.8633333333,902.2866666667,0.0694157975,2706.86,0,-902.2866666667,normal,False,,No driver activity this period.,0 transactions
ACC-0065,14,SMB,Energy,Multi-Year,0.0161,decline,21.6837,-0.020707,0.088645,0.017104,1,-0.5,0,981.23,981.23,13,1167.23,19.7627,0.080838,0.017132,2,0.0161,-186,-0.1593516274,186,decrease,1.921,0.0972033174,0.007807,-0.000028,-1,-0.5,0,CR-2026-02-008,2026-02-05T10:00:00,Contraction,-186,Contract_Downgrade,1,"[""CR-2026-02-008""]","[""2026-02-05T10:00:00""]","[""Contraction""]",[-186.0],"[""Contract_Downgrade""]",-186,0,0,-186,0,0,-186,0,0,0,0,0,0,1,0,0,0,0,CR-2026-02-008,2026-02-05T10:00:00,Contraction,-186,Contract_Downgrade,0,-186,Contraction,Contract_Downgrade,-186,1,,,0,0,Contraction,negative,stable,stable,stable,stable,True,False,False,False,False,False,0.1527084704,10,False,-186,-0.0024488155,2002.74,0.0263674232,587.34,0.0077327273,1439.6,0.0189533052,1167.23,-91.5233333333,-0.0634785222,0,-274.57,-94.4766666667,normal,False,,Contraction -186.0000,1 transactions; largest CR-2026-02-008 -186.0000 (Contract_Downgrade)
ACC-0067,14,SMB,Technology,Multi-Year,0.0039,stable,6.0616,0.039877,0.044553,0.017984,0,,0,312.97,312.97,13,312.97,2.3031,0.05,0.02,0,0.0039,0,0,0,increase,3.7585,1.6319308758,-0.005447,-0.002016,0,,0,,,,0,,0,[],[],[],[],[],0,0,0,0,0,0,0,0,0,0,0,0,0,0,0,0,0,0,,,,0,,0,0,,,0,0,,,0,0,No_Change,positive,stable,stable,stable,stable,True,False,False,False,False,False,0,52,False,0,0,2002.74,0.0263674232,61885.51,0.8147644878,1439.6,0.0189533052,,,,,,,insufficient_history,False,,No driver activity this period.,0 transactions
ACC-0068,14,SMB,Education,Multi-Year,0.1907,stable,13.0436,0.097208,0.05,0.02,0,,0,1944.53,2285.07,,,,,,,0.1907,0,0,0,increase,,,,,,,,INV-2026-02-016,2026-02-02T10:00:00,New_ARR,1944.53,New_Logo_Signed,1,"[""INV-2026-02-016""]","[""2026-02-02T10:00:00""]","[""New_ARR""]",[1944.53],"[""New_Logo_Signed""]",1944.53,0,1944.53,0,1944.53,0,0,0,0,0,0,1,0,0,0,0,0,0,INV-2026-02-016,2026-02-02T10:00:00,New_ARR,1944.53,New_Logo_Signed,1944.53,0,New_ARR,New_Logo_Signed,1944.53,1,,,0,0,New_ARR,positive,unknown,unknown,unknown,stable,True,False,False,False,False,False,0,53,False,0,0,2002.74,0.0263674232,150.32,0.0019790642,1439.6,0.0189533052,,,,,,,insufficient_history,False,,"New_ARR +1,944.5300","1 transactions; largest INV-2026-02-016 +1,944.5300 (New_Logo_Signed)"
ACC-0069,14,Mid-Market,Logistics,Monthly,0.0058,decline,133.8634,0.049737,0.064814,0.012946,1,0,1,9621.48,9621.48,13,11552.27,134.8009,0.051372,0.021,1,0.0058,-1930.79,-0.1671351172,1930.79,decrease,-0.9375,-0.0069547013,0.013442,-0.008054,0,0,0,CR-2026-02-009,2026-02-06T10:00:00,Contraction,-1930.79,Seat_Reduction,1,"[""CR-2026-02-009""]","[""2026-02-06T10:00:00""]","[""Contraction""]",[-1930.79],"[""Seat_Reduction""]",-1930.79,0,0,-1930.79,0,0,-1930.79,0,0,0,0,0,0,1,0,0,0,0,CR-2026-02-009,2026-02-06T10:00:00,Contraction,-1930.79,Seat_Reduction,0,-1930.79,Contraction,Seat_Reduction,-1930.79,1,,,0,0,Contraction,positive,positive,stable,stable,negative,True,True,False,False,True,False,0.1798729789,8,False,-1930.79,-0.0254201529,-3399.46,-0.0447561842,13403.47,0.1764657247,12999.6,0.1711485037,11552.27,0,0,0,0,-1930.79,normal,False,,"Contraction -1,930.7900","1 transactions; largest CR-2026-02-009 -1,930.7900 (Seat_Reduction)"
ACC-0070,14,Enterprise,Technology,Annual,0.1814,growth,667.2973,0.131789,0.129547,0.013155,3,-0.4,0,263958.16,313341.07,13,206704.7,644.7697,0.128795,0.01187,5,0.1814,57253.46,0.2769818974,57253.46,increase,22.5276,0.0349389867,0.000752,0.001285,-2,-0.4,0,INV-2026-02-017,2026-02-18T10:00:00,Expansion,57253.46,Seat_Add,1,"[""INV-2026-02-017""]","[""2026-02-18T10:00:00""]","[""Expansion""]",[57253.46],"[""Seat_Add""]",57253.46,0,57253.46,0,0,57253.46,0,0,0,0,0,0,1,0,0,0,0,0,INV-2026-02-017,2026-02-18T10:00:00,Expansion,57253.46,Seat_Add,57253.46,0,Expansion,Seat_Add,57253.46,1,,,0,0,Expansion,positive,stable,stable,positive,stable,True,False,False,False,False,False,0.9117644401,1,True,57253.46,0.7537804247,77351.81,1.018388761,61885.51,0.8147644878,61515.89,0.8098981912,180169.0366666667,9744.2833333333,0.067701203,50374.14,-21141.29,47509.1766666666,unusual_increase,False,,"Expansion +57,253.4600","1 transactions; largest INV-2026-02-017 +57,253.4600 (Seat_Add)"
ACC-0001,15,Enterprise,Technology,Annual,0.049,stable,409.7224,0.043267,0.15194,0.018371,2,-0.3333333333,0,93514.44,93514.44,14,93514.44,406.0444,0.133466,0.082166,3,0.049,0,0,0,increase,3.678,0.0090581227,0.018474,-0.063795,-1,-0.3333333333,0,,,,0,,0,[],[],[],[],[],0,0,0,0,0,0,0,0,0,0,0,0,0,0,0,0,0,0,,,,0,,0,0,,,0,0,,,0,0,No_Change,positive,positive,positive,stable,stable,True,True,False,False,False,False,0,20,False,0,0,66343.62,0.6883939216,49267,0.5112036898,76592.79,0.7947412438,87449.1266666667,4477.2833333333,0.0539716454,8667.76,0,-4477.2833333333,normal,False,,No driver activity this period.,0 transactions
ACC-0002,15,Enterprise,Healthcare,Annual,0.0064,stable,556.8231,-0.058299,0.202341,0.021636,1,-0.5,0,63677.69,63677.69,14,63677.69,552.4487,0.189986,0.024669,2,0.0064,0,0,0,increase,4.3744,0.0079182013,0.012355,-0.003033,-1,-0.5,0,,,,0,,0,[],[],[],[],[],0,0,0,0,0,0,0,0,0,0,0,0,0,0,0,0,0,0,,,,0,,0,0,,,0,0,,,0,0,No_Change,negative,positive,stable,stable,stable,True,True,False,False,False,False,0,21,False,0,0,66343.62,0.6883939216,1254.33,0.0130151648,76592.79,0.7947412438,63677.69,0,0,0,0,0,normal,False,,No driver activity this period.,0 transactions
ACC-0003,15,Mid-Market,Real Estate,Monthly,0.13,decline,49.1531,-0.035874,0.100851,0.086436,2,0,0,5128.35,5128.35,14,5934.37,47.4982,0.090046,0.011623,2,0.13,-806.02,-0.1358223367,806.02,decrease,1.6549,0.0348413203,0.010805,0.074813,0,0,0,CR-2026-03-001,2026-03-13T10:00:00,Contraction,-806.02,Contract_Downgrade,1,"[""CR-2026-03-001""]","[""2026-03-13T10:00:00""]","[""Contraction""]",[-806.02],"[""Contract_Downgrade""]",-806.02,0,0,-806.02,0,0,-806.02,0,0,0,0,0,0,1,0,0,0,0,CR-2026-03-001,2026-03-13T10:00:00,Contraction,-806.02,Contract_Downgrade,0,-806.02,Contraction,Contract_Downgrade,-806.02,1,,,0,0,Contraction,negative,positive,negative,stable,stable,True,True,True,False,False,False,0.0581470144,13,False,-806.02,-0.0083634156,33966.45,0.3524422954,-2800.04,-0.0290537435,19441.17,0.2017252489,5459.85,237.26,0.0454295666,711.78,0,-1043.28,unusual_decrease,False,,Contraction -806.0200,1 transactions; largest CR-2026-03-001 -806.0200 (Contract_Downgrade)
ACC-0004,15,SMB,Fintech,Annual,0.0319,decline,42.7881,0.104718,0.100364,0.022253,2,1,0,4032.55,4032.55,14,4951.93,43.6895,0.098908,0.01351,1,0.0319,-919.38,-0.1856609443,919.38,decrease,-0.9014,-0.0206319596,0.001456,0.008743,1,1,0,CR-2026-03-002,2026-03-27T10:00:00,Contraction,-919.38,Seat_Reduction,1,"[""CR-2026-03-002""]","[""2026-03-27T10:00:00""]","[""Contraction""]",[-919.38],"[""Seat_Reduction""]",-919.38,0,0,-919.38,0,0,-919.38,0,0,0,0,0,0,1,0,0,0,0,CR-2026-03-002,2026-03-27T10:00:00,Contraction,-919.38,Seat_Reduction,0,-919.38,Contraction,Seat_Reduction,-919.38,1,,,0,0,Contraction,positive,stable,stable,stable,stable,True,False,False,False,False,False,0.0770826222,11,False,-919.38,-0.0095396604,-3935.57,-0.040836217,-919.38,-0.0095396604,76592.79,0.7947412438,4951.93,0,0,0,0,-919.38,normal,False,,Contraction -919.3800,1 transactions; largest CR-2026-03-002 -919.3800 (Seat_Reduction)
ACC-0005,15,SMB,Energy,Monthly,0.076,growth,40.6241,0.03085,0.132188,0.017783,1,-0.5,0,3111.15,3111.15,14,2861.49,40.2819,0.114146,0.018817,2,0.076,249.66,0.0872482518,249.66,increase,0.3422,0.0084951306,0.018042,-0.001034,-1,-0.5,0,INV-2026-03-001,2026-03-06T10:00:00,Expansion,249.66,Seat_Add,1,"[""INV-2026-03-001""]","[""2026-03-06T10:00:00""]","[""Expansion""]",[249.66],"[""Seat_Add""]",249.66,0,249.66,0,0,249.66,0,0,0,0,0,0,1,0,0,0,0,0,INV-2026-03-001,2026-03-06T10:00:00,Expansion,249.66,Seat_Add,249.66,0,Expansion,Seat_Add,249.66,1,,,0,0,Expansion,positive,positive,stable,stable,stable,True,True,False,False,False,False,0.033823025,16,False,249.66,0.0025905193,-3935.57,-0.040836217,-2586.65,-0.0268395686,19441.17,0.2017252489,2345.93,257.78,0.1234489859,773.34,0,-8.12,normal,False,,Expansion +249.6600,1 transactions; largest INV-2026-03-001 +249.6600 (Seat_Add)
ACC-0006,15,Mid-Market,Media,Annual,0.1946,growth,488.0031,0.026793,0.094678,0.017135,1,0,0,117523.42,117523.42,14,91727.04,469.0852,0.09994,0.078385,1,0.1946,25796.38,0.2812298315,25796.38,increase,18.9179,0.0403293474,-0.005262,-0.06125,0,0,0,INV-2026-03-002,2026-03-05T10:00:00,Expansion,25796.38,Seat_Add,1,"[""INV-2026-03-002""]","[""2026-03-05T10:00:00""]","[""Expansion""]",[25796.38],"[""Seat_Add""]",25796.38,0,25796.38,0,0,25796.38,0,0,0,0,0,0,1,0,0,0,0,0,INV-2026-03-002,2026-03-05T10:00:00,Expansion,25796.38,Seat_Add,25796.38,0,Expansion,Seat_Add,25796.38,1,,,0,0,Expansion,positive,stable,positive,stable,stable,True,False,False,False,False,False,0.4379739592,2,True,25796.38,0.2676681072,33966.45,0.3524422954,28338.32,0.2940437564,76592.79,0.7947412438,91727.04,0,0,0,0,25796.38,normal,False,,"Expansion +25,796.3800","1 transactions; largest INV-2026-03-002 +25,796.3800 (Seat_Add)"
ACC-0007,15,Mid-Market,Technology,Multi-Year,0.0723,stable,137.1085,-0.035364,0.123511,0.021633,2,0,0,26806.65,26806.65,14,26806.65,134.8777,0.127375,0.01023,2,0.0723,0,0,0,increase,2.2308,0.0165394279,-0.003864,0.011403,0,0,0,,,,0,,0,[],[],[],[],[],0,0,0,0,0,0,0,0,0,0,0,0,0,0,0,0,0,0,,,,0,,0,0,,,0,0,,,0,0,No_Change,negative,stable,negative,stable,stable,True,False,True,False,False,False,0,22,False,0,0,33966.45,0.3524422954,49267,0.5112036898,340.54,0.0035335073,26806.65,-938.7366666667,-0.0316896028,0,-2816.21,938.7366666667,normal,False,,No driver activity this period.,0 transactions
ACC-0009,15,SMB,Energy,Monthly,0.0711,decline,78.2939,0.003595,0.122174,0.023806,6,2,0,12147.28,12147.28,14,14719.75,78.5094,0.120149,0.016137,2,0.0711,-2572.47,-0.1747631583,2572.47,decrease,-0.2155,-0.0027448942,0.002025,0.007669,4,2,0,CR-2026-03-003,2026-03-22T10:00:00,Contraction,-1981.66,Seat_Reduction,2,"[""CR-2026-03-003"", ""CR-2026-03-004""]","[""2026-03-22T10:00:00"", ""2026-04-01T10:00:00""]","[""Contraction"", ""Refund""]","[-1981.66, -590.81]","[""Seat_Reduction"", ""Billing_Adjustment""]",-2572.47,0,0,-2572.47,0,0,-1981.66,0,0,-590.81,0,0,0,0.7703335705,0,0,0.2296664295,0,CR-2026-03-003,2026-03-22T10:00:00,Contraction,-1981.66,Seat_Reduction,0,-1981.66,Contraction,Seat_Reduction,-1981.66,0.7703335705,Refund,Billing_Adjustment,-590.81,0.2296664295,Contraction,stable,stable,stable,negative,stable,False,False,False,True,False,False,0.0950271088,9,False,-2572.47,-0.0266924342,-3935.57,-0.040836217,-2586.65,-0.0268395686,19441.17,0.2017252489,14719.75,0,0,0,0,-2572.47,normal,False,,"Contraction -1,981.6600; Refund -590.8100","2 transactions; largest CR-2026-03-003 -1,981.6600 (Seat_Reduction)"
ACC-0010,15,SMB,Healthcare,Annual,0.0342,growth,50.9267,0.071841,0.157258,0.017321,1,0,0,5603.91,5603.91,14,4349.58,46.2894,0.146417,0.017342,1,0.0342,1254.33,0.2883795677,1254.33,increase,4.6373,0.1001806029,0.010841,-0.000021,0,0,0,INV-2026-03-003,2026-03-10T10:00:00,Expansion,1254.33,Seat_Add,1,"[""INV-2026-03-003""]","[""2026-03-10T10:00:00""]","[""Expansion""]",[1254.33],"[""Seat_Add""]",1254.33,0,1254.33,0,0,1254.33,0,0,0,0,0,0,1,0,0,0,0,0,INV-2026-03-003,2026-03-10T10:00:00,Expansion,1254.33,Seat_Add,1254.33,0,Expansion,Seat_Add,1254.33,1,,,0,0,Expansion,positive,positive,stable,stable,stable,True,True,False,False,False,False,0.1174429025,8,False,1254.33,0.0130151648,-3935.57,-0.040836217,1254.33,0.0130151648,76592.79,0.7947412438,4349.58,0,0,0,0,1254.33,normal,False,,"Expansion +1,254.3300","1 transactions; largest INV-2026-03-003 +1,254.3300 (Seat_Add)"
ACC-0013,15,Mid-Market,Media,Monthly,0.0279,growth,68.7872,0.112554,0.119272,0.019212,2,0,0,12983.42,12983.42,14,10345.65,62.5525,0.121023,0.01076,2,0.0279,2637.77,0.2549641637,2637.77,increase,6.2347,0.099671476,-0.001751,0.008452,0,0,0,INV-2026-03-004,2026-03-15T10:00:00,Expansion,2637.77,Seat_Add,1,"[""INV-2026-03-004""]","[""2026-03-15T10:00:00""]","[""Expansion""]",[2637.77],"[""Seat_Add""]",2637.77,0,2637.77,0,0,2637.77,0,0,0,0,0,0,1,0,0,0,0,0,INV-2026-03-004,2026-03-15T10:00:00,Expansion,2637.77,Seat_Add,2637.77,0,Expansion,Seat_Add,2637.77,1,,,0,0,Expansion,positive,stable,stable,stable,stable,True,False,False,False,False,False,0.1239569686,7,False,2637.77,0.0273699993,33966.45,0.3524422954,28338.32,0.2940437564,19441.17,0.2017252489,10685.16,-199.7533333333,-0.0171063493,419.27,-1018.53,2837.5233333333,normal,False,,"Expansion +2,637.7700","1 transactions; largest INV-2026-03-004 +2,637.7700 (Seat_Add)"
ACC-0014,15,SMB,Education,Multi-Year,0.0799,stable,69.9438,-0.041724,0.098031,0.083814,2,0,0,9879.22,9879.22,14,9879.22,68.306,0.080516,0.023662,2,0.0799,0,0,0,increase,1.6378,0.0239773958,0.017515,0.060152,0,0,0,,,,0,,0,[],[],[],[],[],0,0,0,0,0,0,0,0,0,0,0,0,0,0,0,0,0,0,,,,0,,0,0,,,0,0,,,0,0,No_Change,negative,positive,negative,stable,stable,True,True,True,False,False,False,0,23,False,0,0,-3935.57,-0.040836217,787.35,0.0081696922,340.54,0.0035335073,8888.72,495.25,0.0590042021,1485.75,0,-495.25,normal,False,,No driver activity this period.,0 transactions
ACC-0016,15,SMB,Education,Annual,0.0936,growth,20.3296,-0.058046,0.191301,0.011766,1,-0.5,0,2614.79,2614.79,14,2167.98,20.7471,0.176381,0.012297,2,0.0936,446.81,0.2060950747,446.81,increase,-0.4175,-0.0201232943,0.01492,-0.000531,-1,-0.5,0,INV-2026-03-005,2026-03-22T10:00:00,Expansion,446.81,Plan_Upgrade,1,"[""INV-2026-03-005""]","[""2026-03-22T10:00:00""]","[""Expansion""]",[446.81],"[""Plan_Upgrade""]",446.81,0,446.81,0,0,446.81,0,0,0,0,0,0,1,0,0,0,0,0,INV-2026-03-005,2026-03-22T10:00:00,Expansion,446.81,Plan_Upgrade,446.81,0,Expansion,Plan_Upgrade,446.81,1,,,0,0,Expansion,negative,positive,stable,stable,stable,True,True,False,False,False,False,0.0780143897,10,False,446.81,0.0046361849,-3935.57,-0.040836217,787.35,0.0081696922,76592.79,0.7947412438,2088.38,39.8,0.0194280917,119.4,0,407.01,unusual_increase,False,,Expansion +446.8100,1 transactions; largest INV-2026-03-005 +446.8100 (Plan_Upgrade)
ACC-0017,15,Mid-Market,Healthcare,Annual,0.1074,stable,29.2787,0.142531,0.112377,0.020823,1,-0.5,0,989.64,989.64,14,989.64,30.9583,0.117452,0.010033,2,0.1074,0,0,0,increase,-1.6796,-0.054253625,-0.005075,0.01079,-1,-0.5,0,,,,0,,0,[],[],[],[],[],0,0,0,0,0,0,0,0,0,0,0,0,0,0,0,0,0,0,,,,0,,0,0,,,0,0,,,0,0,No_Change,positive,stable,negative,stable,stable,True,False,True,False,False,False,0,24,False,0,0,33966.45,0.3524422954,1254.33,0.0130151648,76592.79,0.7947412438,989.64,0,0,0,0,0,normal,False,,No driver activity this period.,0 transactions
ACC-0018,15,SMB,Retail,Annual,0.1908,stable,26.8874,-0.058461,0.113297,0.020541,2,0,1,1627,2043.21,14,1627,22.8328,0.110571,0.024574,2,0.1908,0,0,0,increase,4.0546,0.1775778704,0.002726,-0.004033,0,0,0,,,,0,,0,[],[],[],[],[],0,0,0,0,0,0,0,0,0,0,0,0,0,0,0,0,0,0,,,,0,,0,0,,,0,0,,,0,0,No_Change,negative,stable,stable,stable,negative,True,False,False,False,True,False,0,25,False,0,0,-3935.57,-0.040836217,0,0,76592.79,0.7947412438,1677.9,-25.45,-0.0149411454,0,-76.35,25.45,normal,False,,No driver activity this period.,0 transactions
ACC-0019,15,Mid-Market,Real Estate,Annual,0.1741,stable,55.2905,0.145924,0.106887,0.012608,2,-0.3333333333,0,12171.62,13698.87,14,12171.62,51.483,0.091841,0.023769,3,0.1741,0,0,0,increase,3.8075,0.0739564516,0.015046,-0.011161,-1,-0.3333333333,0,,,,0,,0,[],[],[],[],[],0,0,0,0,0,0,0,0,0,0,0,0,0,0,0,0,0,0,,,,0,,0,0,,,0,0,,,0,0,No_Change,positive,positive,positive,stable,stable,True,True,False,False,False,False,0,26,False,0,0,33966.45,0.3524422954,-2800.04,-0.0290537435,76592.79,0.7947412438,12147.67,200.5033333333,0.0186884213,1131.17,-529.66,-200.5033333333,normal,False,,No driver activity this period.,0 transactions
ACC-0020,15,SMB,Energy,Annual,0.1079,stable,24.0678,0.06073,0.118557,0.024351,2,0,0,1138.23,1049.1,14,1138.23,25.5611,0.119729,0.024446,2,0.1079,0,0,0,increase,-1.4933,-0.0584208035,-0.001172,-0.000095,0,0,0,,,,0,,0,[],[],[],[],[],0,0,0,0,0,0,0,0,0,0,0,0,0,0,0,0,0,0,,,,0,,0,0,,,0,0,,,0,0,No_Change,positive,stable,stable,stable,stable,True,False,False,False,False,False,0,27,False,0,0,-3935.57,-0.040836217,-2586.65,-0.0268395686,76592.79,0.7947412438,1171.15,-154.6666666667,-0.1025987495,0,-365.24,154.6666666667,normal,False,,No driver activity this period.,0 transactions
ACC-0021,15,SMB,Real Estate,Multi-Year,0.0846,stable,17.479,-0.007154,0.072436,0.010807,2,0,0,1961.58,1961.58,14,1961.58,16.6997,0.07957,0.010347,2,0.0846,0,0,0,increase,0.7793,0.046665509,-0.007134,0.00046,0,0,0,,,,0,,0,[],[],[],[],[],0,0,0,0,0,0,0,0,0,0,0,0,0,0,0,0,0,0,,,,0,,0,0,,,0,0,,,0,0,No_Change,stable,stable,stable,stable,stable,False,False,False,False,False,False,0,28,False,0,0,-3935.57,-0.040836217,-2800.04,-0.0290537435,340.54,0.0035335073,1961.58,0,0,0,0,0,normal,False,,No driver activity this period.,0 transactions
ACC-0022,15,Mid-Market,Education,Multi-Year,0.13,stable,47.435,-0.031626,0.05,0.02,0,,0,8143.58,8143.58,,,,,,,0.13,0,0,0,increase,,,,,,,,INV-2026-03-006,2026-03-16T10:00:00,New_ARR,8143.58,New_Logo_Signed,1,"[""INV-2026-03-006""]","[""2026-03-16T10:00:00""]","[""New_ARR""]",[8143.58],"[""New_Logo_Signed""]",8143.58,0,8143.58,0,8143.58,0,0,0,0,0,0,1,0,0,0,0,0,0,INV-2026-03-006,2026-03-16T10:00:00,New_ARR,8143.58,New_Logo_Signed,8143.58,0,New_ARR,New_Logo_Signed,8143.58,1,,,0,0,New_ARR,negative,unknown,unknown,unknown,stable,True,False,False,False,False,False,0,29,False,0,0,33966.45,0.3524422954,787.35,0.0081696922,340.54,0.0035335073,,,,,,,insufficient_history,False,,"New_ARR +8,143.5800","1 transactions; largest INV-2026-03-006 +8,143.5800 (New_Logo_Signed)"
ACC-0024,15,SMB,Healthcare,Multi-Year,0.1719,stable,30.8968,0.014688,0.138082,0.023768,2,1,0,1040.28,1040.28,14,1040.28,31.2658,0.12375,0.018574,1,0.1719,0,0,0,increase,-0.369,-0.0118020329,0.014332,0.005194,1,1,0,,,,0,,0,[],[],[],[],[],0,0,0,0,0,0,0,0,0,0,0,0,0,0,0,0,0,0,,,,0,,0,0,,,0,0,,,0,0,No_Change,stable,positive,stable,stable,stable,False,True,False,False,False,False,0,30,False,0,0,-3935.57,-0.040836217,1254.33,0.0130151648,340.54,0.0035335073,1040.28,0,0,0,0,0,normal,False,,No driver activity this period.,0 transactions
ACC-0026,15,SMB,Healthcare,Annual,0.0709,stable,12.5968,-0.032375,0.058371,0.010391,0,,1,2200.44,2200.44,14,2200.44,10.3575,0.05,0.02,0,0.0709,0,0,0,increase,2.2393,0.2162008207,0.008371,-0.009609,0,,0,,,,0,,0,[],[],[],[],[],0,0,0,0,0,0,0,0,0,0,0,0,0,0,0,0,0,0,,,,0,,0,0,,,0,0,,,0,0,No_Change,negative,stable,stable,stable,negative,True,False,False,False,True,False,0,31,False,0,0,-3935.57,-0.040836217,1254.33,0.0130151648,76592.79,0.7947412438,,,,,,,insufficient_history,False,,No driver activity this period.,0 transactions
ACC-0027,15,Mid-Market,Healthcare,Monthly,0.1456,stable,58.7885,-0.027369,0.131814,0.017816,5,4,0,5282.53,4165.83,14,5282.53,57.5512,0.117389,0.021959,1,0.1456,0,0,0,increase,1.2373,0.0214991173,0.014425,-0.004143,4,4,0,,,,0,,0,[],[],[],[],[],0,0,0,0,0,0,0,0,0,0,0,0,0,0,0,0,0,0,,,,0,,0,0,,,0,0,,,0,0,No_Change,negative,positive,stable,negative,stable,True,True,False,True,False,False,0,32,False,0,0,33966.45,0.3524422954,1254.33,0.0130151648,19441.17,0.2017252489,5205.73,174.0133333333,0.0359185675,406.84,0,-174.0133333333,normal,False,,No driver activity this period.,0 transactions
ACC-0028,15,SMB,Education,Monthly,0.0925,stable,22.5683,-0.033635,0.104373,0.012058,2,0,1,2077.65,2077.65,14,2077.65,18.3741,0.094635,0.012314,2,0.0925,0,0,0,increase,4.1942,0.2282669627,0.009738,-0.000256,0,0,0,,,,0,,0,[],[],[],[],[],0,0,0,0,0,0,0,0,0,0,0,0,0,0,0,0,0,0,,,,0,,0,0,,,0,0,,,0,0,No_Change,negative,stable,stable,stable,negative,True,False,False,False,True,False,0,33,False,0,0,-3935.57,-0.040836217,787.35,0.0081696922,19441.17,0.2017252489,2077.65,0,0,0,0,0,normal,False,,No driver activity this period.,0 transactions
ACC-0029,15,SMB,Real Estate,Annual,0.1938,decline,18.6777,0.101675,0.072867,0.016609,2,-0.3333333333,0,1777.83,1777.83,14,1901.01,18.7236,0.081066,0.014146,3,0.1938,-123.18,-0.0647971342,123.18,decrease,-0.0459,-0.0024514516,-0.008199,0.002463,-1,-0.3333333333,0,CR-2026-03-005,2026-03-23T10:00:00,Contraction,-123.18,Contract_Downgrade,1,"[""CR-2026-03-005""]","[""2026-03-23T10:00:00""]","[""Contraction""]",[-123.18],"[""Contract_Downgrade""]",-123.18,0,0,-123.18,0,0,-123.18,0,0,0,0,0,0,1,0,0,0,0,CR-2026-03-005,2026-03-23T10:00:00,Contraction,-123.18,Contract_Downgrade,0,-123.18,Contraction,Contract_Downgrade,-123.18,1,,,0,0,Contraction,positive,stable,stable,stable,stable,True,False,False,False,False,False,0.0243003473,18,False,-123.18,-0.0012781389,-3935.57,-0.040836217,-2800.04,-0.0290537435,76592.79,0.7947412438,1901.01,106.1466666667,0.0670723359,318.44,0,-229.3266666667,unusual_decrease,False,,Contraction -123.1800,1 transactions; largest CR-2026-03-005 -123.1800 (Contract_Downgrade)
ACC-0032,15,SMB,Fintech,Annual,0.1084,stable,16.6611,-0.05294,0.099317,0.010186,4,-0.2,0,410.31,410.31,14,410.31,12.912,0.095744,0.024869,5,0.1084,0,0,0,increase,3.7491,0.2903578067,0.003573,-0.014683,-1,-0.2,0,,,,0,,0,[],[],[],[],[],0,0,0,0,0,0,0,0,0,0,0,0,0,0,0,0,0,0,,,,0,,0,0,,,0,0,,,0,0,No_Change,negative,stable,positive,stable,stable,True,False,False,False,False,False,0,34,False,0,0,-3935.57,-0.040836217,-919.38,-0.0095396604,76592.79,0.7947412438,410.31,0,0,0,0,0,normal,False,,No driver activity this period.,0 transactions
ACC-0033,15,Mid-Market,Real Estate,Monthly,0.1922,stable,42.596,0.132123,0.080648,0.017412,2,0,0,4274.57,3003.1,14,4274.57,41.1619,0.065964,0.018337,2,0.1922,0,0,0,increase,1.4341,0.0348404714,0.014684,-0.000925,0,0,0,,,,0,,0,[],[],[],[],[],0,0,0,0,0,0,0,0,0,0,0,0,0,0,0,0,0,0,,,,0,,0,0,,,0,0,,,0,0,No_Change,positive,positive,stable,stable,stable,True,True,False,False,False,False,0,35,False,0,0,33966.45,0.3524422954,-2800.04,-0.0290537435,19441.17,0.2017252489,4274.57,0,0,0,0,0,normal,False,,No driver activity this period.,0 transactions
ACC-0034,15,Mid-Market,Manufacturing,Monthly,0.1883,stable,135.3173,-0.029893,0.116978,0.080079,2,0,0,9668.63,9668.63,14,9668.63,130.8403,0.097643,0.01784,2,0.1883,0,0,0,increase,4.477,0.0342172863,0.019335,0.062239,0,0,0,,,,0,,0,[],[],[],[],[],0,0,0,0,0,0,0,0,0,0,0,0,0,0,0,0,0,0,,,,0,,0,0,,,0,0,,,0,0,No_Change,negative,positive,negative,stable,stable,True,True,True,False,False,False,0,36,False,0,0,33966.45,0.3524422954,4576.9,0.0474907782,19441.17,0.2017252489,9285.0833333333,383.5466666667,0.0450278372,1150.64,0,-383.5466666667,normal,False,,No driver activity this period.,0 transactions
ACC-0035,15,SMB,Technology,Annual,0.0633,decline,20.0598,0.049677,0.077161,0.02269,3,-0.5,0,1331.28,1331.28,14,1447.19,19.5796,0.061355,0.02402,6,0.0633,-115.91,-0.080093146,115.91,decrease,0.4802,0.0245255266,0.015806,-0.00133,-3,-0.5,0,CR-2026-03-006,2026-03-03T10:00:00,Contraction,-115.91,Seat_Reduction,1,"[""CR-2026-03-006""]","[""2026-03-03T10:00:00""]","[""Contraction""]",[-115.91],"[""Seat_Reduction""]",-115.91,0,0,-115.91,0,0,-115.91,0,0,0,0,0,0,1,0,0,0,0,CR-2026-03-006,2026-03-03T10:00:00,Contraction,-115.91,Seat_Reduction,0,-115.91,Contraction,Seat_Reduction,-115.91,1,,,0,0,Contraction,positive,positive,stable,positive,stable,True,True,False,False,False,False,0.0295582605,17,False,-115.91,-0.001202704,-3935.57,-0.040836217,49267,0.5112036898,76592.79,0.7947412438,1664.6633333333,-108.7366666667,-0.0613153641,0,-326.21,-7.1733333333,normal,False,,Contraction -115.9100,1 transactions; largest CR-2026-03-006 -115.9100 (Seat_Reduction)
ACC-0036,15,SMB,Education,Monthly,0.1291,stable,15.1603,0.120478,0.05,0.02,0,,0,2343.84,2509.43,,,,,,,0.1291,0,0,0,increase,,,,,,,,INV-2026-03-007,2026-03-08T10:00:00,New_ARR,2343.84,New_Logo_Signed,1,"[""INV-2026-03-007""]","[""2026-03-08T10:00:00""]","[""New_ARR""]",[2343.84],"[""New_Logo_Signed""]",2343.84,0,2343.84,0,2343.84,0,0,0,0,0,0,1,0,0,0,0,0,0,INV-2026-03-007,2026-03-08T10:00:00,New_ARR,2343.84,New_Logo_Signed,2343.84,0,New_ARR,New_Logo_Signed,2343.84,1,,,0,0,New_ARR,positive,unknown,unknown,unknown,stable,True,False,False,False,False,False,0,37,False,0,0,-3935.57,-0.040836217,787.35,0.0081696922,19441.17,0.2017252489,,,,,,,insufficient_history,False,,"New_ARR +2,343.8400","1 transactions; largest INV-2026-03-007 +2,343.8400 (New_Logo_Signed)"
ACC-0037,15,SMB,Technology,Multi-Year,0.1992,stable,29.0193,0.070697,0.114309,0.022023,2,-0.5,0,874.75,874.75,14,874.75,24.6711,0.100398,0.010087,4,0.1992,0,0,0,increase,4.3482,0.1762467016,0.013911,0.011936,-2,-0.5,0,,,,0,,0,[],[],[],[],[],0,0,0,0,0,0,0,0,0,0,0,0,0,0,0,0,0,0,,,,0,,0,0,,,0,0,,,0,0,No_Change,positive,positive,negative,positive,stable,True,True,True,False,False,False,0,38,False,0,0,-3935.57,-0.040836217,49267,0.5112036898,340.54,0.0035335073,781.5166666667,104.65,0.1669157859,174.1,0,-104.65,normal,False,,No driver activity this period.,0 transactions
ACC-0038,15,SMB,Energy,Multi-Year,0.1759,stable,5.0261,-0.035544,0.048343,0.014422,2,1,0,647.04,647.04,14,647.04,3.6307,0.057754,0.016951,1,0.1759,0,0,0,increase,1.3954,0.3843335996,-0.009411,-0.002529,1,1,0,,,,0,,0,[],[],[],[],[],0,0,0,0,0,0,0,0,0,0,0,0,0,0,0,0,0,0,,,,0,,0,0,,,0,0,,,0,0,No_Change,negative,stable,stable,stable,stable,True,False,False,False,False,False,0,39,False,0,0,-3935.57,-0.040836217,-2586.65,-0.0268395686,340.54,0.0035335073,647.04,0,0,0,0,0,normal,False,,No driver activity this period.,0 transactions
ACC-0040,15,SMB,Healthcare,Multi-Year,0.0269,stable,29.1338,0.034485,0.134327,0.015931,2,0,0,3671.74,3671.74,14,3671.74,25.5351,0.124392,0.012078,2,0.0269,0,0,0,increase,3.5987,0.1409315021,0.009935,0.003853,0,0,0,,,,0,,0,[],[],[],[],[],0,0,0,0,0,0,0,0,0,0,0,0,0,0,0,0,0,0,,,,0,,0,0,,,0,0,,,0,0,No_Change,positive,stable,stable,stable,stable,True,False,False,False,False,False,0,40,False,0,0,-3935.57,-0.040836217,1254.33,0.0130151648,340.54,0.0035335073,3671.74,0,0,0,0,0,normal,False,,No driver activity this period.,0 transactions
ACC-0042,15,SMB,Education,Annual,0.0088,stable,19.868,0.043742,0.044516,0.075976,0,,0,1609.84,1609.84,14,1609.84,17.0913,0.037562,0.011664,0,0.0088,0,0,0,increase,2.7767,0.1624627735,0.006954,0.064312,0,,0,,,,0,,0,[],[],[],[],[],0,0,0,0,0,0,0,0,0,0,0,0,0,0,0,0,0,0,,,,0,,0,0,,,0,0,,,0,0,No_Change,positive,stable,negative,stable,stable,True,False,True,False,False,False,0,41,False,0,0,-3935.57,-0.040836217,787.35,0.0081696922,76592.79,0.7947412438,1640.4433333333,-30.6033333333,-0.0179845052,0,-91.81,30.6033333333,normal,False,,No driver activity this period.,0 transactions
ACC-0043,15,SMB,Media,Annual,0.0855,stable,15.1159,0.047575,0.141238,0.016625,4,3,0,586,586,14,586,14.5433,0.136311,0.015274,1,0.0855,0,0,0,increase,0.5726,0.039372082,0.004927,0.001351,3,3,0,,,,0,,0,[],[],[],[],[],0,0,0,0,0,0,0,0,0,0,0,0,0,0,0,0,0,0,,,,0,,0,0,,,0,0,,,0,0,No_Change,positive,stable,stable,negative,stable,True,False,False,True,False,False,0,42,False,0,0,-3935.57,-0.040836217,28338.32,0.2940437564,76592.79,0.7947412438,586,32.9066666667,0.0675313304,98.72,0,-32.9066666667,normal,False,,No driver activity this period.,0 transactions
ACC-0044,15,Mid-Market,Energy,Annual,0.0296,stable,41.346,0.11292,0.099234,0.020478,2,-0.3333333333,0,10033.73,10033.73,14,10033.73,39.0218,0.096271,0.020675,3,0.0296,0,0,0,increase,2.3242,0.0595615784,0.002963,-0.000197,-1,-0.3333333333,0,,,,0,,0,[],[],[],[],[],0,0,0,0,0,0,0,0,0,0,0,0,0,0,0,0,0,0,,,,0,,0,0,,,0,0,,,0,0,No_Change,positive,stable,stable,stable,stable,True,False,False,False,False,False,0,43,False,0,0,33966.45,0.3524422954,-2586.65,-0.0268395686,76592.79,0.7947412438,10938.8133333333,-128.14,0.0035833329,2330.83,-2715.25,128.14,normal,False,,No driver activity this period.,0 transactions
ACC-0045,15,Enterprise,Manufacturing,Annual,0.1334,stable,882.6568,0.041247,0.081405,0.024826,0,,0,122980.55,106292.14,14,122980.55,881.9802,0.072188,0.02326,0,0.1334,0,0,0,increase,0.6766,0.0007671374,0.009217,0.001566,0,,0,,,,0,,0,[],[],[],[],[],0,0,0,0,0,0,0,0,0,0,0,0,0,0,0,0,0,0,,,,0,,0,0,,,0,0,,,0,0,No_Change,positive,stable,stable,stable,stable,True,False,False,False,False,False,0,44,False,0,0,66343.62,0.6883939216,4576.9,0.0474907782,76592.79,0.7947412438,117931.7466666667,5048.8033333333,0.0468200825,15146.41,0,-5048.8033333333,normal,False,,No driver activity this period.,0 transactions
ACC-0046,15,Enterprise,Retail,Multi-Year,0.0473,stable,653.9803,0.011852,0.12548,0.018737,8,1,0,163934.71,163934.71,14,163934.71,655.2747,0.133648,0.011286,4,0.0473,0,0,0,increase,-1.2944,-0.0019753548,-0.008168,0.007451,4,1,0,,,,0,,0,[],[],[],[],[],0,0,0,0,0,0,0,0,0,0,0,0,0,0,0,0,0,0,,,,0,,0,0,,,0,0,,,0,0,No_Change,stable,stable,stable,negative,stable,False,False,False,True,False,False,0,45,False,0,0,66343.62,0.6883939216,0,0,340.54,0.0035335073,157940.9233333333,5993.7866666667,0.0410664549,17981.36,0,-5993.7866666667,normal,False,,No driver activity this period.,0 transactions
ACC-0047,15,SMB,Energy,Annual,0.0823,churned,14.1358,0.131599,0.103174,0.015866,2,0,0,0,,14,529.3,14.055,0.092837,0.015877,2,0.0823,-529.3,-1,529.3,decrease,0.0808,0.0057488438,0.010337,-0.000011,0,0,0,CR-2026-03-007,2026-03-23T10:00:00,Churn,-529.3,Competitor_Switch,1,"[""CR-2026-03-007""]","[""2026-03-23T10:00:00""]","[""Churn""]",[-529.3],"[""Competitor_Switch""]",-529.3,0,0,-529.3,0,0,0,-529.3,0,0,0,0,0,0,1,0,0,0,CR-2026-03-007,2026-03-23T10:00:00,Churn,-529.3,Competitor_Switch,0,-529.3,Churn,Competitor_Switch,-529.3,1,,,0,0,Churn,positive,positive,stable,stable,stable,True,True,False,False,False,False,0.3569668839,4,True,-529.3,-0.0054921167,-3935.57,-0.040836217,-2586.65,-0.0268395686,76592.79,0.7947412438,529.3,-40.3133333333,-0.0619976214,0,-120.94,-488.9866666667,unusual_decrease,True,Competitor_Switch,Churn -529.3000,1 transactions; largest CR-2026-03-007 -529.3000 (Competitor_Switch)
ACC-0048,15,SMB,Fintech,Multi-Year,0.0445,stable,4.8769,-0.000704,0.05,0.02,0,,0,971.42,971.42,,,,,,,0.0445,0,0,0,increase,,,,,,,,INV-2026-03-008,2026-03-11T10:00:00,New_ARR,971.42,New_Logo_Signed,1,"[""INV-2026-03-008""]","[""2026-03-11T10:00:00""]","[""New_ARR""]",[971.42],"[""New_Logo_Signed""]",971.42,0,971.42,0,971.42,0,0,0,0,0,0,1,0,0,0,0,0,0,INV-2026-03-008,2026-03-11T10:00:00,New_ARR,971.42,New_Logo_Signed,971.42,0,New_ARR,New_Logo_Signed,971.42,1,,,0,0,New_ARR,stable,unknown,unknown,unknown,stable,False,False,False,False,False,False,0,46,False,0,0,-3935.57,-0.040836217,-919.38,-0.0095396604,340.54,0.0035335073,,,,,,,insufficient_history,False,,New_ARR +971.4200,1 transactions; largest INV-2026-03-008 +971.4200 (New_Logo_Signed)
ACC-0049,15,SMB,Manufacturing,Monthly,0.0557,stable,19.4691,-0.025326,0.129092,0.01763,3,-0.25,1,996.63,996.63,14,996.63,18.0191,0.112861,0.011192,4,0.0557,0,0,0,increase,1.45,0.0804701678,0.016231,0.006438,-1,-0.25,0,,,,0,,0,[],[],[],[],[],0,0,0,0,0,0,0,0,0,0,0,0,0,0,0,0,0,0,,,,0,,0,0,,,0,0,,,0,0,No_Change,negative,positive,stable,stable,negative,True,True,False,False,True,False,0,47,False,0,0,-3935.57,-0.040836217,4576.9,0.0474907782,19441.17,0.2017252489,996.63,0,0,0,0,0,normal,False,,No driver activity this period.,0 transactions
ACC-0050,15,SMB,Real Estate,Monthly,0.0055,churned,22.234,0.127972,0.071936,0.011511,1,0,0,0,,14,1870.84,19.4089,0.075577,0.015265,1,0.0055,-1870.84,-1,1870.84,decrease,2.8251,0.1455569352,-0.003641,-0.003754,0,0,0,CR-2026-03-008,2026-03-12T10:00:00,Churn,-1870.84,Budget_Cut,1,"[""CR-2026-03-008""]","[""2026-03-12T10:00:00""]","[""Churn""]",[-1870.8400000000001],"[""Budget_Cut""]",-1870.84,0,0,-1870.84,0,0,0,-1870.84,0,0,0,0,0,0,1,0,0,0,CR-2026-03-008,2026-03-12T10:00:00,Churn,-1870.84,Budget_Cut,0,-1870.84,Churn,Budget_Cut,-1870.84,1,,,0,0,Churn,positive,stable,stable,stable,stable,True,False,False,False,False,False,0.3746248348,3,True,-1870.84,-0.0194121889,-3935.57,-0.040836217,-2800.04,-0.0290537435,19441.17,0.2017252489,1960.8733333333,97.8466666667,0.0690188115,314.94,-292.52,-1968.6866666667,unusual_decrease,True,Budget_Cut,"Churn -1,870.8400","1 transactions; largest CR-2026-03-008 -1,870.8400 (Budget_Cut)"
ACC-0051,15,SMB,Technology,Monthly,0.1457,stable,22.8736,0.034181,0.07703,0.018987,5,4,0,2373.93,3185.2,14,2373.93,21.9406,0.05909,0.023602,1,0.1457,0,0,0,increase,0.933,0.0425239055,0.01794,-0.004615,4,4,0,,,,0,,0,[],[],[],[],[],0,0,0,0,0,0,0,0,0,0,0,0,0,0,0,0,0,0,,,,0,,0,0,,,0,0,,,0,0,No_Change,positive,positive,stable,negative,stable,True,True,False,True,False,False,0,48,False,0,0,-3935.57,-0.040836217,49267,0.5112036898,19441.17,0.2017252489,2195.2,246.7566666667,0.135853604,427.55,54.32,-246.7566666667,normal,False,,No driver activity this period.,0 transactions
ACC-0052,15,SMB,Technology,Monthly,0.0089,stable,22.1127,0.136282,0.057989,0.021875,4,inf,0,1443.82,1845.06,14,1443.82,17.5426,0.05,0.02,0,0.0089,0,0,0,increase,4.5701,0.2605144049,0.007989,0.001875,4,inf,0,,,,0,,0,[],[],[],[],[],0,0,0,0,0,0,0,0,0,0,0,0,0,0,0,0,0,0,,,,0,,0,0,,,0,0,,,0,0,No_Change,positive,stable,stable,negative,stable,True,False,False,True,False,False,0,49,False,0,0,-3935.57,-0.040836217,49267,0.5112036898,19441.17,0.2017252489,,,,,,,insufficient_history,False,,No driver activity this period.,0 transactions
ACC-0053,15,Mid-Market,Manufacturing,Monthly,0.014,growth,82.6272,0.086002,0.060882,0.024224,1,0,0,19136.92,19136.92,14,14560.02,80.9827,0.066072,0.020838,1,0.014,4576.9,0.3143470957,4576.9,increase,1.6445,0.0203068063,-0.00519,0.003386,0,0,0,INV-2026-03-009,2026-03-22T10:00:00,Expansion,4576.9,Seat_Add,1,"[""INV-2026-03-009""]","[""2026-03-22T10:00:00""]","[""Expansion""]",[4576.9],"[""Seat_Add""]",4576.9,0,4576.9,0,0,4576.9,0,0,0,0,0,0,1,0,0,0,0,0,INV-2026-03-009,2026-03-22T10:00:00,Expansion,4576.9,Seat_Add,4576.9,0,Expansion,Seat_Add,4576.9,1,,,0,0,Expansion,positive,stable,stable,stable,stable,True,False,False,False,False,False,0.1702646931,6,True,4576.9,0.0474907782,33966.45,0.3524422954,4576.9,0.0474907782,19441.17,0.2017252489,14560.02,1255.8933333333,0.1163689555,3767.68,0,3321.0066666667,unusual_increase,False,,"Expansion +4,576.9000","1 transactions; largest INV-2026-03-009 +4,576.9000 (Seat_Add)"
ACC-0054,15,Mid-Market,Logistics,Annual,0.1334,growth,125.7975,0.086947,0.067922,0.016988,2,0,0,15404.05,20608.53,14,13908.09,123.5793,0.066275,0.019658,2,0.1334,1495.96,0.1075604199,1495.96,increase,2.2182,0.0179496081,0.001647,-0.00267,0,0,0,INV-2026-03-010,2026-03-09T10:00:00,Expansion,1134.75,Feature_Upgrade,2,"[""INV-2026-03-010"", ""INV-2026-03-011""]","[""2026-03-09T10:00:00"", ""2026-03-14T10:00:00""]","[""Expansion"", ""Usage_Overage""]","[1134.75, 361.21]","[""Feature_Upgrade"", ""Usage_Above_Commit""]",1495.96,0,1495.96,0,0,1134.75,0,0,0,0,361.21,0,0.7585430092,0,0,0,0,0.2414569908,INV-2026-03-010,2026-03-09T10:00:00,Expansion,1134.75,Feature_Upgrade,1134.75,0,Expansion,Feature_Upgrade,1134.75,0.7585430092,Usage_Overage,Usage_Above_Commit,361.21,0.2414569908,Expansion,positive,stable,stable,stable,stable,True,False,False,False,False,False,0.0573366431,14,False,1495.96,0.0155223633,33966.45,0.3524422954,18456.67,0.1915098911,76592.79,0.7947412438,13908.09,897.66,0.0800402314,2692.98,0,598.3,normal,False,,"Expansion +1,134.7500; Usage_Overage +361.2100","2 transactions; largest INV-2026-03-010 +1,134.7500 (Feature_Upgrade)"
ACC-0055,15,SMB,Education,Annual,0.0758,stable,26.4207,-0.040414,0.133542,0.015736,5,4,0,1273.25,1273.25,14,1273.25,28.2259,0.122315,0.012386,1,0.0758,0,0,0,increase,-1.8052,-0.0639554452,0.011227,0.00335,4,4,0,,,,0,,0,[],[],[],[],[],0,0,0,0,0,0,0,0,0,0,0,0,0,0,0,0,0,0,,,,0,,0,0,,,0,0,,,0,0,No_Change,negative,positive,stable,negative,stable,True,True,False,True,False,False,0,50,False,0,0,-3935.57,-0.040836217,787.35,0.0081696922,76592.79,0.7947412438,1065.81,103.72,0.1078069619,311.16,0,-103.72,normal,False,,No driver activity this period.,0 transactions
ACC-0056,15,Enterprise,Logistics,Monthly,0.086,growth,548.9978,0.110813,0.050284,0.015743,2,0,0,102542.92,106882.95,14,85582.21,532.0866,0.056562,0.081326,2,0.086,16960.71,0.1981803228,16960.71,increase,16.9112,0.0317827963,-0.006278,-0.065583,0,0,0,INV-2026-03-012,2026-03-12T10:00:00,Expansion,16960.71,Seat_Add,1,"[""INV-2026-03-012""]","[""2026-03-12T10:00:00""]","[""Expansion""]",[16960.71],"[""Seat_Add""]",16960.71,0,16960.71,0,0,16960.71,0,0,0,0,0,0,1,0,0,0,0,0,INV-2026-03-012,2026-03-12T10:00:00,Expansion,16960.71,Seat_Add,16960.71,0,Expansion,Seat_Add,16960.71,1,,,0,0,Expansion,positive,stable,positive,stable,stable,True,False,False,False,False,False,0.2926075815,5,True,16960.71,0.1759875278,66343.62,0.6883939216,18456.67,0.1915098911,19441.17,0.2017252489,72405.8966666667,8064.8933333333,0.1208744932,15334.26,0,8895.8166666667,unusual_increase,False,,"Expansion +16,960.7100","1 transactions; largest INV-2026-03-012 +16,960.7100 (Seat_Add)"
ACC-0057,15,SMB,Media,Annual,0.192,decline,18.3305,0.115425,0.093368,0.018186,7,0.75,0,862.49,862.49,14,958.32,18.3477,0.088648,0.022284,4,0.192,-95.83,-0.099997913,95.83,decrease,-0.0172,-0.0009374472,0.00472,-0.004098,3,0.75,0,CR-2026-03-009,2026-03-11T10:00:00,Contraction,-76.01,Contract_Downgrade,2,"[""CR-2026-03-009"", ""CR-2026-03-010""]","[""2026-03-11T10:00:00"", ""2026-03-21T10:00:00""]","[""Contraction"", ""Refund""]","[-76.01, -19.82]","[""Contract_Downgrade"", ""Billing_Adjustment""]",-95.83,0,0,-95.83,0,0,-76.01,0,0,-19.82,0,0,0,0.7931754148,0,0,0.2068245852,0,CR-2026-03-009,2026-03-11T10:00:00,Contraction,-76.01,Contract_Downgrade,0,-76.01,Contraction,Contract_Downgrade,-76.01,0.7931754148,Refund,Billing_Adjustment,-19.82,0.2068245852,Contraction,positive,stable,stable,negative,stable,True,False,False,True,False,False,0.036260627,15,False,-95.83,-0.0009943502,-3935.57,-0.040836217,28338.32,0.2940437564,76592.79,0.7947412438,958.32,0,0,0,0,-95.83,normal,False,,Contraction -76.0100; Refund -19.8200,2 transactions; largest CR-2026-03-009 -76.0100 (Contract_Downgrade)
ACC-0058,15,Mid-Market,Energy,Monthly,0.1904,growth,63.4267,0.041841,0.066003,0.017587,5,1.5,0,5573.47,6244.95,14,5308.01,59.9883,0.068587,0.020787,2,0.1904,265.46,0.0500112095,265.46,increase,3.4384,0.0573178436,-0.002584,-0.0032,3,1.5,0,INV-2026-03-013,2026-03-27T10:00:00,Expansion,265.46,Plan_Upgrade,1,"[""INV-2026-03-013""]","[""2026-03-27T10:00:00""]","[""Expansion""]",[265.46],"[""Plan_Upgrade""]",265.46,0,265.46,0,0,265.46,0,0,0,0,0,0,1,0,0,0,0,0,INV-2026-03-013,2026-03-27T10:00:00,Expansion,265.46,Plan_Upgrade,265.46,0,Expansion,Plan_Upgrade,265.46,1,,,0,0,Expansion,positive,stable,stable,negative,stable,True,False,False,True,False,False,0.0209980268,19,False,265.46,0.0027544631,33966.45,0.3524422954,-2586.65,-0.0268395686,19441.17,0.2017252489,5308.01,0,0,0,0,265.46,normal,False,,Expansion +265.4600,1 transactions; largest INV-2026-03-013 +265.4600 (Plan_Upgrade)
ACC-0060,15,Mid-Market,Education,Monthly,0.0488,stable,110.9008,-0.052229,0.148823,0.083272,3,-0.25,0,6290.55,6290.55,14,6290.55,110.0405,0.141436,0.016941,4,0.0488,0,0,0,increase,0.8603,0.0078180306,0.007387,0.066331,-1,-0.25,0,,,,0,,0,[],[],[],[],[],0,0,0,0,0,0,0,0,0,0,0,0,0,0,0,0,0,0,,,,0,,0,0,,,0,0,,,0,0,No_Change,negative,stable,negative,stable,stable,True,False,True,False,False,False,0,51,False,0,0,33966.45,0.3524422954,787.35,0.0081696922,19441.17,0.2017252489,8277.0433333333,-1397.83,-0.1502473259,0,-2427.5,1397.83,normal,False,,No driver activity this period.,0 transactions
ACC-0061,15,SMB,Real Estate,Monthly,0.1115,stable,16.3591,0.001938,0.059175,0.024896,2,1,0,711.24,711.24,14,711.24,15.2482,0.056207,0.016672,1,0.1115,0,0,0,increase,1.1109,0.0728545009,0.002968,0.008224,1,1,0,,,,0,,0,[],[],[],[],[],0,0,0,0,0,0,0,0,0,0,0,0,0,0,0,0,0,0,,,,0,,0,0,,,0,0,,,0,0,No_Change,stable,stable,stable,stable,stable,False,False,False,False,False,False,0,52,False,0,0,-3935.57,-0.040836217,-2800.04,-0.0290537435,19441.17,0.2017252489,711.24,0,0,0,0,0,normal,False,,No driver activity this period.,0 transactions
ACC-0062,15,Mid-Market,Real Estate,Annual,0.19,stable,34.2323,0.034004,0.05,0.02,0,,0,7834.26,7834.26,,,,,,,0.19,0,0,0,increase,,,,,,,,INV-2026-03-014,2026-03-11T10:00:00,New_ARR,7834.26,New_Logo_Signed,1,"[""INV-2026-03-014""]","[""2026-03-11T10:00:00""]","[""New_ARR""]",[7834.26],"[""New_Logo_Signed""]",7834.26,0,7834.26,0,7834.26,0,0,0,0,0,0,1,0,0,0,0,0,0,INV-2026-03-014,2026-03-11T10:00:00,New_ARR,7834.26,New_Logo_Signed,7834.26,0,New_ARR,New_Logo_Signed,7834.26,1,,,0,0,New_ARR,positive,unknown,unknown,unknown,stable,True,False,False,False,False,False,0,53,False,0,0,33966.45,0.3524422954,-2800.04,-0.0290537435,76592.79,0.7947412438,,,,,,,insufficient_history,False,,"New_ARR +7,834.2600","1 transactions; largest INV-2026-03-014 +7,834.2600 (New_Logo_Signed)"
ACC-0063,15,Mid-Market,Retail,Annual,0.0949,stable,106.3055,-0.02551,0.081804,0.020522,4,1,0,15705.15,19255.49,14,15705.15,107.0509,0.077689,0.020802,2,0.0949,0,0,0,increase,-0.7454,-0.0069630428,0.004115,-0.00028,2,1,0,,,,0,,0,[],[],[],[],[],0,0,0,0,0,0,0,0,0,0,0,0,0,0,0,0,0,0,,,,0,,0,0,,,0,0,,,0,0,No_Change,negative,stable,stable,negative,stable,True,False,False,True,False,False,0,54,False,0,0,33966.45,0.3524422954,0,0,76592.79,0.7947412438,15705.15,902.2866666667,0.0694157975,2706.86,0,-902.2866666667,normal,False,,No driver activity this period.,0 transactions
ACC-0064,15,Mid-Market,Real Estate,Monthly,0.0478,stable,110.5604,-0.043665,0.05,0.02,0,,0,11419.31,11419.31,,,,,,,0.0478,0,0,0,increase,,,,,,,,INV-2026-03-015,2026-03-12T10:00:00,New_ARR,11419.31,New_Logo_Signed,1,"[""INV-2026-03-015""]","[""2026-03-12T10:00:00""]","[""New_ARR""]",[11419.31],"[""New_Logo_Signed""]",11419.31,0,11419.31,0,11419.31,0,0,0,0,0,0,1,0,0,0,0,0,0,INV-2026-03-015,2026-03-12T10:00:00,New_ARR,11419.31,New_Logo_Signed,11419.31,0,New_ARR,New_Logo_Signed,11419.31,1,,,0,0,New_ARR,negative,unknown,unknown,unknown,stable,True,False,False,False,False,False,0,55,False,0,0,33966.45,0.3524422954,-2800.04,-0.0290537435,19441.17,0.2017252489,,,,,,,insufficient_history,False,,"New_ARR +11,419.3100","1 transactions; largest INV-2026-03-015 +11,419.3100 (New_Logo_Signed)"
ACC-0065,15,SMB,Energy,Multi-Year,0.0161,stable,26.4791,0.018375,0.104968,0.017604,1,0,0,981.23,981.23,14,981.23,21.6837,0.088645,0.017104,1,0.0161,0,0,0,increase,4.7954,0.2211522941,0.016323,0.0005,0,0,0,,,,0,,0,[],[],[],[],[],0,0,0,0,0,0,0,0,0,0,0,0,0,0,0,0,0,0,,,,0,,0,0,,,0,0,,,0,0,No_Change,stable,positive,stable,stable,stable,False,True,False,False,False,False,0,56,False,0,0,-3935.57,-0.040836217,-2586.65,-0.0268395686,340.54,0.0035335073,1105.23,-62,-0.0531172091,0,-186,62,normal,False,,No driver activity this period.,0 transactions
ACC-0066,15,Mid-Market,Healthcare,Monthly,0.0662,stable,16.3065,0.045433,0.05,0.02,0,,0,3278.32,3859.3,,,,,,,0.0662,0,0,0,increase,,,,,,,,INV-2026-03-016,2026-03-16T10:00:00,New_ARR,3278.32,New_Logo_Signed,1,"[""INV-2026-03-016""]","[""2026-03-16T10:00:00""]","[""New_ARR""]",[3278.32],"[""New_Logo_Signed""]",3278.32,0,3278.32,0,3278.32,0,0,0,0,0,0,1,0,0,0,0,0,0,INV-2026-03-016,2026-03-16T10:00:00,New_ARR,3278.32,New_Logo_Signed,3278.32,0,New_ARR,New_Logo_Signed,3278.32,1,,,0,0,New_ARR,positive,unknown,unknown,unknown,stable,True,False,False,False,False,False,0,57,False,0,0,33966.45,0.3524422954,1254.33,0.0130151648,19441.17,0.2017252489,,,,,,,insufficient_history,False,,"New_ARR +3,278.3200","1 transactions; largest INV-2026-03-016 +3,278.3200 (New_Logo_Signed)"
ACC-0067,15,SMB,Technology,Multi-Year,0.0039,stable,8.4812,-0.006305,0.051393,0.024773,1,inf,1,312.97,312.97,14,312.97,6.0616,0.044553,0.017984,0,0.0039,0,0,0,increase,2.4196,0.3991685364,0.00684,0.006789,1,inf,0,,,,0,,0,[],[],[],[],[],0,0,0,0,0,0,0,0,0,0,0,0,0,0,0,0,0,0,,,,0,,0,0,,,0,0,,,0,0,No_Change,stable,stable,stable,stable,negative,False,False,False,False,True,False,0,58,False,0,0,-3935.57,-0.040836217,49267,0.5112036898,340.54,0.0035335073,,,,,,,insufficient_history,False,,No driver activity this period.,0 transactions
ACC-0068,15,SMB,Education,Multi-Year,0.1907,growth,15.1963,0.149062,0.061474,0.020721,1,inf,0,2285.07,2285.07,14,1944.53,13.0436,0.05,0.02,0,0.1907,340.54,0.1751271515,340.54,increase,2.1527,0.165038793,0.011474,0.000721,1,inf,0,INV-2026-03-017,2026-03-18T10:00:00,Expansion,340.54,Feature_Upgrade,1,"[""INV-2026-03-017""]","[""2026-03-18T10:00:00""]","[""Expansion""]",[340.54],"[""Feature_Upgrade""]",340.54,0,340.54,0,0,340.54,0,0,0,0,0,0,1,0,0,0,0,0,INV-2026-03-017,2026-03-18T10:00:00,Expansion,340.54,Feature_Upgrade,340.54,0,Expansion,Feature_Upgrade,340.54,1,,,0,0,Expansion,positive,positive,stable,stable,stable,True,True,False,False,False,False,0.0657768432,12,False,340.54,0.0035335073,-3935.57,-0.040836217,787.35,0.0081696922,340.54,0.0035335073,,,,,,,insufficient_history,False,,Expansion +340.5400,1 transactions; largest INV-2026-03-017 +340.5400 (Feature_Upgrade)
ACC-0069,15,Mid-Market,Logistics,Monthly,0.0058,stable,133.9631,0.039968,0.055102,0.0208,1,0,0,9621.48,9621.48,14,9621.48,133.8634,0.064814,0.012946,1,0.0058,0,0,0,increase,0.0997,0.0007447891,-0.009712,0.007854,0,0,0,,,,0,,0,[],[],[],[],[],0,0,0,0,0,0,0,0,0,0,0,0,0,0,0,0,0,0,,,,0,,0,0,,,0,0,,,0,0,No_Change,positive,stable,stable,stable,stable,True,False,False,False,False,False,0,59,False,0,0,33966.45,0.3524422954,18456.67,0.1915098911,19441.17,0.2017252489,10908.6733333333,-643.5966666667,-0.0557117057,0,-1930.79,643.5966666667,normal,False,,No driver activity this period.,0 transactions
ACC-0070,15,Enterprise,Technology,Annual,0.1814,growth,688.2563,0.01557,0.148394,0.01465,2,-0.3333333333,0,313341.07,389506.32,14,263958.16,667.2973,0.129547,0.013155,3,0.1814,49382.91,0.1870861276,49382.91,increase,20.959,0.0314087889,0.018847,0.001495,-1,-0.3333333333,0,INV-2026-03-018,2026-03-18T10:00:00,Expansion,49382.91,Seat_Add,1,"[""INV-2026-03-018""]","[""2026-03-18T10:00:00""]","[""Expansion""]",[49382.91],"[""Seat_Add""]",49382.91,0,49382.91,0,0,49382.91,0,0,0,0,0,0,1,0,0,0,0,0,INV-2026-03-018,2026-03-18T10:00:00,Expansion,49382.91,Seat_Add,49382.91,0,Expansion,Seat_Add,49382.91,1,,,0,0,Expansion,stable,positive,stable,stable,stable,False,True,False,False,False,False,0.7154801447,1,True,49382.91,0.5124063938,66343.62,0.6883939216,49267,0.5112036898,76592.79,0.7947412438,208997.8066666666,28828.77,0.1600285021,57253.46,-21141.29,20554.14,normal,False,,"Expansion +49,382.9100","1 transactions; largest INV-2026-03-018 +49,382.9100 (Seat_Add)"
ACC-0001,16,Enterprise,Technology,Annual,0.049,stable,410.8214,0.106056,0.167745,0.019315,2,0,0,93514.44,93514.44,15,93514.44,409.7224,0.15194,0.018371,2,0.049,0,0,0,increase,1.099,0.0026823039,0.015805,0.000944,0,0,0,,,,0,,0,[],[],[],[],[],0,0,0,0,0,0,0,0,0,0,0,0,0,0,0,0,0,0,,,,0,,0,0,,,0,0,,,0,0,No_Change,positive,positive,stable,stable,stable,True,True,False,False,False,False,0,16,False,0,0,63816.87,0.8546702682,77377.76,1.0362850903,70085.99,0.9386297365,91926.41,4477.2833333333,0.0539716454,8667.76,0,-4477.2833333333,normal,False,,No driver activity this period.,0 transactions
ACC-0002,16,Enterprise,Healthcare,Annual,0.0064,stable,559.8696,0.013987,0.212116,0.023551,1,0,0,63677.69,63677.69,15,63677.69,556.8231,0.202341,0.021636,1,0.0064,0,0,0,increase,3.0465,0.005471217,0.009775,0.001915,0,0,0,,,,0,,0,[],[],[],[],[],0,0,0,0,0,0,0,0,0,0,0,0,0,0,0,0,0,0,,,,0,,0,0,,,0,0,,,0,0,No_Change,stable,stable,stable,stable,stable,False,False,False,False,False,False,0,17,False,0,0,63816.87,0.8546702682,-535.72,-0.0071746539,70085.99,0.9386297365,63677.69,0,0,0,0,0,normal,False,,No driver activity this period.,0 transactions
ACC-0003,16,Mid-Market,Real Estate,Monthly,0.13,stable,48.1462,-0.058718,0.109846,0.078227,2,0,0,5128.35,5128.35,15,5128.35,49.1531,0.100851,0.086436,2,0.13,0,0,0,increase,-1.0069,-0.0204849745,0.008995,-0.008209,0,0,0,,,,0,,0,[],[],[],[],[],0,0,0,0,0,0,0,0,0,0,0,0,0,0,0,0,0,0,,,,0,,0,0,,,0,0,,,0,0,No_Change,negative,stable,stable,stable,stable,True,False,False,False,False,False,0,18,False,0,0,9146.36,0.1224930329,255.78,0.003425545,4582.42,0.0613702635,5428.4366666667,-31.4133333333,0.0001554543,711.78,-806.02,31.4133333333,normal,False,,No driver activity this period.,0 transactions
ACC-0004,16,SMB,Fintech,Annual,0.0319,stable,47.3281,0.12333,0.111706,0.011258,1,-0.5,1,4032.55,4032.55,15,4032.55,42.7881,0.100364,0.022253,2,0.0319,0,0,0,increase,4.54,0.1061042673,0.011342,-0.010995,-1,-0.5,0,,,,0,,0,[],[],[],[],[],0,0,0,0,0,0,0,0,0,0,0,0,0,0,0,0,0,0,,,,0,,0,0,,,0,0,,,0,0,No_Change,positive,positive,positive,stable,negative,True,True,False,False,True,False,0,19,False,0,0,1705.18,0.0228366989,0,0,70085.99,0.9386297365,4645.47,-306.46,-0.0618869814,0,-919.38,306.46,normal,False,,No driver activity this period.,0 transactions
ACC-0005,16,SMB,Energy,Monthly,0.076,stable,40.7439,-0.007373,0.138193,0.024124,1,0,0,3111.15,3111.15,15,3111.15,40.6241,0.132188,0.017783,1,0.076,0,0,0,increase,0.1198,0.0029489884,0.006005,0.006341,0,0,0,,,,0,,0,[],[],[],[],[],0,0,0,0,0,0,0,0,0,0,0,0,0,0,0,0,0,0,,,,0,,0,0,,,0,0,,,0,0,No_Change,stable,stable,stable,stable,stable,False,False,False,False,False,False,0,20,False,0,0,1705.18,0.0228366989,582.35,0.0077991483,4582.42,0.0613702635,2686.93,341,0.1525317365,773.34,0,-341,normal,False,,No driver activity this period.,0 transactions
ACC-0006,16,Mid-Market,Media,Annual,0.1946,stable,486.6293,0.142422,0.101902,0.02405,2,1,0,117523.42,125577.8,15,117523.42,488.0031,0.094678,0.017135,1,0.1946,0,0,0,increase,-1.3738,-0.0028151461,0.007224,0.006915,1,1,0,,,,0,,0,[],[],[],[],[],0,0,0,0,0,0,0,0,0,0,0,0,0,0,0,0,0,0,,,,0,,0,0,,,0,0,,,0,0,No_Change,positive,stable,stable,stable,stable,True,False,False,False,False,False,0,21,False,0,0,9146.36,0.1224930329,0,0,70085.99,0.9386297365,100325.8333333333,8598.7933333333,0.0937432772,25796.38,0,-8598.7933333333,normal,False,,No driver activity this period.,0 transactions
ACC-0007,16,Mid-Market,Technology,Multi-Year,0.0723,stable,138.3705,0.076231,0.137595,0.014803,1,-0.5,0,26806.65,24683.98,15,26806.65,137.1085,0.123511,0.021633,2,0.0723,0,0,0,increase,1.262,0.0092043892,0.014084,-0.00683,-1,-0.5,0,,,,0,,0,[],[],[],[],[],0,0,0,0,0,0,0,0,0,0,0,0,0,0,0,0,0,0,,,,0,,0,0,,,0,0,,,0,0,No_Change,positive,positive,stable,stable,stable,True,True,False,False,False,False,0,22,False,0,0,9146.36,0.1224930329,77377.76,1.0362850903,0,0,26806.65,0,0,0,0,0,normal,False,,No driver activity this period.,0 transactions
ACC-0009,16,SMB,Energy,Monthly,0.0711,stable,80.4506,-0.052279,0.139606,0.01997,3,-0.5,0,12147.28,12147.28,15,12147.28,78.2939,0.122174,0.023806,6,0.0711,0,0,0,increase,2.1567,0.0275462073,0.017432,-0.003836,-3,-0.5,0,,,,0,,0,[],[],[],[],[],0,0,0,0,0,0,0,0,0,0,0,0,0,0,0,0,0,0,,,,0,,0,0,,,0,0,,,0,0,No_Change,negative,positive,stable,positive,stable,True,True,False,False,False,False,0,23,False,0,0,1705.18,0.0228366989,582.35,0.0077991483,4582.42,0.0613702635,13862.26,-857.49,-0.0582543861,0,-2572.47,857.49,normal,False,,No driver activity this period.,0 transactions
ACC-0010,16,SMB,Healthcare,Annual,0.0342,stable,53.8078,0.117905,0.172761,0.024522,2,1,0,5603.91,5603.91,15,5603.91,50.9267,0.157258,0.017321,1,0.0342,0,0,0,increase,2.8811,0.0565734674,0.015503,0.007201,1,1,0,,,,0,,0,[],[],[],[],[],0,0,0,0,0,0,0,0,0,0,0,0,0,0,0,0,0,0,,,,0,,0,0,,,0,0,,,0,0,No_Change,positive,positive,stable,stable,stable,True,True,False,False,False,False,0,24,False,0,0,1705.18,0.0228366989,-535.72,-0.0071746539,70085.99,0.9386297365,4767.69,418.11,0.0961265226,1254.33,0,-418.11,normal,False,,No driver activity this period.,0 transactions
ACC-0013,16,Mid-Market,Media,Monthly,0.0279,stable,68.7456,0.001972,0.113389,0.017887,2,0,0,12983.42,12983.42,15,12983.42,68.7872,0.119272,0.019212,2,0.0279,0,0,0,increase,-0.0416,-0.0006047637,-0.005883,-0.001325,0,0,0,,,,0,,0,[],[],[],[],[],0,0,0,0,0,0,0,0,0,0,0,0,0,0,0,0,0,0,,,,0,,0,0,,,0,0,,,0,0,No_Change,stable,stable,stable,stable,stable,False,False,False,False,False,False,0,25,False,0,0,9146.36,0.1224930329,0,0,4582.42,0.0613702635,11224.9066666667,539.7466666667,0.0551126038,2637.77,-1018.53,-539.7466666667,normal,False,,No driver activity this period.,0 transactions
ACC-0014,16,SMB,Education,Multi-Year,0.0799,stable,74.5214,0.027033,0.115779,0.014291,2,0,0,9879.22,9879.22,15,9879.22,69.9438,0.098031,0.083814,2,0.0799,0,0,0,increase,4.5776,0.0654468302,0.017748,-0.069523,0,0,0,,,,0,,0,[],[],[],[],[],0,0,0,0,0,0,0,0,0,0,0,0,0,0,0,0,0,0,,,,0,,0,0,,,0,0,,,0,0,No_Change,positive,positive,positive,stable,stable,True,True,False,False,False,False,0,26,False,0,0,1705.18,0.0228366989,165.59,0.0022176714,0,0,9383.97,495.25,0.0590042021,1485.75,0,-495.25,normal,False,,No driver activity this period.,0 transactions
ACC-0016,16,SMB,Education,Annual,0.0936,stable,25.1415,0.044525,0.192038,0.018222,2,1,0,2614.79,0,15,2614.79,20.3296,0.191301,0.011766,1,0.0936,0,0,0,increase,4.8119,0.2366942783,0.000737,0.006456,1,1,0,,,,0,,0,[],[],[],[],[],0,0,0,0,0,0,0,0,0,0,0,0,0,0,0,0,0,0,,,,0,,0,0,,,0,0,,,0,0,No_Change,positive,stable,stable,stable,stable,True,False,False,False,False,False,0,27,False,0,0,1705.18,0.0228366989,165.59,0.0022176714,70085.99,0.9386297365,2277.1166666667,188.7366666667,0.0881264499,446.81,0,-188.7366666667,normal,False,,No driver activity this period.,0 transactions
ACC-0017,16,Mid-Market,Healthcare,Annual,0.1074,stable,33.0506,-0.018856,0.108094,0.010698,1,0,0,989.64,989.64,15,989.64,29.2787,0.112377,0.020823,1,0.1074,0,0,0,increase,3.7719,0.1288274411,-0.004283,-0.010125,0,0,0,,,,0,,0,[],[],[],[],[],0,0,0,0,0,0,0,0,0,0,0,0,0,0,0,0,0,0,,,,0,,0,0,,,0,0,,,0,0,No_Change,stable,stable,positive,stable,stable,False,False,False,False,False,False,0,28,False,0,0,9146.36,0.1224930329,-535.72,-0.0071746539,70085.99,0.9386297365,989.64,0,0,0,0,0,normal,False,,No driver activity this period.,0 transactions
ACC-0018,16,SMB,Retail,Annual,0.1908,growth,28.0161,0.0314,0.105923,0.083371,2,0,0,2043.21,1935.83,15,1627,26.8874,0.113297,0.020541,2,0.1908,416.21,0.2558143823,416.21,increase,1.1287,0.0419787707,-0.007374,0.06283,0,0,0,INV-2026-04-001,2026-04-26T10:00:00,Expansion,416.21,Seat_Add,1,"[""INV-2026-04-001""]","[""2026-04-26T10:00:00""]","[""Expansion""]",[416.21],"[""Seat_Add""]",416.21,0,416.21,0,0,416.21,0,0,0,0,0,0,1,0,0,0,0,0,INV-2026-04-001,2026-04-26T10:00:00,Expansion,416.21,Seat_Add,416.21,0,Expansion,Seat_Add,416.21,1,,,0,0,Expansion,positive,stable,negative,stable,stable,True,False,True,False,False,False,0.2655484704,7,False,416.21,0.0055741109,1705.18,0.0228366989,3966.55,0.0531221972,70085.99,0.9386297365,1652.45,-25.45,-0.0149411454,0,-76.35,441.66,normal,False,,Expansion +416.2100,1 transactions; largest INV-2026-04-001 +416.2100 (Seat_Add)
ACC-0019,16,Mid-Market,Real Estate,Annual,0.1741,growth,57.4195,0.063413,0.122918,0.019063,2,0,0,13698.87,12935.47,15,12171.62,55.2905,0.106887,0.012608,2,0.1741,1527.25,0.1254763129,1527.25,increase,2.129,0.0385057107,0.016031,0.006455,0,0,0,INV-2026-04-002,2026-04-13T10:00:00,Expansion,1527.25,Seat_Add,1,"[""INV-2026-04-002""]","[""2026-04-13T10:00:00""]","[""Expansion""]",[1527.25],"[""Seat_Add""]",1527.25,0,1527.25,0,0,1527.25,0,0,0,0,0,0,1,0,0,0,0,0,INV-2026-04-002,2026-04-13T10:00:00,Expansion,1527.25,Seat_Add,1527.25,0,Expansion,Seat_Add,1527.25,1,,,0,0,Expansion,positive,positive,stable,stable,stable,True,True,False,False,False,False,0.1415422944,11,False,1527.25,0.0204537635,9146.36,0.1224930329,255.78,0.003425545,70085.99,0.9386297365,12348.1733333333,200.5033333333,0.0186884213,1131.17,-529.66,1326.7466666667,unusual_increase,False,,"Expansion +1,527.2500","1 transactions; largest INV-2026-04-002 +1,527.2500 (Seat_Add)"
ACC-0020,16,SMB,Energy,Annual,0.1079,decline,25.5286,0.060728,0.131656,0.016883,2,0,0,1049.1,1049.1,15,1138.23,24.0678,0.118557,0.024351,2,0.1079,-89.13,-0.0783057906,89.13,decrease,1.4608,0.0606952027,0.013099,-0.007468,0,0,0,CR-2026-04-001,2026-04-27T10:00:00,Contraction,-89.13,Contract_Downgrade,1,"[""CR-2026-04-001""]","[""2026-04-27T10:00:00""]","[""Contraction""]",[-89.13],"[""Contract_Downgrade""]",-89.13,0,0,-89.13,0,0,-89.13,0,0,0,0,0,0,1,0,0,0,0,CR-2026-04-001,2026-04-27T10:00:00,Contraction,-89.13,Contract_Downgrade,0,-89.13,Contraction,Contract_Downgrade,-89.13,1,,,0,0,Contraction,positive,positive,stable,stable,stable,True,True,False,False,False,False,0.0809588042,13,False,-89.13,-0.0011936775,1705.18,0.0228366989,582.35,0.0077991483,70085.99,0.9386297365,1138.23,-32.92,-0.026612988,0,-98.76,-56.21,normal,False,,Contraction -89.1300,1 transactions; largest CR-2026-04-001 -89.1300 (Contract_Downgrade)
ACC-0021,16,SMB,Real Estate,Multi-Year,0.0846,stable,20.0628,0.100649,0.089001,0.014263,2,0,0,1961.58,0,15,1961.58,17.479,0.072436,0.010807,2,0.0846,0,0,0,increase,2.5838,0.147823102,0.016565,0.003456,0,0,0,,,,0,,0,[],[],[],[],[],0,0,0,0,0,0,0,0,0,0,0,0,0,0,0,0,0,0,,,,0,,0,0,,,0,0,,,0,0,No_Change,positive,positive,stable,stable,stable,True,True,False,False,False,False,0,29,False,0,0,1705.18,0.0228366989,255.78,0.003425545,0,0,1961.58,0,0,0,0,0,normal,False,,No driver activity this period.,0 transactions
ACC-0022,16,Mid-Market,Education,Multi-Year,0.13,stable,49.0992,0.065493,0.059186,0.018095,1,inf,0,8143.58,8576.55,15,8143.58,47.435,0.05,0.02,0,0.13,0,0,0,increase,1.6642,0.0350837989,0.009186,-0.001905,1,inf,0,,,,0,,0,[],[],[],[],[],0,0,0,0,0,0,0,0,0,0,0,0,0,0,0,0,0,0,,,,0,,0,0,,,0,0,,,0,0,No_Change,positive,stable,stable,stable,stable,True,False,False,False,False,False,0,30,False,0,0,9146.36,0.1224930329,165.59,0.0022176714,0,0,,,,,,,insufficient_history,False,,No driver activity this period.,0 transactions
ACC-0024,16,SMB,Healthcare,Multi-Year,0.1719,stable,33.8167,0.008185,0.152668,0.010561,2,0,0,1040.28,1040.28,15,1040.28,30.8968,0.138082,0.023768,2,0.1719,0,0,0,increase,2.9199,0.0945049325,0.014586,-0.013207,0,0,0,,,,0,,0,[],[],[],[],[],0,0,0,0,0,0,0,0,0,0,0,0,0,0,0,0,0,0,,,,0,,0,0,,,0,0,,,0,0,No_Change,stable,positive,positive,stable,stable,False,True,False,False,False,False,0,31,False,0,0,1705.18,0.0228366989,-535.72,-0.0071746539,0,0,1040.28,0,0,0,0,0,normal,False,,No driver activity this period.,0 transactions
ACC-0025,16,Mid-Market,Real Estate,Monthly,0.1871,stable,85.4567,0.085965,0.05,0.02,0,,0,12307.74,13664.16,,,,,,,0.1871,0,0,0,increase,,,,,,,,INV-2026-04-003,2026-04-06T10:00:00,New_ARR,12307.74,New_Logo_Signed,1,"[""INV-2026-04-003""]","[""2026-04-06T10:00:00""]","[""New_ARR""]",[12307.74],"[""New_Logo_Signed""]",12307.74,0,12307.74,0,12307.74,0,0,0,0,0,0,1,0,0,0,0,0,0,INV-2026-04-003,2026-04-06T10:00:00,New_ARR,12307.74,New_Logo_Signed,12307.74,0,New_ARR,New_Logo_Signed,12307.74,1,,,0,0,New_ARR,positive,unknown,unknown,unknown,stable,True,False,False,False,False,False,0,32,False,0,0,9146.36,0.1224930329,255.78,0.003425545,4582.42,0.0613702635,,,,,,,insufficient_history,False,,"New_ARR +12,307.7400","1 transactions; largest INV-2026-04-003 +12,307.7400 (New_Logo_Signed)"
ACC-0026,16,SMB,Healthcare,Annual,0.0709,stable,13.2145,0.040086,0.073935,0.012899,0,,0,2200.44,2200.44,15,2200.44,12.5968,0.058371,0.010391,0,0.0709,0,0,0,increase,0.6177,0.0490362632,0.015564,0.002508,0,,0,,,,0,,0,[],[],[],[],[],0,0,0,0,0,0,0,0,0,0,0,0,0,0,0,0,0,0,,,,0,,0,0,,,0,0,,,0,0,No_Change,positive,positive,stable,stable,stable,True,True,False,False,False,False,0,33,False,0,0,1705.18,0.0228366989,-535.72,-0.0071746539,70085.99,0.9386297365,,,,,,,insufficient_history,False,,No driver activity this period.,0 transactions
ACC-0027,16,Mid-Market,Healthcare,Monthly,0.1456,decline,61.4979,0.006256,0.131988,0.018014,5,0,0,4165.83,4165.83,15,5282.53,58.7885,0.131814,0.017816,5,0.1456,-1116.7,-0.2113949187,1116.7,decrease,2.7094,0.046087245,0.000174,0.000198,0,0,0,CR-2026-04-002,2026-04-23T10:00:00,Contraction,-988.35,Seat_Reduction,2,"[""CR-2026-04-002"", ""CR-2026-04-003""]","[""2026-04-23T10:00:00"", ""2026-05-03T10:00:00""]","[""Contraction"", ""Refund""]","[-988.35, -128.35]","[""Seat_Reduction"", ""Billing_Adjustment""]",-1116.7,0,0,-1116.7,0,0,-988.35,0,0,-128.35,0,0,0,0.8850631324,0,0,0.1149368676,0,CR-2026-04-002,2026-04-23T10:00:00,Contraction,-988.35,Seat_Reduction,0,-988.35,Contraction,Seat_Reduction,-988.35,0.8850631324,Refund,Billing_Adjustment,-128.35,0.1149368676,Contraction,stable,stable,stable,stable,stable,False,False,False,False,False,False,0.2260335815,9,False,-1116.7,-0.0149554544,9146.36,0.1224930329,-535.72,-0.0071746539,4582.42,0.0613702635,5244.13,38.4,0.007431304,115.2,0,-1155.1,unusual_decrease,False,,Contraction -988.3500; Refund -128.3500,2 transactions; largest CR-2026-04-002 -988.3500 (Seat_Reduction)
ACC-0028,16,SMB,Education,Monthly,0.0925,stable,23.7491,0.127652,0.107097,0.013386,2,0,0,2077.65,1765.28,15,2077.65,22.5683,0.104373,0.012058,2,0.0925,0,0,0,increase,1.1808,0.0523211762,0.002724,0.001328,0,0,0,,,,0,,0,[],[],[],[],[],0,0,0,0,0,0,0,0,0,0,0,0,0,0,0,0,0,0,,,,0,,0,0,,,0,0,,,0,0,No_Change,positive,stable,stable,stable,stable,True,False,False,False,False,False,0,34,False,0,0,1705.18,0.0228366989,165.59,0.0022176714,4582.42,0.0613702635,2077.65,0,0,0,0,0,normal,False,,No driver activity this period.,0 transactions
ACC-0029,16,SMB,Real Estate,Annual,0.1938,stable,22.0587,0.068163,0.069419,0.020731,1,-0.5,0,1777.83,1857.55,15,1777.83,18.6777,0.072867,0.016609,2,0.1938,0,0,0,increase,3.381,0.1810180054,-0.003448,0.004122,-1,-0.5,0,,,,0,,0,[],[],[],[],[],0,0,0,0,0,0,0,0,0,0,0,0,0,0,0,0,0,0,,,,0,,0,0,,,0,0,,,0,0,No_Change,positive,stable,stable,stable,stable,True,False,False,False,False,False,0,35,False,0,0,1705.18,0.0228366989,255.78,0.003425545,70085.99,0.9386297365,1859.95,-41.06,-0.0215990447,0,-123.18,41.06,normal,False,,No driver activity this period.,0 transactions
ACC-0032,16,SMB,Fintech,Annual,0.1084,stable,18.0195,-0.03213,0.098462,0.021209,2,-0.5,0,410.31,410.31,15,410.31,16.6611,0.099317,0.010186,4,0.1084,0,0,0,increase,1.3584,0.0815312314,-0.000855,0.011023,-2,-0.5,0,,,,0,,0,[],[],[],[],[],0,0,0,0,0,0,0,0,0,0,0,0,0,0,0,0,0,0,,,,0,,0,0,,,0,0,,,0,0,No_Change,negative,stable,negative,positive,stable,True,False,True,False,False,False,0,36,False,0,0,1705.18,0.0228366989,0,0,70085.99,0.9386297365,410.31,0,0,0,0,0,normal,False,,No driver activity this period.,0 transactions
ACC-0033,16,Mid-Market,Real Estate,Monthly,0.1922,decline,41.7579,-0.054364,0.076029,0.019672,3,0.5,1,3003.1,3824.96,15,4274.57,42.596,0.080648,0.017412,2,0.1922,-1271.47,-0.297449802,1271.47,decrease,-0.8381,-0.0196755564,-0.004619,0.00226,1,0.5,0,CR-2026-04-004,2026-04-09T10:00:00,Contraction,-1031.05,Seat_Reduction,2,"[""CR-2026-04-004"", ""CR-2026-04-005""]","[""2026-04-09T10:00:00"", ""2026-04-19T10:00:00""]","[""Contraction"", ""Refund""]","[-1031.05, -240.42]","[""Seat_Reduction"", ""Billing_Adjustment""]",-1271.47,0,0,-1271.47,0,0,-1031.05,0,0,-240.42,0,0,0,0.8109117793,0,0,0.1890882207,0,CR-2026-04-004,2026-04-09T10:00:00,Contraction,-1031.05,Seat_Reduction,0,-1031.05,Contraction,Seat_Reduction,-1031.05,0.8109117793,Refund,Billing_Adjustment,-240.42,0.1890882207,Contraction,negative,stable,stable,stable,negative,True,False,False,False,True,False,0.315488923,4,True,-1271.47,-0.0170282185,9146.36,0.1224930329,255.78,0.003425545,4582.42,0.0613702635,4274.57,0,0,0,0,-1271.47,normal,False,,"Contraction -1,031.0500; Refund -240.4200","2 transactions; largest CR-2026-04-004 -1,031.0500 (Seat_Reduction)"
ACC-0034,16,Mid-Market,Manufacturing,Monthly,0.1883,stable,138.3118,-0.03422,0.124436,0.019657,2,0,0,9668.63,9668.63,15,9668.63,135.3173,0.116978,0.080079,2,0.1883,0,0,0,increase,2.9945,0.022129469,0.007458,-0.060422,0,0,0,,,,0,,0,[],[],[],[],[],0,0,0,0,0,0,0,0,0,0,0,0,0,0,0,0,0,0,,,,0,,0,0,,,0,0,,,0,0,No_Change,negative,stable,positive,stable,stable,True,False,False,False,False,False,0,37,False,0,0,9146.36,0.1224930329,-16688.41,-0.2235002727,4582.42,0.0613702635,9668.63,383.5466666667,0.0450278372,1150.64,0,-383.5466666667,normal,False,,No driver activity this period.,0 transactions
ACC-0035,16,SMB,Technology,Annual,0.0633,stable,18.8548,0.075669,0.072918,0.016962,2,-0.3333333333,0,1331.28,1155.81,15,1331.28,20.0598,0.077161,0.02269,3,0.0633,0,0,0,increase,-1.205,-0.0600703895,-0.004243,-0.005728,-1,-0.3333333333,0,,,,0,,0,[],[],[],[],[],0,0,0,0,0,0,0,0,0,0,0,0,0,0,0,0,0,0,,,,0,,0,0,,,0,0,,,0,0,No_Change,positive,stable,stable,stable,stable,True,False,False,False,False,False,0,38,False,0,0,1705.18,0.0228366989,77377.76,1.0362850903,70085.99,0.9386297365,1517.29,-147.3733333333,-0.0880130794,0,-326.21,147.3733333333,normal,False,,No driver activity this period.,0 transactions
ACC-0036,16,SMB,Education,Monthly,0.1291,growth,19.3775,0.124688,0.068215,0.022617,1,inf,0,2509.43,2509.43,15,2343.84,15.1603,0.05,0.02,0,0.1291,165.59,0.0706490204,165.59,increase,4.2172,0.2781739148,0.018215,0.002617,1,inf,0,INV-2026-04-004,2026-04-12T10:00:00,Usage_Overage,165.59,Usage_Above_Commit,1,"[""INV-2026-04-004""]","[""2026-04-12T10:00:00""]","[""Usage_Overage""]",[165.59],"[""Usage_Above_Commit""]",165.59,0,165.59,0,0,0,0,0,0,0,165.59,0,0,0,0,0,0,1,INV-2026-04-004,2026-04-12T10:00:00,Usage_Overage,165.59,Usage_Above_Commit,165.59,0,Usage_Overage,Usage_Above_Commit,165.59,1,,,0,0,Usage_Overage,positive,positive,stable,stable,stable,True,True,False,False,False,False,0.0737695126,15,False,165.59,0.0022176714,1705.18,0.0228366989,165.59,0.0022176714,4582.42,0.0613702635,,,,,,,insufficient_history,False,,Usage_Overage +165.5900,1 transactions; largest INV-2026-04-004 +165.5900 (Usage_Above_Commit)
ACC-0037,16,SMB,Technology,Multi-Year,0.1992,stable,29.8113,-0.048338,0.10965,0.011338,2,0,1,874.75,874.75,15,874.75,29.0193,0.114309,0.022023,2,0.1992,0,0,0,increase,0.792,0.0272921814,-0.004659,-0.010685,0,0,0,,,,0,,0,[],[],[],[],[],0,0,0,0,0,0,0,0,0,0,0,0,0,0,0,0,0,0,,,,0,,0,0,,,0,0,,,0,0,No_Change,negative,stable,positive,stable,negative,True,False,False,False,True,False,0,39,False,0,0,1705.18,0.0228366989,77377.76,1.0362850903,0,0,828.1333333333,46.6166666667,0.0634326666,139.85,0,-46.6166666667,normal,False,,No driver activity this period.,0 transactions
ACC-0038,16,SMB,Energy,Multi-Year,0.1759,stable,9.8825,-0.049306,0.063801,0.018315,1,-0.5,1,647.04,647.04,15,647.04,5.0261,0.048343,0.014422,2,0.1759,0,0,0,increase,4.8564,0.9662362468,0.015458,0.003893,-1,-0.5,0,,,,0,,0,[],[],[],[],[],0,0,0,0,0,0,0,0,0,0,0,0,0,0,0,0,0,0,,,,0,,0,0,,,0,0,,,0,0,No_Change,negative,positive,stable,stable,negative,True,True,False,False,True,False,0,40,False,0,0,1705.18,0.0228366989,582.35,0.0077991483,0,0,647.04,0,0,0,0,0,normal,False,,No driver activity this period.,0 transactions
ACC-0040,16,SMB,Healthcare,Multi-Year,0.0269,stable,32.0842,0.126909,0.141487,0.018416,1,-0.5,0,3671.74,3671.74,15,3671.74,29.1338,0.134327,0.015931,2,0.0269,0,0,0,increase,2.9504,0.101270689,0.00716,0.002485,-1,-0.5,0,,,,0,,0,[],[],[],[],[],0,0,0,0,0,0,0,0,0,0,0,0,0,0,0,0,0,0,,,,0,,0,0,,,0,0,,,0,0,No_Change,positive,stable,stable,stable,stable,True,False,False,False,False,False,0,41,False,0,0,1705.18,0.0228366989,-535.72,-0.0071746539,0,0,3671.74,0,0,0,0,0,normal,False,,No driver activity this period.,0 transactions
ACC-0042,16,SMB,Education,Annual,0.0088,stable,23.8016,0.119651,0.03521,0.019217,1,inf,0,1609.84,1609.84,15,1609.84,19.868,0.044516,0.075976,0,0.0088,0,0,0,increase,3.9336,0.1979867123,-0.009306,-0.056759,1,inf,0,,,,0,,0,[],[],[],[],[],0,0,0,0,0,0,0,0,0,0,0,0,0,0,0,0,0,0,,,,0,,0,0,,,0,0,,,0,0,No_Change,positive,stable,positive,stable,stable,True,False,False,False,False,False,0,42,False,0,0,1705.18,0.0228366989,165.59,0.0022176714,70085.99,0.9386297365,1609.84,-30.6033333333,-0.0179845052,0,-91.81,30.6033333333,normal,False,,No driver activity this period.,0 transactions
ACC-0043,16,SMB,Media,Annual,0.0855,stable,17.6215,0.01541,0.154814,0.01107,2,-0.5,0,586,586,15,586,15.1159,0.141238,0.016625,4,0.0855,0,0,0,increase,2.5056,0.1657592337,0.013576,-0.005555,-2,-0.5,0,,,,0,,0,[],[],[],[],[],0,0,0,0,0,0,0,0,0,0,0,0,0,0,0,0,0,0,,,,0,,0,0,,,0,0,,,0,0,No_Change,stable,positive,stable,positive,stable,False,True,False,False,False,False,0,43,False,0,0,1705.18,0.0228366989,0,0,70085.99,0.9386297365,586,0,0,0,0,0,normal,False,,No driver activity this period.,0 transactions
ACC-0044,16,Mid-Market,Energy,Annual,0.0296,stable,43.7426,0.138594,0.09799,0.020836,1,-0.5,0,10033.73,11645.34,15,10033.73,41.346,0.099234,0.020478,2,0.0296,0,0,0,increase,2.3966,0.0579644948,-0.001244,0.000358,-1,-0.5,0,,,,0,,0,[],[],[],[],[],0,0,0,0,0,0,0,0,0,0,0,0,0,0,0,0,0,0,,,,0,,0,0,,,0,0,,,0,0,No_Change,positive,stable,stable,stable,stable,True,False,False,False,False,False,0,44,False,0,0,9146.36,0.1224930329,582.35,0.0077991483,70085.99,0.9386297365,10033.73,-905.0833333333,-0.0709926075,0,-2715.25,905.0833333333,normal,False,,No driver activity this period.,0 transactions
ACC-0045,16,Enterprise,Manufacturing,Annual,0.1334,decline,863.4232,0.099378,0.082641,0.013066,0,,0,106292.14,106292.14,15,122980.55,882.6568,0.081405,0.024826,0,0.1334,-16688.41,-0.1356995883,16688.41,decrease,-19.2336,-0.0217905759,0.001236,-0.01176,0,,0,CR-2026-04-006,2026-04-21T10:00:00,Contraction,-16688.41,Contract_Downgrade,1,"[""CR-2026-04-006""]","[""2026-04-21T10:00:00""]","[""Contraction""]",[-16688.41],"[""Contract_Downgrade""]",-16688.41,0,0,-16688.41,0,0,-16688.41,0,0,0,0,0,0,1,0,0,0,0,CR-2026-04-006,2026-04-21T10:00:00,Contraction,-16688.41,Contract_Downgrade,0,-16688.41,Contraction,Contract_Downgrade,-16688.41,1,,,0,0,Contraction,positive,stable,positive,stable,stable,True,False,False,False,False,False,0.2813991152,6,True,-16688.41,-0.2235002727,63816.87,0.8546702682,-16688.41,-0.2235002727,70085.99,0.9386297365,122980.55,5048.8033333333,0.0468200825,15146.41,0,-21737.2133333333,unusual_decrease,False,,"Contraction -16,688.4100","1 transactions; largest CR-2026-04-006 -16,688.4100 (Contract_Downgrade)"
ACC-0046,16,Enterprise,Retail,Multi-Year,0.0473,stable,658.7147,-0.015676,0.123455,0.019066,5,-0.375,0,163934.71,163934.71,15,163934.71,653.9803,0.12548,0.018737,8,0.0473,0,0,0,increase,4.7344,0.0072393618,-0.002025,0.000329,-3,-0.375,0,,,,0,,0,[],[],[],[],[],0,0,0,0,0,0,0,0,0,0,0,0,0,0,0,0,0,0,,,,0,,0,0,,,0,0,,,0,0,No_Change,stable,stable,stable,positive,stable,False,False,False,False,False,False,0,45,False,0,0,63816.87,0.8546702682,3966.55,0.0531221972,0,0,163934.71,5993.7866666667,0.0410664549,17981.36,0,-5993.7866666667,normal,False,,No driver activity this period.,0 transactions
ACC-0048,16,SMB,Fintech,Multi-Year,0.0445,stable,8.5124,0.022692,0.065494,0.012455,0,,0,971.42,766.58,15,971.42,4.8769,0.05,0.02,0,0.0445,0,0,0,increase,3.6355,0.7454530542,0.015494,-0.007545,0,,0,,,,0,,0,[],[],[],[],[],0,0,0,0,0,0,0,0,0,0,0,0,0,0,0,0,0,0,,,,0,,0,0,,,0,0,,,0,0,No_Change,positive,positive,stable,stable,stable,True,True,False,False,False,False,0,46,False,0,0,1705.18,0.0228366989,0,0,0,0,,,,,,,insufficient_history,False,,No driver activity this period.,0 transactions
ACC-0049,16,SMB,Manufacturing,Monthly,0.0557,stable,18.3419,0.044539,0.119509,0.010109,2,-0.3333333333,0,996.63,996.63,15,996.63,19.4691,0.129092,0.01763,3,0.0557,0,0,0,increase,-1.1272,-0.0578968725,-0.009583,-0.007521,-1,-0.3333333333,0,,,,0,,0,[],[],[],[],[],0,0,0,0,0,0,0,0,0,0,0,0,0,0,0,0,0,0,,,,0,,0,0,,,0,0,,,0,0,No_Change,positive,stable,stable,stable,stable,True,False,False,False,False,False,0,47,False,0,0,1705.18,0.0228366989,-16688.41,-0.2235002727,4582.42,0.0613702635,996.63,0,0,0,0,0,normal,False,,No driver activity this period.,0 transactions
ACC-0051,16,SMB,Technology,Monthly,0.1457,growth,24.3423,0.000828,0.087571,0.012483,4,-0.2,0,3185.2,3185.2,15,2373.93,22.8736,0.07703,0.018987,5,0.1457,811.27,0.3417413319,811.27,increase,1.4687,0.0642093942,0.010541,-0.006504,-1,-0.2,0,INV-2026-04-005,2026-04-06T10:00:00,Expansion,811.27,Seat_Add,1,"[""INV-2026-04-005""]","[""2026-04-06T10:00:00""]","[""Expansion""]",[811.27],"[""Seat_Add""]",811.27,0,811.27,0,0,811.27,0,0,0,0,0,0,1,0,0,0,0,0,INV-2026-04-005,2026-04-06T10:00:00,Expansion,811.27,Seat_Add,811.27,0,Expansion,Seat_Add,811.27,1,,,0,0,Expansion,stable,positive,stable,stable,stable,False,True,False,False,False,False,0.3569234395,3,True,811.27,0.0108649695,1705.18,0.0228366989,77377.76,1.0362850903,4582.42,0.0613702635,2355.8233333333,160.6233333333,0.083129455,427.55,0,650.6466666667,unusual_increase,False,,Expansion +811.2700,1 transactions; largest INV-2026-04-005 +811.2700 (Seat_Add)
ACC-0052,16,SMB,Technology,Monthly,0.0089,growth,22.9278,0.119071,0.062356,0.014012,3,-0.25,0,1845.06,1845.06,15,1443.82,22.1127,0.057989,0.021875,4,0.0089,401.24,0.2779016775,401.24,increase,0.8151,0.0368611703,0.004367,-0.007863,-1,-0.25,0,INV-2026-04-006,2026-04-12T10:00:00,Expansion,401.24,Feature_Upgrade,1,"[""INV-2026-04-006""]","[""2026-04-12T10:00:00""]","[""Expansion""]",[401.24],"[""Feature_Upgrade""]",401.24,0,401.24,0,0,401.24,0,0,0,0,0,0,1,0,0,0,0,0,INV-2026-04-006,2026-04-12T10:00:00,Expansion,401.24,Feature_Upgrade,401.24,0,Expansion,Feature_Upgrade,401.24,1,,,0,0,Expansion,positive,stable,stable,stable,stable,True,False,False,False,False,False,0.2880417815,5,True,401.24,0.0053736245,1705.18,0.0228366989,77377.76,1.0362850903,4582.42,0.0613702635,,,,,,,insufficient_history,False,,Expansion +401.2400,1 transactions; largest INV-2026-04-006 +401.2400 (Feature_Upgrade)
ACC-0053,16,Mid-Market,Manufacturing,Monthly,0.014,stable,83.5929,0.114199,0.055586,0.024669,1,0,0,19136.92,19136.92,15,19136.92,82.6272,0.060882,0.024224,1,0.014,0,0,0,increase,0.9657,0.0116874346,-0.005296,0.000445,0,0,0,,,,0,,0,[],[],[],[],[],0,0,0,0,0,0,0,0,0,0,0,0,0,0,0,0,0,0,,,,0,,0,0,,,0,0,,,0,0,No_Change,positive,stable,stable,stable,stable,True,False,False,False,False,False,0,48,False,0,0,9146.36,0.1224930329,-16688.41,-0.2235002727,4582.42,0.0613702635,16085.6533333333,1525.6333333333,0.1047823652,4576.9,0,-1525.6333333333,normal,False,,No driver activity this period.,0 transactions
ACC-0054,16,Mid-Market,Logistics,Annual,0.1334,growth,128.9678,-0.037085,0.067784,0.017294,2,0,0,20608.53,20608.53,15,15404.05,125.7975,0.067922,0.016988,2,0.1334,5204.48,0.3378643928,5204.48,increase,3.1703,0.0252016137,-0.000138,0.000306,0,0,0,INV-2026-04-007,2026-04-16T10:00:00,Expansion,5204.48,Feature_Upgrade,1,"[""INV-2026-04-007""]","[""2026-04-16T10:00:00""]","[""Expansion""]",[5204.48],"[""Feature_Upgrade""]",5204.48,0,5204.48,0,0,5204.48,0,0,0,0,0,0,1,0,0,0,0,0,INV-2026-04-007,2026-04-16T10:00:00,Expansion,5204.48,Feature_Upgrade,5204.48,0,Expansion,Feature_Upgrade,5204.48,1,,,0,0,Expansion,negative,stable,stable,stable,stable,True,False,False,False,False,False,0.3904447948,2,True,5204.48,0.0697012297,9146.36,0.1224930329,9544.51,0.1278252744,70085.99,0.9386297365,14406.7433333333,498.6533333333,0.0358534733,1495.96,0,4705.8266666667,unusual_increase,False,,"Expansion +5,204.4800","1 transactions; largest INV-2026-04-007 +5,204.4800 (Feature_Upgrade)"
ACC-0055,16,SMB,Education,Annual,0.0758,stable,28.9883,0.146517,0.130195,0.020895,4,-0.2,0,1273.25,1273.25,15,1273.25,26.4207,0.133542,0.015736,5,0.0758,0,0,0,increase,2.5676,0.0971813767,-0.003347,0.005159,-1,-0.2,0,,,,0,,0,[],[],[],[],[],0,0,0,0,0,0,0,0,0,0,0,0,0,0,0,0,0,0,,,,0,,0,0,,,0,0,,,0,0,No_Change,positive,stable,stable,stable,stable,True,False,False,False,False,False,0,49,False,0,0,1705.18,0.0228366989,165.59,0.0022176714,70085.99,0.9386297365,1169.53,103.72,0.1078069619,311.16,0,-103.72,normal,False,,No driver activity this period.,0 transactions
ACC-0056,16,Enterprise,Logistics,Monthly,0.086,growth,564.3852,-0.056254,0.06929,0.082913,2,0,0,106882.95,106882.95,15,102542.92,548.9978,0.050284,0.015743,2,0.086,4340.03,0.0423240337,4340.03,increase,15.3874,0.0280281633,0.019006,0.06717,0,0,0,INV-2026-04-008,2026-04-11T10:00:00,Usage_Overage,4340.03,Usage_Above_Commit,1,"[""INV-2026-04-008""]","[""2026-04-11T10:00:00""]","[""Usage_Overage""]",[4340.03],"[""Usage_Above_Commit""]",4340.03,0,4340.03,0,0,0,0,0,0,0,4340.03,0,0,0,0,0,0,1,INV-2026-04-008,2026-04-11T10:00:00,Usage_Overage,4340.03,Usage_Above_Commit,4340.03,0,Usage_Overage,Usage_Above_Commit,4340.03,1,,,0,0,Usage_Overage,negative,positive,negative,stable,stable,True,True,True,False,False,False,0.0803849985,14,False,4340.03,0.0581240447,63816.87,0.8546702682,9544.51,0.1278252744,4582.42,0.0613702635,86124.36,13718.4633333333,0.1869346008,16960.71,8860.42,-9378.4333333333,normal,False,,"Usage_Overage +4,340.0300","1 transactions; largest INV-2026-04-008 +4,340.0300 (Usage_Above_Commit)"
ACC-0057,16,SMB,Media,Annual,0.192,stable,22.5701,0.016501,0.106604,0.018936,4,-0.4285714286,1,862.49,748.59,15,862.49,18.3305,0.093368,0.018186,7,0.192,0,0,0,increase,4.2396,0.2312866534,0.013236,0.00075,-3,-0.4285714286,0,,,,0,,0,[],[],[],[],[],0,0,0,0,0,0,0,0,0,0,0,0,0,0,0,0,0,0,,,,0,,0,0,,,0,0,,,0,0,No_Change,stable,positive,stable,positive,negative,False,True,False,False,True,False,0,50,False,0,0,1705.18,0.0228366989,0,0,70085.99,0.9386297365,926.3766666667,-31.9433333333,-0.0333326377,0,-95.83,31.9433333333,normal,False,,No driver activity this period.,0 transactions
ACC-0058,16,Mid-Market,Energy,Monthly,0.1904,growth,67.6188,0.002984,0.069177,0.012194,3,-0.4,0,6244.95,8129.17,15,5573.47,63.4267,0.066003,0.017587,5,0.1904,671.48,0.1204779069,671.48,increase,4.1921,0.0660936167,0.003174,-0.005393,-2,-0.4,0,INV-2026-04-009,2026-04-05T10:00:00,Expansion,671.48,Plan_Upgrade,1,"[""INV-2026-04-009""]","[""2026-04-05T10:00:00""]","[""Expansion""]",[671.48],"[""Plan_Upgrade""]",671.48,0,671.48,0,0,671.48,0,0,0,0,0,0,1,0,0,0,0,0,INV-2026-04-009,2026-04-05T10:00:00,Expansion,671.48,Plan_Upgrade,671.48,0,Expansion,Plan_Upgrade,671.48,1,,,0,0,Expansion,stable,stable,stable,positive,stable,False,False,False,False,False,False,0.129119889,12,False,671.48,0.0089928257,9146.36,0.1224930329,582.35,0.0077991483,4582.42,0.0613702635,5396.4966666667,88.4866666667,0.0166704032,265.46,0,582.9933333333,unusual_increase,False,,Expansion +671.4800,1 transactions; largest INV-2026-04-009 +671.4800 (Plan_Upgrade)
ACC-0060,16,Mid-Market,Education,Monthly,0.0488,stable,109.7914,-0.022241,0.157733,0.010744,2,-0.3333333333,0,6290.55,6290.55,15,6290.55,110.9008,0.148823,0.083272,3,0.0488,0,0,0,increase,-1.1094,-0.0100035347,0.00891,-0.072528,-1,-0.3333333333,0,,,,0,,0,[],[],[],[],[],0,0,0,0,0,0,0,0,0,0,0,0,0,0,0,0,0,0,,,,0,,0,0,,,0,0,,,0,0,No_Change,negative,stable,positive,stable,stable,True,False,False,False,False,False,0,51,False,0,0,9146.36,0.1224930329,165.59,0.0022176714,4582.42,0.0613702635,6879.2133333333,-1397.83,-0.1502473259,0,-2427.5,1397.83,normal,False,,No driver activity this period.,0 transactions
ACC-0061,16,SMB,Real Estate,Monthly,0.1115,stable,14.8795,0.143372,0.053877,0.021033,2,0,0,711.24,711.24,15,711.24,16.3591,0.059175,0.024896,2,0.1115,0,0,0,increase,-1.4796,-0.0904450734,-0.005298,-0.003863,0,0,0,,,,0,,0,[],[],[],[],[],0,0,0,0,0,0,0,0,0,0,0,0,0,0,0,0,0,0,,,,0,,0,0,,,0,0,,,0,0,No_Change,positive,stable,stable,stable,stable,True,False,False,False,False,False,0,52,False,0,0,1705.18,0.0228366989,255.78,0.003425545,4582.42,0.0613702635,711.24,0,0,0,0,0,normal,False,,No driver activity this period.,0 transactions
ACC-0062,16,Mid-Market,Real Estate,Annual,0.19,stable,34.5401,-0.016698,0.058149,0.087036,0,,0,7834.26,7834.26,15,7834.26,34.2323,0.05,0.02,0,0.19,0,0,0,increase,0.3078,0.008991508,0.008149,0.067036,0,,0,,,,0,,0,[],[],[],[],[],0,0,0,0,0,0,0,0,0,0,0,0,0,0,0,0,0,0,,,,0,,0,0,,,0,0,,,0,0,No_Change,stable,stable,negative,stable,stable,False,False,True,False,False,False,0,53,False,0,0,9146.36,0.1224930329,255.78,0.003425545,70085.99,0.9386297365,,,,,,,insufficient_history,False,,No driver activity this period.,0 transactions
ACC-0063,16,Mid-Market,Retail,Annual,0.0949,growth,113.6781,0.052924,0.082153,0.079263,3,-0.25,0,19255.49,19255.49,15,15705.15,106.3055,0.081804,0.020522,4,0.0949,3550.34,0.2260621516,3550.34,increase,7.3726,0.0693529498,0.000349,0.058741,-1,-0.25,0,INV-2026-04-010,2026-04-05T10:00:00,Expansion,2993.53,Seat_Add,2,"[""INV-2026-04-010"", ""INV-2026-04-011""]","[""2026-04-05T10:00:00"", ""2026-04-10T10:00:00""]","[""Expansion"", ""Usage_Overage""]","[2993.53, 556.81]","[""Seat_Add"", ""Usage_Above_Commit""]",3550.34,0,3550.34,0,0,2993.53,0,0,0,0,556.81,0,0.8431671333,0,0,0,0,0.1568328667,INV-2026-04-010,2026-04-05T10:00:00,Expansion,2993.53,Seat_Add,2993.53,0,Expansion,Seat_Add,2993.53,0.8431671333,Usage_Overage,Usage_Above_Commit,556.81,0.1568328667,Expansion,positive,stable,negative,stable,stable,True,False,True,False,False,False,0.2618241367,8,False,3550.34,0.0475480863,9146.36,0.1224930329,3966.55,0.0531221972,70085.99,0.9386297365,15705.15,0,0,0,0,3550.34,normal,False,,"Expansion +2,993.5300; Usage_Overage +556.8100","2 transactions; largest INV-2026-04-010 +2,993.5300 (Seat_Add)"
ACC-0064,16,Mid-Market,Real Estate,Monthly,0.0478,stable,109.3815,0.032335,0.056804,0.017117,0,,0,11419.31,11419.31,15,11419.31,110.5604,0.05,0.02,0,0.0478,0,0,0,increase,-1.1789,-0.0106629498,0.006804,-0.002883,0,,0,,,,0,,0,[],[],[],[],[],0,0,0,0,0,0,0,0,0,0,0,0,0,0,0,0,0,0,,,,0,,0,0,,,0,0,,,0,0,No_Change,positive,stable,stable,stable,stable,True,False,False,False,False,False,0,54,False,0,0,9146.36,0.1224930329,255.78,0.003425545,4582.42,0.0613702635,,,,,,,insufficient_history,False,,No driver activity this period.,0 transactions
ACC-0065,16,SMB,Energy,Multi-Year,0.0161,stable,25.6438,-0.003434,0.103986,0.017861,2,1,0,981.23,981.23,15,981.23,26.4791,0.104968,0.017604,1,0.0161,0,0,0,increase,-0.8353,-0.0315456341,-0.000982,0.000257,1,1,0,,,,0,,0,[],[],[],[],[],0,0,0,0,0,0,0,0,0,0,0,0,0,0,0,0,0,0,,,,0,,0,0,,,0,0,,,0,0,No_Change,stable,stable,stable,stable,stable,False,False,False,False,False,False,0,55,False,0,0,1705.18,0.0228366989,582.35,0.0077991483,0,0,1043.23,-62,-0.0531172091,0,-186,62,normal,False,,No driver activity this period.,0 transactions
ACC-0066,16,Mid-Market,Healthcare,Monthly,0.0662,growth,15.3557,0.144072,0.040209,0.013868,1,inf,0,3859.3,4378.43,15,3278.32,16.3065,0.05,0.02,0,0.0662,580.98,0.1772188194,580.98,increase,-0.9508,-0.0583080367,-0.009791,-0.006132,1,inf,0,INV-2026-04-012,2026-04-19T10:00:00,Expansion,580.98,Feature_Upgrade,1,"[""INV-2026-04-012""]","[""2026-04-19T10:00:00""]","[""Expansion""]",[580.98],"[""Feature_Upgrade""]",580.98,0,580.98,0,0,580.98,0,0,0,0,0,0,1,0,0,0,0,0,INV-2026-04-012,2026-04-19T10:00:00,Expansion,580.98,Feature_Upgrade,580.98,0,Expansion,Feature_Upgrade,580.98,1,,,0,0,Expansion,positive,stable,stable,stable,stable,True,False,False,False,False,False,0.1864596929,10,False,580.98,0.0077808005,9146.36,0.1224930329,-535.72,-0.0071746539,4582.42,0.0613702635,,,,,,,insufficient_history,False,,Expansion +580.9800,1 transactions; largest INV-2026-04-012 +580.9800 (Feature_Upgrade)
ACC-0067,16,SMB,Technology,Multi-Year,0.0039,stable,10.5758,0.09768,0.060121,0.021474,2,1,0,312.97,239.66,15,312.97,8.4812,0.051393,0.024773,1,0.0039,0,0,0,increase,2.0946,0.2469697684,0.008728,-0.003299,1,1,0,,,,0,,0,[],[],[],[],[],0,0,0,0,0,0,0,0,0,0,0,0,0,0,0,0,0,0,,,,0,,0,0,,,0,0,,,0,0,No_Change,positive,stable,stable,stable,stable,True,False,False,False,False,False,0,56,False,0,0,1705.18,0.0228366989,77377.76,1.0362850903,0,0,312.97,0,0,0,0,0,normal,False,,No driver activity this period.,0 transactions
ACC-0068,16,SMB,Education,Multi-Year,0.1907,stable,13.4757,-0.047445,0.063457,0.016601,2,1,0,2285.07,2285.07,15,2285.07,15.1963,0.061474,0.020721,1,0.1907,0,0,0,increase,-1.7206,-0.1132249298,0.001983,-0.00412,1,1,0,,,,0,,0,[],[],[],[],[],0,0,0,0,0,0,0,0,0,0,0,0,0,0,0,0,0,0,,,,0,,0,0,,,0,0,,,0,0,No_Change,negative,stable,stable,stable,stable,True,False,False,False,False,False,0,57,False,0,0,1705.18,0.0228366989,165.59,0.0022176714,0,0,,,,,,,insufficient_history,False,,No driver activity this period.,0 transactions
ACC-0069,16,Mid-Market,Logistics,Monthly,0.0058,stable,131.9666,-0.019092,0.067739,0.012648,1,0,0,9621.48,7796.83,15,9621.48,133.9631,0.055102,0.0208,1,0.0058,0,0,0,increase,-1.9965,-0.0149033577,0.012637,-0.008152,0,0,0,,,,0,,0,[],[],[],[],[],0,0,0,0,0,0,0,0,0,0,0,0,0,0,0,0,0,0,,,,0,,0,0,,,0,0,,,0,0,No_Change,stable,positive,stable,stable,stable,False,True,False,False,False,False,0,58,False,0,0,9146.36,0.1224930329,9544.51,0.1278252744,4582.42,0.0613702635,10265.0766666667,-643.5966666667,-0.0557117057,0,-1930.79,643.5966666667,normal,False,,No driver activity this period.,0 transactions
ACC-0070,16,Enterprise,Technology,Annual,0.1814,growth,707.015,0.003146,0.167321,0.010681,2,0,0,389506.32,506598.26,15,313341.07,688.2563,0.148394,0.01465,2,0.1814,76165.25,0.2430745832,76165.25,increase,18.7587,0.0272553989,0.018927,-0.003969,0,0,0,INV-2026-04-013,2026-04-22T10:00:00,Expansion,76165.25,Feature_Upgrade,1,"[""INV-2026-04-013""]","[""2026-04-22T10:00:00""]","[""Expansion""]",[76165.25],"[""Feature_Upgrade""]",76165.25,0,76165.25,0,0,76165.25,0,0,0,0,0,0,1,0,0,0,0,0,INV-2026-04-013,2026-04-22T10:00:00,Expansion,76165.25,Feature_Upgrade,76165.25,0,Expansion,Feature_Upgrade,76165.25,1,,,0,0,Expansion,stable,positive,stable,stable,stable,False,True,False,False,False,False,0.8989488282,1,True,76165.25,1.0200464962,63816.87,0.8546702682,77377.76,1.0362850903,70085.99,0.9386297365,261334.6433333333,52336.8366666667,0.2620987951,57253.46,49382.91,23828.4133333333,normal,False,,"Expansion +76,165.2500","1 transactions; largest INV-2026-04-013 +76,165.2500 (Feature_Upgrade)"
ACC-0001,17,Enterprise,Technology,Annual,0.049,stable,409.3897,-0.039161,0.164941,0.016128,2,0,0,93514.44,93514.44,16,93514.44,410.8214,0.167745,0.019315,2,0.049,0,0,0,increase,-1.4317,-0.0034849694,-0.002804,-0.003187,0,0,0,,,,0,,0,[],[],[],[],[],0,0,0,0,0,0,0,0,0,0,0,0,0,0,0,0,0,0,,,,0,,0,0,,,0,0,,,0,0,No_Change,negative,stable,stable,stable,stable,True,False,False,False,False,False,0,21,False,0,0,117091.94,0.9631022549,114720.49,0.9435966523,123062.71,1.0122129114,93514.44,1588.03,0.0178932252,4764.09,0,-1588.03,normal,False,,No driver activity this period.,0 transactions
ACC-0002,17,Enterprise,Healthcare,Annual,0.0064,stable,564.237,0.105608,0.211918,0.021798,2,1,0,63677.69,63677.69,16,63677.69,559.8696,0.212116,0.023551,1,0.0064,0,0,0,increase,4.3674,0.007800745,-0.000198,-0.001753,1,1,0,,,,0,,0,[],[],[],[],[],0,0,0,0,0,0,0,0,0,0,0,0,0,0,0,0,0,0,,,,0,,0,0,,,0,0,,,0,0,No_Change,positive,stable,stable,stable,stable,True,False,False,False,False,False,0,22,False,0,0,117091.94,0.9631022549,519.13,0.0042699376,123062.71,1.0122129114,63677.69,0,0,0,0,0,normal,False,,No driver activity this period.,0 transactions
ACC-0003,17,Mid-Market,Real Estate,Monthly,0.13,stable,50.3197,-0.026944,0.126346,0.010746,1,-0.5,0,5128.35,5128.35,16,5128.35,48.1462,0.109846,0.078227,2,0.13,0,0,0,increase,2.1735,0.0451437497,0.0165,-0.067481,-1,-0.5,0,,,,0,,0,[],[],[],[],[],0,0,0,0,0,0,0,0,0,0,0,0,0,0,0,0,0,0,,,,0,,0,0,,,0,0,,,0,0,No_Change,negative,positive,positive,stable,stable,True,True,False,False,False,False,0,23,False,0,0,9969.87,0.0820039729,-466.98,-0.0038409944,2444.61,0.0201073567,5397.0233333333,-31.4133333333,0.0001554543,711.78,-806.02,31.4133333333,normal,False,,No driver activity this period.,0 transactions
ACC-0004,17,SMB,Fintech,Annual,0.0319,stable,46.8824,0.130114,0.11524,0.010799,5,4,0,4032.55,3573.9,16,4032.55,47.3281,0.111706,0.011258,1,0.0319,0,0,0,increase,-0.4457,-0.0094172384,0.003534,-0.000459,4,4,0,,,,0,,0,[],[],[],[],[],0,0,0,0,0,0,0,0,0,0,0,0,0,0,0,0,0,0,,,,0,,0,0,,,0,0,,,0,0,No_Change,positive,stable,stable,negative,stable,True,False,False,True,False,False,0,24,False,0,0,-5483.92,-0.0451062278,-204.84,-0.0016848458,123062.71,1.0122129114,4339.01,-306.46,-0.0618869814,0,-919.38,306.46,normal,False,,No driver activity this period.,0 transactions
ACC-0005,17,SMB,Energy,Monthly,0.076,stable,39.0323,0.071141,0.154106,0.021565,1,0,0,3111.15,3111.15,16,3111.15,40.7439,0.138193,0.024124,1,0.076,0,0,0,increase,-1.7116,-0.0420087424,0.015913,-0.002559,0,0,0,,,,0,,0,[],[],[],[],[],0,0,0,0,0,0,0,0,0,0,0,0,0,0,0,0,0,0,,,,0,,0,0,,,0,0,,,0,0,No_Change,positive,positive,stable,stable,stable,True,True,False,False,False,False,0,25,False,0,0,-5483.92,-0.0451062278,3495.83,0.0287538302,2444.61,0.0201073567,3027.93,341,0.1525317365,773.34,0,-341,normal,False,,No driver activity this period.,0 transactions
ACC-0006,17,Mid-Market,Media,Annual,0.1946,growth,504.7439,0.027756,0.097491,0.014342,1,-0.5,0,125577.8,125577.8,16,117523.42,486.6293,0.101902,0.02405,2,0.1946,8054.38,0.0685342547,8054.38,increase,18.1146,0.037224639,-0.004411,-0.009708,-1,-0.5,0,INV-2026-05-001,2026-05-07T10:00:00,Usage_Overage,8054.38,Usage_Above_Commit,1,"[""INV-2026-05-001""]","[""2026-05-07T10:00:00""]","[""Usage_Overage""]",[8054.38],"[""Usage_Above_Commit""]",8054.38,0,8054.38,0,0,0,0,0,0,0,8054.38,0,0,0,0,0,0,1,INV-2026-05-001,2026-05-07T10:00:00,Usage_Overage,8054.38,Usage_Above_Commit,8054.38,0,Usage_Overage,Usage_Above_Commit,8054.38,1,,,0,0,Usage_Overage,positive,stable,stable,stable,stable,True,False,False,False,False,False,0.0686984099,9,False,8054.38,0.0662487233,9969.87,0.0820039729,7940.48,0.0653118754,123062.71,1.0122129114,108924.6266666667,8598.7933333333,0.0937432772,25796.38,0,-544.4133333333,normal,False,,"Usage_Overage +8,054.3800","1 transactions; largest INV-2026-05-001 +8,054.3800 (Usage_Above_Commit)"
ACC-0007,17,Mid-Market,Technology,Multi-Year,0.0723,decline,137.6913,0.026925,0.149196,0.01345,1,0,0,24683.98,24683.98,16,26806.65,138.3705,0.137595,0.014803,1,0.0723,-2122.67,-0.0791844561,2122.67,decrease,-0.6792,-0.0049085607,0.011601,-0.001353,0,0,0,CR-2026-05-001,2026-05-12T10:00:00,Contraction,-2122.67,Seat_Reduction,1,"[""CR-2026-05-001""]","[""2026-05-12T10:00:00""]","[""Contraction""]",[-2122.67],"[""Seat_Reduction""]",-2122.67,0,0,-2122.67,0,0,-2122.67,0,0,0,0,0,0,1,0,0,0,0,CR-2026-05-001,2026-05-12T10:00:00,Contraction,-2122.67,Seat_Reduction,0,-2122.67,Contraction,Seat_Reduction,-2122.67,1,,,0,0,Contraction,positive,positive,stable,stable,stable,True,True,False,False,False,False,0.0394979112,16,False,-2122.67,-0.0174593423,9969.87,0.0820039729,114720.49,0.9435966523,-3929.43,-0.0323202681,26806.65,0,0,0,0,-2122.67,normal,False,,"Contraction -2,122.6700","1 transactions; largest CR-2026-05-001 -2,122.6700 (Seat_Reduction)"
ACC-0009,17,SMB,Energy,Monthly,0.0711,stable,83.7194,-0.050698,0.158577,0.013881,6,1,0,12147.28,10631.01,16,12147.28,80.4506,0.139606,0.01997,3,0.0711,0,0,0,increase,3.2688,0.0406311451,0.018971,-0.006089,3,1,0,,,,0,,0,[],[],[],[],[],0,0,0,0,0,0,0,0,0,0,0,0,0,0,0,0,0,0,,,,0,,0,0,,,0,0,,,0,0,No_Change,negative,positive,stable,negative,stable,True,True,False,True,False,False,0,26,False,0,0,-5483.92,-0.0451062278,3495.83,0.0287538302,2444.61,0.0201073567,13004.77,-857.49,-0.0582543861,0,-2572.47,857.49,normal,False,,No driver activity this period.,0 transactions
ACC-0010,17,SMB,Healthcare,Annual,0.0342,stable,55.7708,-0.003607,0.177321,0.010726,1,-0.5,0,5603.91,5603.91,16,5603.91,53.8078,0.172761,0.024522,2,0.0342,0,0,0,increase,1.963,0.0364816997,0.00456,-0.013796,-1,-0.5,0,,,,0,,0,[],[],[],[],[],0,0,0,0,0,0,0,0,0,0,0,0,0,0,0,0,0,0,,,,0,,0,0,,,0,0,,,0,0,No_Change,stable,stable,positive,stable,stable,False,False,False,False,False,False,0,27,False,0,0,-5483.92,-0.0451062278,519.13,0.0042699376,123062.71,1.0122129114,5185.8,418.11,0.0961265226,1254.33,0,-418.11,normal,False,,No driver activity this period.,0 transactions
ACC-0013,17,Mid-Market,Media,Monthly,0.0279,stable,70.1034,0.054168,0.126833,0.014824,1,-0.5,1,12983.42,12983.42,16,12983.42,68.7456,0.113389,0.017887,2,0.0279,0,0,0,increase,1.3578,0.0197510823,0.013444,-0.003063,-1,-0.5,0,,,,0,,0,[],[],[],[],[],0,0,0,0,0,0,0,0,0,0,0,0,0,0,0,0,0,0,,,,0,,0,0,,,0,0,,,0,0,No_Change,positive,positive,stable,stable,negative,True,True,False,False,True,False,0,28,False,0,0,9969.87,0.0820039729,7940.48,0.0653118754,2444.61,0.0201073567,12104.1633333333,879.2566666667,0.0849880546,2637.77,0,-879.2566666667,normal,False,,No driver activity this period.,0 transactions
ACC-0014,17,SMB,Education,Multi-Year,0.0799,stable,75.8327,0.124358,0.110945,0.020212,2,0,0,9879.22,7911.77,16,9879.22,74.5214,0.115779,0.014291,2,0.0799,0,0,0,increase,1.3113,0.0175962878,-0.004834,0.005921,0,0,0,,,,0,,0,[],[],[],[],[],0,0,0,0,0,0,0,0,0,0,0,0,0,0,0,0,0,0,,,,0,,0,0,,,0,0,,,0,0,No_Change,positive,stable,stable,stable,stable,True,False,False,False,False,False,0,29,False,0,0,-5483.92,-0.0451062278,-2494.19,-0.0205151611,-3929.43,-0.0323202681,9879.22,495.25,0.0590042021,1485.75,0,-495.25,normal,False,,No driver activity this period.,0 transactions
ACC-0016,17,SMB,Education,Annual,0.0936,churned,23.2617,0.135956,0.185351,0.024242,2,0,0,0,,16,2614.79,25.1415,0.192038,0.018222,2,0.0936,-2614.79,-1,2614.79,decrease,-1.8798,-0.0747688085,-0.006687,0.00602,0,0,0,CR-2026-05-002,2026-05-24T10:00:00,Churn,-2614.79,Budget_Cut,1,"[""CR-2026-05-002""]","[""2026-05-24T10:00:00""]","[""Churn""]",[-2614.79],"[""Budget_Cut""]",-2614.79,0,0,-2614.79,0,0,0,-2614.79,0,0,0,0,0,0,1,0,0,0,CR-2026-05-002,2026-05-24T10:00:00,Churn,-2614.79,Budget_Cut,0,-2614.79,Churn,Budget_Cut,-2614.79,1,,,0,0,Churn,positive,stable,stable,stable,stable,True,False,False,False,False,False,0.3645152049,2,True,-2614.79,-0.0215071178,-5483.92,-0.0451062278,-2494.19,-0.0205151611,123062.71,1.0122129114,2465.8533333333,188.7366666667,0.0881264499,446.81,0,-2803.5266666667,unusual_decrease,True,Budget_Cut,"Churn -2,614.7900","1 transactions; largest CR-2026-05-002 -2,614.7900 (Budget_Cut)"
ACC-0017,17,Mid-Market,Healthcare,Annual,0.1074,stable,37.744,0.06365,0.102133,0.010729,2,1,0,989.64,989.64,16,989.64,33.0506,0.108094,0.010698,1,0.1074,0,0,0,increase,4.6934,0.1420064991,-0.005961,0.000031,1,1,0,,,,0,,0,[],[],[],[],[],0,0,0,0,0,0,0,0,0,0,0,0,0,0,0,0,0,0,,,,0,,0,0,,,0,0,,,0,0,No_Change,positive,stable,stable,stable,stable,True,False,False,False,False,False,0,30,False,0,0,9969.87,0.0820039729,519.13,0.0042699376,123062.71,1.0122129114,989.64,0,0,0,0,0,normal,False,,No driver activity this period.,0 transactions
ACC-0018,17,SMB,Retail,Annual,0.1908,decline,28.2869,0.131307,0.105415,0.010088,2,0,0,1935.83,1935.83,16,2043.21,28.0161,0.105923,0.083371,2,0.1908,-107.38,-0.0525545588,107.38,decrease,0.2708,0.0096658707,-0.000508,-0.073283,0,0,0,CR-2026-05-003,2026-05-09T10:00:00,Contraction,-107.38,Contract_Downgrade,1,"[""CR-2026-05-003""]","[""2026-05-09T10:00:00""]","[""Contraction""]",[-107.38],"[""Contract_Downgrade""]",-107.38,0,0,-107.38,0,0,-107.38,0,0,0,0,0,0,1,0,0,0,0,CR-2026-05-003,2026-05-09T10:00:00,Contraction,-107.38,Contract_Downgrade,0,-107.38,Contraction,Contract_Downgrade,-107.38,1,,,0,0,Contraction,positive,stable,positive,stable,stable,True,False,False,False,False,False,0.0189901827,19,False,-107.38,-0.0008832198,-5483.92,-0.0451062278,-107.38,-0.0008832198,123062.71,1.0122129114,1765.7366666667,113.2866666667,0.0703303154,416.21,-76.35,-220.6666666667,unusual_decrease,False,,Contraction -107.3800,1 transactions; largest CR-2026-05-003 -107.3800 (Contract_Downgrade)
ACC-0019,17,Mid-Market,Real Estate,Annual,0.1741,decline,56.2368,0.032379,0.117426,0.022254,2,0,0,12935.47,12935.47,16,13698.87,57.4195,0.122918,0.019063,2,0.1741,-763.4,-0.0557272242,763.4,decrease,-1.1827,-0.0205975322,-0.005492,0.003191,0,0,0,CR-2026-05-004,2026-05-06T10:00:00,Contraction,-763.4,Contract_Downgrade,1,"[""CR-2026-05-004""]","[""2026-05-06T10:00:00""]","[""Contraction""]",[-763.4],"[""Contract_Downgrade""]",-763.4,0,0,-763.4,0,0,-763.4,0,0,0,0,0,0,1,0,0,0,0,CR-2026-05-004,2026-05-06T10:00:00,Contraction,-763.4,Contract_Downgrade,0,-763.4,Contraction,Contract_Downgrade,-763.4,1,,,0,0,Contraction,positive,stable,stable,stable,stable,True,False,False,False,False,False,0.0237423095,17,False,-763.4,-0.0062791022,9969.87,0.0820039729,-466.98,-0.0038409944,123062.71,1.0122129114,12680.7033333333,332.53,0.0279250014,1527.25,-529.66,-1095.93,unusual_decrease,False,,Contraction -763.4000,1 transactions; largest CR-2026-05-004 -763.4000 (Contract_Downgrade)
ACC-0020,17,SMB,Energy,Annual,0.1079,stable,29.0492,0.121025,0.128267,0.016186,2,0,0,1049.1,1049.1,16,1049.1,25.5286,0.131656,0.016883,2,0.1079,0,0,0,increase,3.5206,0.1379080717,-0.003389,-0.000697,0,0,0,,,,0,,0,[],[],[],[],[],0,0,0,0,0,0,0,0,0,0,0,0,0,0,0,0,0,0,,,,0,,0,0,,,0,0,,,0,0,No_Change,positive,stable,stable,stable,stable,True,False,False,False,False,False,0,31,False,0,0,-5483.92,-0.0451062278,3495.83,0.0287538302,123062.71,1.0122129114,1108.52,-29.71,-0.0261019302,0,-89.13,29.71,normal,False,,No driver activity this period.,0 transactions
ACC-0021,17,SMB,Real Estate,Multi-Year,0.0846,churned,23.6842,0.050616,0.088757,0.018109,1,-0.5,0,0,,16,1961.58,20.0628,0.089001,0.014263,2,0.0846,-1961.58,-1,1961.58,decrease,3.6214,0.1805032199,-0.000244,0.003846,-1,-0.5,0,CR-2026-05-005,2026-05-06T10:00:00,Churn,-1961.58,Competitor_Switch,1,"[""CR-2026-05-005""]","[""2026-05-06T10:00:00""]","[""Churn""]",[-1961.58],"[""Competitor_Switch""]",-1961.58,0,0,-1961.58,0,0,0,-1961.58,0,0,0,0,0,0,1,0,0,0,CR-2026-05-005,2026-05-06T10:00:00,Churn,-1961.58,Competitor_Switch,0,-1961.58,Churn,Competitor_Switch,-1961.58,1,,,0,0,Churn,positive,stable,stable,stable,stable,True,False,False,False,False,False,0.3608891099,3,True,-1961.58,-0.0161343481,-5483.92,-0.0451062278,-466.98,-0.0038409944,-3929.43,-0.0323202681,1961.58,0,0,0,0,-1961.58,normal,True,Competitor_Switch,"Churn -1,961.5800","1 transactions; largest CR-2026-05-005 -1,961.5800 (Competitor_Switch)"
ACC-0022,17,Mid-Market,Education,Multi-Year,0.13,growth,54.5078,0.004652,0.059502,0.023831,6,5,0,8576.55,8576.55,16,8143.58,49.0992,0.059186,0.018095,1,0.13,432.97,0.0531670346,432.97,increase,5.4086,0.110156581,0.000316,0.005736,5,5,0,INV-2026-05-002,2026-05-16T10:00:00,Expansion,432.97,Plan_Upgrade,1,"[""INV-2026-05-002""]","[""2026-05-16T10:00:00""]","[""Expansion""]",[432.97],"[""Plan_Upgrade""]",432.97,0,432.97,0,0,432.97,0,0,0,0,0,0,1,0,0,0,0,0,INV-2026-05-002,2026-05-16T10:00:00,Expansion,432.97,Plan_Upgrade,432.97,0,Expansion,Plan_Upgrade,432.97,1,,,0,0,Expansion,stable,stable,stable,negative,stable,False,False,False,True,False,False,0.0210119623,18,False,432.97,0.0035612561,9969.87,0.0820039729,-2494.19,-0.0205151611,-3929.43,-0.0323202681,,,,,,,insufficient_history,False,,Expansion +432.9700,1 transactions; largest INV-2026-05-002 +432.9700 (Plan_Upgrade)
ACC-0024,17,SMB,Healthcare,Multi-Year,0.1719,stable,37.5367,-0.04352,0.155163,0.013401,2,0,1,1040.28,1040.28,16,1040.28,33.8167,0.152668,0.010561,2,0.1719,0,0,0,increase,3.72,0.1100048201,0.002495,0.00284,0,0,0,,,,0,,0,[],[],[],[],[],0,0,0,0,0,0,0,0,0,0,0,0,0,0,0,0,0,0,,,,0,,0,0,,,0,0,,,0,0,No_Change,negative,stable,stable,stable,negative,True,False,False,False,True,False,0,32,False,0,0,-5483.92,-0.0451062278,519.13,0.0042699376,-3929.43,-0.0323202681,1040.28,0,0,0,0,0,normal,False,,No driver activity this period.,0 transactions
ACC-0025,17,Mid-Market,Real Estate,Monthly,0.1871,growth,86.392,0.050628,0.059643,0.07907,1,inf,0,13664.16,13664.16,16,12307.74,85.4567,0.05,0.02,0,0.1871,1356.42,0.1102086979,1356.42,increase,0.9353,0.0109447241,0.009643,0.05907,1,inf,0,INV-2026-05-003,2026-05-23T10:00:00,Expansion,1356.42,Plan_Upgrade,1,"[""INV-2026-05-003""]","[""2026-05-23T10:00:00""]","[""Expansion""]",[1356.42],"[""Plan_Upgrade""]",1356.42,0,1356.42,0,0,1356.42,0,0,0,0,0,0,1,0,0,0,0,0,INV-2026-05-003,2026-05-23T10:00:00,Expansion,1356.42,Plan_Upgrade,1356.42,0,Expansion,Plan_Upgrade,1356.42,1,,,0,0,Expansion,positive,stable,negative,stable,stable,True,False,True,False,False,False,0.046102794,15,False,1356.42,0.0111567983,9969.87,0.0820039729,-466.98,-0.0038409944,2444.61,0.0201073567,,,,,,,insufficient_history,False,,"Expansion +1,356.4200","1 transactions; largest INV-2026-05-003 +1,356.4200 (Plan_Upgrade)"
ACC-0026,17,SMB,Healthcare,Annual,0.0709,stable,15.9139,0.143451,0.07002,0.02432,1,inf,0,2200.44,2200.44,16,2200.44,13.2145,0.073935,0.012899,0,0.0709,0,0,0,increase,2.6994,0.2042756063,-0.003915,0.011421,1,inf,0,,,,0,,0,[],[],[],[],[],0,0,0,0,0,0,0,0,0,0,0,0,0,0,0,0,0,0,,,,0,,0,0,,,0,0,,,0,0,No_Change,positive,stable,negative,stable,stable,True,False,True,False,False,False,0,33,False,0,0,-5483.92,-0.0451062278,519.13,0.0042699376,123062.71,1.0122129114,2200.44,0,0,0,0,0,normal,False,,No driver activity this period.,0 transactions
ACC-0027,17,Mid-Market,Healthcare,Monthly,0.1456,stable,64.4347,0.021809,0.131423,0.082456,3,-0.4,0,4165.83,4165.83,16,4165.83,61.4979,0.131988,0.018014,5,0.1456,0,0,0,increase,2.9368,0.0477544762,-0.000565,0.064442,-2,-0.4,0,,,,0,,0,[],[],[],[],[],0,0,0,0,0,0,0,0,0,0,0,0,0,0,0,0,0,0,,,,0,,0,0,,,0,0,,,0,0,No_Change,positive,stable,negative,positive,stable,True,False,True,False,False,False,0,34,False,0,0,9969.87,0.0820039729,519.13,0.0042699376,2444.61,0.0201073567,4910.2966666667,-333.8333333333,-0.0630336689,115.2,-1116.7,333.8333333333,normal,False,,No driver activity this period.,0 transactions
ACC-0028,17,SMB,Education,Monthly,0.0925,decline,25.3086,0.061367,0.098101,0.080529,2,0,0,1765.28,1765.28,16,2077.65,23.7491,0.107097,0.013386,2,0.0925,-312.37,-0.1503477487,312.37,decrease,1.5595,0.0656656463,-0.008996,0.067143,0,0,0,CR-2026-05-006,2026-05-02T10:00:00,Contraction,-312.37,Seat_Reduction,1,"[""CR-2026-05-006""]","[""2026-05-02T10:00:00""]","[""Contraction""]",[-312.37],"[""Seat_Reduction""]",-312.37,0,0,-312.37,0,0,-312.37,0,0,0,0,0,0,1,0,0,0,0,CR-2026-05-006,2026-05-02T10:00:00,Contraction,-312.37,Seat_Reduction,0,-312.37,Contraction,Seat_Reduction,-312.37,1,,,0,0,Contraction,positive,stable,negative,stable,stable,True,False,True,False,False,False,0.0543557383,11,False,-312.37,-0.0025692994,-5483.92,-0.0451062278,-2494.19,-0.0205151611,2444.61,0.0201073567,2077.65,0,0,0,0,-312.37,normal,False,,Contraction -312.3700,1 transactions; largest CR-2026-05-006 -312.3700 (Seat_Reduction)
ACC-0029,17,SMB,Real Estate,Annual,0.1938,growth,25.2905,-0.045213,0.059445,0.077274,1,0,0,1857.55,1857.55,16,1777.83,22.0587,0.069419,0.020731,1,0.1938,79.72,0.0448411828,79.72,increase,3.2318,0.1465090871,-0.009974,0.056543,0,0,0,INV-2026-05-004,2026-05-04T10:00:00,Usage_Overage,79.72,Usage_Above_Commit,1,"[""INV-2026-05-004""]","[""2026-05-04T10:00:00""]","[""Usage_Overage""]",[79.72],"[""Usage_Above_Commit""]",79.72,0,79.72,0,0,0,0,0,0,0,79.72,0,0,0,0,0,0,1,INV-2026-05-004,2026-05-04T10:00:00,Usage_Overage,79.72,Usage_Above_Commit,79.72,0,Usage_Overage,Usage_Above_Commit,79.72,1,,,0,0,Usage_Overage,negative,stable,negative,stable,stable,True,False,True,False,False,False,0.0161369551,20,False,79.72,0.0006557113,-5483.92,-0.0451062278,-466.98,-0.0038409944,123062.71,1.0122129114,1818.89,-41.06,-0.0215990447,0,-123.18,120.78,normal,False,,Usage_Overage +79.7200,1 transactions; largest INV-2026-05-004 +79.7200 (Usage_Above_Commit)
ACC-0032,17,SMB,Fintech,Annual,0.1084,stable,22.1204,0.03739,0.107266,0.01941,5,1.5,0,410.31,410.31,16,410.31,18.0195,0.098462,0.021209,2,0.1084,0,0,0,increase,4.1009,0.2275812314,0.008804,-0.001799,3,1.5,0,,,,0,,0,[],[],[],[],[],0,0,0,0,0,0,0,0,0,0,0,0,0,0,0,0,0,0,,,,0,,0,0,,,0,0,,,0,0,No_Change,positive,stable,stable,negative,stable,True,False,False,True,False,False,0,35,False,0,0,-5483.92,-0.0451062278,-204.84,-0.0016848458,123062.71,1.0122129114,410.31,0,0,0,0,0,normal,False,,No driver activity this period.,0 transactions
ACC-0033,17,Mid-Market,Real Estate,Monthly,0.1922,growth,44.0631,-0.001784,0.073766,0.022274,2,-0.3333333333,0,3824.96,4083.35,16,3003.1,41.7579,0.076029,0.019672,3,0.1922,821.86,0.2736705404,821.86,increase,2.3052,0.0552039255,-0.002263,0.002602,-1,-0.3333333333,0,INV-2026-05-005,2026-05-26T10:00:00,Expansion,821.86,Plan_Upgrade,1,"[""INV-2026-05-005""]","[""2026-05-26T10:00:00""]","[""Expansion""]",[821.86],"[""Plan_Upgrade""]",821.86,0,821.86,0,0,821.86,0,0,0,0,0,0,1,0,0,0,0,0,INV-2026-05-005,2026-05-26T10:00:00,Expansion,821.86,Plan_Upgrade,821.86,0,Expansion,Plan_Upgrade,821.86,1,,,0,0,Expansion,stable,stable,stable,stable,stable,False,False,False,False,False,False,0.1003469929,5,True,821.86,0.0067599462,9969.87,0.0820039729,-466.98,-0.0038409944,2444.61,0.0201073567,3850.7466666667,-423.8233333333,-0.099149934,0,-1271.47,1245.6833333333,normal,False,,Expansion +821.8600,1 transactions; largest INV-2026-05-005 +821.8600 (Plan_Upgrade)
ACC-0034,17,Mid-Market,Manufacturing,Monthly,0.1883,stable,137.3434,0.080002,0.128075,0.013462,2,0,0,9668.63,12118.97,16,9668.63,138.3118,0.124436,0.019657,2,0.1883,0,0,0,increase,-0.9684,-0.0070015718,0.003639,-0.006195,0,0,0,,,,0,,0,[],[],[],[],[],0,0,0,0,0,0,0,0,0,0,0,0,0,0,0,0,0,0,,,,0,,0,0,,,0,0,,,0,0,No_Change,positive,stable,stable,stable,stable,True,False,False,False,False,False,0,36,False,0,0,9969.87,0.0820039729,0,0,2444.61,0.0201073567,9668.63,0,0,0,0,0,normal,False,,No driver activity this period.,0 transactions
ACC-0035,17,SMB,Technology,Annual,0.0633,decline,21.0884,0.028624,0.068198,0.024457,5,1.5,0,1155.81,1155.81,16,1331.28,18.8548,0.072918,0.016962,2,0.0633,-175.47,-0.1318054804,175.47,decrease,2.2336,0.118463203,-0.00472,0.007495,3,1.5,0,CR-2026-05-007,2026-05-15T10:00:00,Contraction,-139.18,Contract_Downgrade,2,"[""CR-2026-05-007"", ""CR-2026-05-008""]","[""2026-05-15T10:00:00"", ""2026-05-25T10:00:00""]","[""Contraction"", ""Refund""]","[-139.18, -36.29]","[""Contract_Downgrade"", ""Billing_Adjustment""]",-175.47,0,0,-175.47,0,0,-139.18,0,0,-36.29,0,0,0,0.7931840201,0,0,0.2068159799,0,CR-2026-05-007,2026-05-15T10:00:00,Contraction,-139.18,Contract_Downgrade,0,-139.18,Contraction,Contract_Downgrade,-139.18,0.7931840201,Refund,Billing_Adjustment,-36.29,0.2068159799,Contraction,positive,stable,stable,negative,stable,True,False,False,True,False,False,0.0471059861,13,False,-175.47,-0.0014432723,-5483.92,-0.0451062278,114720.49,0.9435966523,123062.71,1.0122129114,1369.9166666667,-147.3733333333,-0.0880130794,0,-326.21,-28.0966666667,normal,False,,Contraction -139.1800; Refund -36.2900,2 transactions; largest CR-2026-05-007 -139.1800 (Contract_Downgrade)
ACC-0036,17,SMB,Education,Monthly,0.1291,stable,21.5923,0.113124,0.082618,0.01041,1,0,0,2509.43,2569.67,16,2509.43,19.3775,0.068215,0.022617,1,0.1291,0,0,0,increase,2.2148,0.11429751,0.014403,-0.012207,0,0,0,,,,0,,0,[],[],[],[],[],0,0,0,0,0,0,0,0,0,0,0,0,0,0,0,0,0,0,,,,0,,0,0,,,0,0,,,0,0,No_Change,positive,positive,positive,stable,stable,True,True,False,False,False,False,0,37,False,0,0,-5483.92,-0.0451062278,-2494.19,-0.0205151611,2444.61,0.0201073567,,,,,,,insufficient_history,False,,No driver activity this period.,0 transactions
ACC-0037,17,SMB,Technology,Multi-Year,0.1992,stable,28.8902,0.021586,0.108606,0.023825,2,0,0,874.75,874.75,16,874.75,29.8113,0.10965,0.011338,2,0.1992,0,0,0,increase,-0.9211,-0.0308976797,-0.001044,0.012487,0,0,0,,,,0,,0,[],[],[],[],[],0,0,0,0,0,0,0,0,0,0,0,0,0,0,0,0,0,0,,,,0,,0,0,,,0,0,,,0,0,No_Change,positive,stable,negative,stable,stable,True,False,True,False,False,False,0,38,False,0,0,-5483.92,-0.0451062278,114720.49,0.9435966523,-3929.43,-0.0323202681,874.75,46.6166666667,0.0634326666,139.85,0,-46.6166666667,normal,False,,No driver activity this period.,0 transactions
ACC-0038,17,SMB,Energy,Multi-Year,0.1759,stable,14.218,0.023933,0.07983,0.010285,5,4,0,647.04,647.04,16,647.04,9.8825,0.063801,0.018315,1,0.1759,0,0,0,increase,4.3355,0.4387047812,0.016029,-0.00803,4,4,0,,,,0,,0,[],[],[],[],[],0,0,0,0,0,0,0,0,0,0,0,0,0,0,0,0,0,0,,,,0,,0,0,,,0,0,,,0,0,No_Change,positive,positive,stable,negative,stable,True,True,False,True,False,False,0,39,False,0,0,-5483.92,-0.0451062278,3495.83,0.0287538302,-3929.43,-0.0323202681,647.04,0,0,0,0,0,normal,False,,No driver activity this period.,0 transactions
ACC-0039,17,Mid-Market,Technology,Multi-Year,0.1614,stable,108.4069,0.046534,0.05,0.02,0,,0,10848.29,10848.29,,,,,,,0.1614,0,0,0,increase,,,,,,,,INV-2026-05-006,2026-05-03T10:00:00,New_ARR,10848.29,New_Logo_Signed,1,"[""INV-2026-05-006""]","[""2026-05-03T10:00:00""]","[""New_ARR""]",[10848.29],"[""New_Logo_Signed""]",10848.29,0,10848.29,0,10848.29,0,0,0,0,0,0,1,0,0,0,0,0,0,INV-2026-05-006,2026-05-03T10:00:00,New_ARR,10848.29,New_Logo_Signed,10848.29,0,New_ARR,New_Logo_Signed,10848.29,1,,,0,0,New_ARR,positive,unknown,unknown,unknown,stable,True,False,False,False,False,False,0,40,False,0,0,9969.87,0.0820039729,114720.49,0.9435966523,-3929.43,-0.0323202681,,,,,,,insufficient_history,False,,"New_ARR +10,848.2900","1 transactions; largest INV-2026-05-006 +10,848.2900 (New_Logo_Signed)"
ACC-0040,17,SMB,Healthcare,Multi-Year,0.0269,stable,36.7853,-0.042118,0.14714,0.01028,1,0,0,3671.74,3671.74,16,3671.74,32.0842,0.141487,0.018416,1,0.0269,0,0,0,increase,4.7011,0.1465238342,0.005653,-0.008136,0,0,0,,,,0,,0,[],[],[],[],[],0,0,0,0,0,0,0,0,0,0,0,0,0,0,0,0,0,0,,,,0,,0,0,,,0,0,,,0,0,No_Change,negative,stable,stable,stable,stable,True,False,False,False,False,False,0,41,False,0,0,-5483.92,-0.0451062278,519.13,0.0042699376,-3929.43,-0.0323202681,3671.74,0,0,0,0,0,normal,False,,No driver activity this period.,0 transactions
ACC-0042,17,SMB,Education,Annual,0.0088,stable,27.7787,-0.059589,0.0349,0.011826,1,0,0,1609.84,1609.84,16,1609.84,23.8016,0.03521,0.019217,1,0.0088,0,0,0,increase,3.9771,0.1670938088,-0.00031,-0.007391,0,0,0,,,,0,,0,[],[],[],[],[],0,0,0,0,0,0,0,0,0,0,0,0,0,0,0,0,0,0,,,,0,,0,0,,,0,0,,,0,0,No_Change,negative,stable,stable,stable,stable,True,False,False,False,False,False,0,42,False,0,0,-5483.92,-0.0451062278,-2494.19,-0.0205151611,123062.71,1.0122129114,1609.84,0,0,0,0,0,normal,False,,No driver activity this period.,0 transactions
ACC-0043,17,SMB,Media,Annual,0.0855,stable,21.0009,0.010089,0.170177,0.012068,2,0,0,586,0,16,586,17.6215,0.154814,0.01107,2,0.0855,0,0,0,increase,3.3794,0.1917770905,0.015363,0.000998,0,0,0,,,,0,,0,[],[],[],[],[],0,0,0,0,0,0,0,0,0,0,0,0,0,0,0,0,0,0,,,,0,,0,0,,,0,0,,,0,0,No_Change,stable,positive,stable,stable,stable,False,True,False,False,False,False,0,43,False,0,0,-5483.92,-0.0451062278,7940.48,0.0653118754,123062.71,1.0122129114,586,0,0,0,0,0,normal,False,,No driver activity this period.,0 transactions
ACC-0044,17,Mid-Market,Energy,Annual,0.0296,growth,48.5114,0.026368,0.100293,0.01067,1,0,0,11645.34,11645.34,16,10033.73,43.7426,0.09799,0.020836,1,0.0296,1611.61,0.1606192313,1611.61,increase,4.7688,0.1090195827,0.002303,-0.010166,0,0,0,INV-2026-05-007,2026-05-17T10:00:00,Expansion,1611.61,Seat_Add,1,"[""INV-2026-05-007""]","[""2026-05-17T10:00:00""]","[""Expansion""]",[1611.61],"[""Seat_Add""]",1611.61,0,1611.61,0,0,1611.61,0,0,0,0,0,0,1,0,0,0,0,0,INV-2026-05-007,2026-05-17T10:00:00,Expansion,1611.61,Seat_Add,1611.61,0,Expansion,Seat_Add,1611.61,1,,,0,0,Expansion,positive,stable,positive,stable,stable,True,False,False,False,False,False,0.0651630897,10,False,1611.61,0.013255782,9969.87,0.0820039729,3495.83,0.0287538302,123062.71,1.0122129114,10033.73,0,0,0,0,1611.61,normal,False,,"Expansion +1,611.6100","1 transactions; largest INV-2026-05-007 +1,611.6100 (Seat_Add)"
ACC-0045,17,Enterprise,Manufacturing,Annual,0.1334,stable,863.3701,0.065596,0.091949,0.024664,1,inf,0,106292.14,106292.14,16,106292.14,863.4232,0.082641,0.013066,0,0.1334,0,0,0,increase,-0.0531,-0.0000614994,0.009308,0.011598,1,inf,0,,,,0,,0,[],[],[],[],[],0,0,0,0,0,0,0,0,0,0,0,0,0,0,0,0,0,0,,,,0,,0,0,,,0,0,,,0,0,No_Change,positive,stable,negative,stable,stable,True,False,True,False,False,False,0,44,False,0,0,117091.94,0.9631022549,0,0,123062.71,1.0122129114,117417.7466666667,-5562.8033333333,-0.0452331961,0,-16688.41,5562.8033333333,normal,False,,No driver activity this period.,0 transactions
ACC-0046,17,Enterprise,Retail,Multi-Year,0.0473,stable,661.3703,0.126932,0.124808,0.079954,3,-0.4,0,163934.71,163934.71,16,163934.71,658.7147,0.123455,0.019066,5,0.0473,0,0,0,increase,2.6556,0.0040314874,0.001353,0.060888,-2,-0.4,0,,,,0,,0,[],[],[],[],[],0,0,0,0,0,0,0,0,0,0,0,0,0,0,0,0,0,0,,,,0,,0,0,,,0,0,,,0,0,No_Change,positive,stable,negative,positive,stable,True,False,True,False,False,False,0,45,False,0,0,117091.94,0.9631022549,-107.38,-0.0008832198,-3929.43,-0.0323202681,163934.71,0,0,0,0,0,normal,False,,No driver activity this period.,0 transactions
ACC-0048,17,SMB,Fintech,Multi-Year,0.0445,decline,6.4061,0.041313,0.077273,0.024827,0,,0,766.58,895.95,16,971.42,8.5124,0.065494,0.012455,0,0.0445,-204.84,-0.2108665665,204.84,decrease,-2.1063,-0.2474390301,0.011779,0.012372,0,,0,CR-2026-05-009,2026-05-24T10:00:00,Contraction,-204.84,Contract_Downgrade,1,"[""CR-2026-05-009""]","[""2026-05-24T10:00:00""]","[""Contraction""]",[-204.84],"[""Contract_Downgrade""]",-204.84,0,0,-204.84,0,0,-204.84,0,0,0,0,0,0,1,0,0,0,0,CR-2026-05-009,2026-05-24T10:00:00,Contraction,-204.84,Contract_Downgrade,0,-204.84,Contraction,Contract_Downgrade,-204.84,1,,,0,0,Contraction,positive,positive,negative,stable,stable,True,True,True,False,False,False,0.0749404047,8,False,-204.84,-0.0016848458,-5483.92,-0.0451062278,-204.84,-0.0016848458,-3929.43,-0.0323202681,,,,,,,insufficient_history,False,,Contraction -204.8400,1 transactions; largest CR-2026-05-009 -204.8400 (Contract_Downgrade)
ACC-0049,17,SMB,Manufacturing,Monthly,0.0557,stable,22.1055,0.09743,0.135919,0.019111,2,0,0,996.63,996.63,16,996.63,18.3419,0.119509,0.010109,2,0.0557,0,0,0,increase,3.7636,0.2051913924,0.01641,0.009002,0,0,0,,,,0,,0,[],[],[],[],[],0,0,0,0,0,0,0,0,0,0,0,0,0,0,0,0,0,0,,,,0,,0,0,,,0,0,,,0,0,No_Change,positive,positive,stable,stable,stable,True,True,False,False,False,False,0,46,False,0,0,-5483.92,-0.0451062278,0,0,2444.61,0.0201073567,996.63,0,0,0,0,0,normal,False,,No driver activity this period.,0 transactions
ACC-0051,17,SMB,Technology,Monthly,0.1457,stable,22.3675,0.058125,0.094728,0.023929,6,0.5,0,3185.2,3185.2,16,3185.2,24.3423,0.087571,0.012483,4,0.1457,0,0,0,increase,-1.9748,-0.0811262699,0.007157,0.011446,2,0.5,0,,,,0,,0,[],[],[],[],[],0,0,0,0,0,0,0,0,0,0,0,0,0,0,0,0,0,0,,,,0,,0,0,,,0,0,,,0,0,No_Change,positive,stable,negative,negative,stable,True,False,True,True,False,False,0,47,False,0,0,-5483.92,-0.0451062278,114720.49,0.9435966523,2444.61,0.0201073567,2644.3533333333,288.53,0.1217196872,811.27,0,-288.53,normal,False,,No driver activity this period.,0 transactions
ACC-0052,17,SMB,Technology,Monthly,0.0089,stable,26.7832,0.113234,0.056611,0.016407,4,0.3333333333,0,1845.06,1845.06,16,1845.06,22.9278,0.062356,0.014012,3,0.0089,0,0,0,increase,3.8554,0.1681539441,-0.005745,0.002395,1,0.3333333333,0,,,,0,,0,[],[],[],[],[],0,0,0,0,0,0,0,0,0,0,0,0,0,0,0,0,0,0,,,,0,,0,0,,,0,0,,,0,0,No_Change,positive,stable,stable,stable,stable,True,False,False,False,False,False,0,48,False,0,0,-5483.92,-0.0451062278,114720.49,0.9435966523,2444.61,0.0201073567,1577.5666666667,133.7466666667,0.0926338925,401.24,0,-133.7466666667,normal,False,,No driver activity this period.,0 transactions
ACC-0053,17,Mid-Market,Manufacturing,Monthly,0.014,stable,88.4248,0.024085,0.063739,0.082161,1,0,1,19136.92,19136.92,16,19136.92,83.5929,0.055586,0.024669,1,0.014,0,0,0,increase,4.8319,0.057802756,0.008153,0.057492,0,0,0,,,,0,,0,[],[],[],[],[],0,0,0,0,0,0,0,0,0,0,0,0,0,0,0,0,0,0,,,,0,,0,0,,,0,0,,,0,0,No_Change,positive,stable,negative,stable,negative,True,False,True,False,True,False,0,49,False,0,0,9969.87,0.0820039729,0,0,2444.61,0.0201073567,17611.2866666667,1525.6333333333,0.1047823652,4576.9,0,-1525.6333333333,normal,False,,No driver activity this period.,0 transactions
ACC-0054,17,Mid-Market,Logistics,Annual,0.1334,stable,127.9864,-0.035991,0.064188,0.021613,1,-0.5,0,20608.53,20608.53,16,20608.53,128.9678,0.067784,0.017294,2,0.1334,0,0,0,increase,-0.9814,-0.0076096514,-0.003596,0.004319,-1,-0.5,0,,,,0,,0,[],[],[],[],[],0,0,0,0,0,0,0,0,0,0,0,0,0,0,0,0,0,0,,,,0,,0,0,,,0,0,,,0,0,No_Change,negative,stable,stable,stable,stable,True,False,False,False,False,False,0,50,False,0,0,9969.87,0.0820039729,-1824.65,-0.0150080742,123062.71,1.0122129114,16640.2233333333,2233.48,0.1484749376,5204.48,0,-2233.48,normal,False,,No driver activity this period.,0 transactions
ACC-0055,17,SMB,Education,Annual,0.0758,stable,31.3804,0.101782,0.139346,0.016887,3,-0.25,0,1273.25,1189.88,16,1273.25,28.9883,0.130195,0.020895,4,0.0758,0,0,0,increase,2.3921,0.0825194992,0.009151,-0.004008,-1,-0.25,0,,,,0,,0,[],[],[],[],[],0,0,0,0,0,0,0,0,0,0,0,0,0,0,0,0,0,0,,,,0,,0,0,,,0,0,,,0,0,No_Change,positive,stable,stable,stable,stable,True,False,False,False,False,False,0,51,False,0,0,-5483.92,-0.0451062278,-2494.19,-0.0205151611,123062.71,1.0122129114,1273.25,103.72,0.1078069619,311.16,0,-103.72,normal,False,,No driver activity this period.,0 transactions
ACC-0056,17,Enterprise,Logistics,Monthly,0.086,stable,564.3079,-0.045415,0.081901,0.014698,2,0,0,106882.95,106882.95,16,106882.95,564.3852,0.06929,0.082913,2,0.086,0,0,0,increase,-0.0773,-0.0001369632,0.012611,-0.068215,0,0,0,,,,0,,0,[],[],[],[],[],0,0,0,0,0,0,0,0,0,0,0,0,0,0,0,0,0,0,,,,0,,0,0,,,0,0,,,0,0,No_Change,negative,positive,positive,stable,stable,True,True,False,False,False,False,0,52,False,0,0,117091.94,0.9631022549,-1824.65,-0.0150080742,2444.61,0.0201073567,98336.0266666667,12211.6666666667,0.1529306692,16960.71,4340.03,-12211.6666666667,normal,False,,No driver activity this period.,0 transactions
ACC-0057,17,SMB,Media,Annual,0.192,decline,21.1102,0.049055,0.111539,0.024599,3,-0.25,0,748.59,748.59,16,862.49,22.5701,0.106604,0.018936,4,0.192,-113.9,-0.1320595021,113.9,decrease,-1.4599,-0.0646829212,0.004935,0.005663,-1,-0.25,0,CR-2026-05-010,2026-05-23T10:00:00,Contraction,-113.9,Contract_Downgrade,1,"[""CR-2026-05-010""]","[""2026-05-23T10:00:00""]","[""Contraction""]",[-113.9],"[""Contract_Downgrade""]",-113.9,0,0,-113.9,0,0,-113.9,0,0,0,0,0,0,1,0,0,0,0,CR-2026-05-010,2026-05-23T10:00:00,Contraction,-113.9,Contract_Downgrade,0,-113.9,Contraction,Contract_Downgrade,-113.9,1,,,0,0,Contraction,positive,stable,stable,stable,stable,True,False,False,False,False,False,0.0468531067,14,False,-113.9,-0.000936848,-5483.92,-0.0451062278,7940.48,0.0653118754,123062.71,1.0122129114,894.4333333333,-31.9433333333,-0.0333326377,0,-95.83,-81.9566666667,unusual_decrease,False,,Contraction -113.9000,1 transactions; largest CR-2026-05-010 -113.9000 (Contract_Downgrade)
ACC-0058,17,Mid-Market,Energy,Monthly,0.1904,growth,69.6735,0.111896,0.062178,0.014128,2,-0.3333333333,0,8129.17,8470.56,16,6244.95,67.6188,0.069177,0.012194,3,0.1904,1884.22,0.3017189889,1884.22,increase,2.0547,0.0303865197,-0.006999,0.001934,-1,-0.3333333333,0,INV-2026-05-008,2026-05-06T10:00:00,Expansion,1701.75,Plan_Upgrade,2,"[""INV-2026-05-008"", ""INV-2026-05-009""]","[""2026-05-06T10:00:00"", ""2026-05-11T10:00:00""]","[""Expansion"", ""Usage_Overage""]","[1701.75, 182.47]","[""Plan_Upgrade"", ""Usage_Above_Commit""]",1884.22,0,1884.22,0,0,1701.75,0,0,0,0,182.47,0,0.9031588668,0,0,0,0,0.0968411332,INV-2026-05-008,2026-05-06T10:00:00,Expansion,1701.75,Plan_Upgrade,1701.75,0,Expansion,Plan_Upgrade,1701.75,0.9031588668,Usage_Overage,Usage_Above_Commit,182.47,0.0968411332,Expansion,positive,stable,stable,stable,stable,True,False,False,False,False,False,0.1160613157,4,True,1884.22,0.0154980482,9969.87,0.0820039729,3495.83,0.0287538302,2444.61,0.0201073567,5708.81,312.3133333333,0.0568297055,671.48,0,1571.9066666667,unusual_increase,False,,"Expansion +1,701.7500; Usage_Overage +182.4700","2 transactions; largest INV-2026-05-008 +1,701.7500 (Plan_Upgrade)"
ACC-0060,17,Mid-Market,Education,Monthly,0.0488,stable,111.6652,-0.021306,0.154572,0.024629,1,-0.5,0,6290.55,5786.49,16,6290.55,109.7914,0.157733,0.010744,2,0.0488,0,0,0,increase,1.8738,0.0170669105,-0.003161,0.013885,-1,-0.5,0,,,,0,,0,[],[],[],[],[],0,0,0,0,0,0,0,0,0,0,0,0,0,0,0,0,0,0,,,,0,,0,0,,,0,0,,,0,0,No_Change,negative,stable,negative,stable,stable,True,False,True,False,False,False,0,53,False,0,0,9969.87,0.0820039729,-2494.19,-0.0205151611,2444.61,0.0201073567,6290.55,-588.6633333333,-0.073066519,0,-1765.99,588.6633333333,normal,False,,No driver activity this period.,0 transactions
ACC-0061,17,SMB,Real Estate,Monthly,0.1115,stable,19.4061,0.08843,0.067703,0.019917,2,0,0,711.24,711.24,16,711.24,14.8795,0.053877,0.021033,2,0.1115,0,0,0,increase,4.5266,0.3042172116,0.013826,-0.001116,0,0,0,,,,0,,0,[],[],[],[],[],0,0,0,0,0,0,0,0,0,0,0,0,0,0,0,0,0,0,,,,0,,0,0,,,0,0,,,0,0,No_Change,positive,positive,stable,stable,stable,True,True,False,False,False,False,0,54,False,0,0,-5483.92,-0.0451062278,-466.98,-0.0038409944,2444.61,0.0201073567,711.24,0,0,0,0,0,normal,False,,No driver activity this period.,0 transactions
ACC-0062,17,Mid-Market,Real Estate,Annual,0.19,stable,32.8846,0.00999,0.054463,0.022572,1,inf,0,7834.26,7834.26,16,7834.26,34.5401,0.058149,0.087036,0,0.19,0,0,0,increase,-1.6555,-0.0479297975,-0.003686,-0.064464,1,inf,0,,,,0,,0,[],[],[],[],[],0,0,0,0,0,0,0,0,0,0,0,0,0,0,0,0,0,0,,,,0,,0,0,,,0,0,,,0,0,No_Change,stable,stable,positive,stable,stable,False,False,False,False,False,False,0,55,False,0,0,9969.87,0.0820039729,-466.98,-0.0038409944,123062.71,1.0122129114,,,,,,,insufficient_history,False,,No driver activity this period.,0 transactions
ACC-0063,17,Mid-Market,Retail,Annual,0.0949,stable,113.4613,0.062738,0.088383,0.012286,6,1,0,19255.49,23235.51,16,19255.49,113.6781,0.082153,0.079263,3,0.0949,0,0,0,increase,-0.2168,-0.0019071395,0.00623,-0.066977,3,1,0,,,,0,,0,[],[],[],[],[],0,0,0,0,0,0,0,0,0,0,0,0,0,0,0,0,0,0,,,,0,,0,0,,,0,0,,,0,0,No_Change,positive,stable,positive,negative,stable,True,False,False,True,False,False,0,56,False,0,0,9969.87,0.0820039729,-107.38,-0.0008832198,123062.71,1.0122129114,16888.5966666667,1183.4466666667,0.0753540505,3550.34,0,-1183.4466666667,normal,False,,No driver activity this period.,0 transactions
ACC-0064,17,Mid-Market,Real Estate,Monthly,0.0478,stable,108.5443,0.006564,0.065817,0.016559,1,inf,1,11419.31,11419.31,16,11419.31,109.3815,0.056804,0.017117,0,0.0478,0,0,0,increase,-0.8372,-0.0076539451,0.009013,-0.000558,1,inf,0,,,,0,,0,[],[],[],[],[],0,0,0,0,0,0,0,0,0,0,0,0,0,0,0,0,0,0,,,,0,,0,0,,,0,0,,,0,0,No_Change,stable,stable,stable,stable,negative,False,False,False,False,True,False,0,57,False,0,0,9969.87,0.0820039729,-466.98,-0.0038409944,2444.61,0.0201073567,,,,,,,insufficient_history,False,,No driver activity this period.,0 transactions
ACC-0065,17,SMB,Energy,Multi-Year,0.0161,stable,30.436,0.097889,0.103264,0.016881,1,-0.5,0,981.23,856.43,16,981.23,25.6438,0.103986,0.017861,2,0.0161,0,0,0,increase,4.7922,0.1868755801,-0.000722,-0.00098,-1,-0.5,0,,,,0,,0,[],[],[],[],[],0,0,0,0,0,0,0,0,0,0,0,0,0,0,0,0,0,0,,,,0,,0,0,,,0,0,,,0,0,No_Change,positive,stable,stable,stable,stable,True,False,False,False,False,False,0,58,False,0,0,-5483.92,-0.0451062278,3495.83,0.0287538302,-3929.43,-0.0323202681,981.23,-62,-0.0531172091,0,-186,62,normal,False,,No driver activity this period.,0 transactions
ACC-0066,17,Mid-Market,Healthcare,Monthly,0.0662,growth,17.0382,0.092802,0.031711,0.016386,2,1,0,4378.43,5066.13,16,3859.3,15.3557,0.040209,0.013868,1,0.0662,519.13,0.134514031,519.13,increase,1.6825,0.1095684339,-0.008498,0.002518,1,1,0,INV-2026-05-010,2026-05-21T10:00:00,Expansion,519.13,Seat_Add,1,"[""INV-2026-05-010""]","[""2026-05-21T10:00:00""]","[""Expansion""]",[519.13],"[""Seat_Add""]",519.13,0,519.13,0,0,519.13,0,0,0,0,0,0,1,0,0,0,0,0,INV-2026-05-010,2026-05-21T10:00:00,Expansion,519.13,Seat_Add,519.13,0,Expansion,Seat_Add,519.13,1,,,0,0,Expansion,positive,stable,stable,stable,stable,True,False,False,False,False,False,0.0499617019,12,False,519.13,0.0042699376,9969.87,0.0820039729,519.13,0.0042699376,2444.61,0.0201073567,,,,,,,insufficient_history,False,,Expansion +519.1300,1 transactions; largest INV-2026-05-010 +519.1300 (Seat_Add)
ACC-0067,17,SMB,Technology,Multi-Year,0.0039,decline,15.006,0.056852,0.053826,0.011659,1,-0.5,0,239.66,239.66,16,312.97,10.5758,0.060121,0.021474,2,0.0039,-73.31,-0.2342397035,73.31,decrease,4.4302,0.4188997523,-0.006295,-0.009815,-1,-0.5,0,CR-2026-05-011,2026-05-11T10:00:00,Contraction,-73.31,Contract_Downgrade,1,"[""CR-2026-05-011""]","[""2026-05-11T10:00:00""]","[""Contraction""]",[-73.31],"[""Contract_Downgrade""]",-73.31,0,0,-73.31,0,0,-73.31,0,0,0,0,0,0,1,0,0,0,0,CR-2026-05-011,2026-05-11T10:00:00,Contraction,-73.31,Contract_Downgrade,0,-73.31,Contraction,Contract_Downgrade,-73.31,1,,,0,0,Contraction,positive,stable,stable,stable,stable,True,False,False,False,False,False,0.0823908542,6,True,-73.31,-0.0006029879,-5483.92,-0.0451062278,114720.49,0.9435966523,-3929.43,-0.0323202681,312.97,0,0,0,0,-73.31,normal,False,,Contraction -73.3100,1 transactions; largest CR-2026-05-011 -73.3100 (Contract_Downgrade)
ACC-0068,17,SMB,Education,Multi-Year,0.1907,stable,12.2582,-0.029343,0.058525,0.023695,2,0,0,2285.07,2285.07,16,2285.07,13.4757,0.063457,0.016601,2,0.1907,0,0,0,increase,-1.2175,-0.0903478112,-0.004932,0.007094,0,0,0,,,,0,,0,[],[],[],[],[],0,0,0,0,0,0,0,0,0,0,0,0,0,0,0,0,0,0,,,,0,,0,0,,,0,0,,,0,0,No_Change,negative,stable,stable,stable,stable,True,False,False,False,False,False,0,59,False,0,0,-5483.92,-0.0451062278,-2494.19,-0.0205151611,-3929.43,-0.0323202681,2171.5566666667,113.5133333333,0.0583757172,340.54,0,-113.5133333333,normal,False,,No driver activity this period.,0 transactions
ACC-0069,17,Mid-Market,Logistics,Monthly,0.0058,decline,129.4889,-0.000411,0.07094,0.024185,4,3,0,7796.83,7796.83,16,9621.48,131.9666,0.067739,0.012648,1,0.0058,-1824.65,-0.1896433813,1824.65,decrease,-2.4777,-0.0187752052,0.003201,0.011537,3,3,0,CR-2026-05-012,2026-05-18T10:00:00,Contraction,-1505.17,Seat_Reduction,2,"[""CR-2026-05-012"", ""CR-2026-05-013""]","[""2026-05-18T10:00:00"", ""2026-05-28T10:00:00""]","[""Contraction"", ""Refund""]","[-1505.17, -319.48]","[""Seat_Reduction"", ""Billing_Adjustment""]",-1824.65,0,0,-1824.65,0,0,-1505.17,0,0,-319.48,0,0,0,0.8249088866,0,0,0.1750911134,0,CR-2026-05-012,2026-05-18T10:00:00,Contraction,-1505.17,Seat_Reduction,0,-1505.17,Contraction,Seat_Reduction,-1505.17,0.8249088866,Refund,Billing_Adjustment,-319.48,0.1750911134,Contraction,stable,stable,negative,negative,stable,False,False,True,True,False,False,0.0765041684,7,False,-1824.65,-0.0150080742,9969.87,0.0820039729,-1824.65,-0.0150080742,2444.61,0.0201073567,9621.48,-643.5966666667,-0.0557117057,0,-1930.79,-1181.0533333333,unusual_decrease,False,,"Contraction -1,505.1700; Refund -319.4800","2 transactions; largest CR-2026-05-012 -1,505.1700 (Seat_Reduction)"
ACC-0070,17,Enterprise,Technology,Annual,0.1814,growth,732.2898,0.058562,0.17715,0.012362,1,-0.5,0,506598.26,506598.26,16,389506.32,707.015,0.167321,0.010681,2,0.1814,117091.94,0.3006162775,117091.94,increase,25.2748,0.0357486051,0.009829,0.001681,-1,-0.5,0,INV-2026-05-011,2026-05-07T10:00:00,Expansion,100695.59,Seat_Add,2,"[""INV-2026-05-011"", ""INV-2026-05-012""]","[""2026-05-07T10:00:00"", ""2026-05-12T10:00:00""]","[""Expansion"", ""Usage_Overage""]","[100695.59, 16396.35]","[""Seat_Add"", ""Usage_Above_Commit""]",117091.94,0,117091.94,0,0,100695.59,0,0,0,0,16396.35,0,0.8599702934,0,0,0,0,0.1400297066,INV-2026-05-011,2026-05-07T10:00:00,Expansion,100695.59,Seat_Add,100695.59,0,Expansion,Seat_Add,100695.59,0.8599702934,Usage_Overage,Usage_Above_Commit,16396.35,0.1400297066,Expansion,positive,stable,stable,stable,stable,True,False,False,False,False,False,0.7552156971,1,True,117091.94,0.9631022549,117091.94,0.9631022549,114720.49,0.9435966523,123062.71,1.0122129114,322268.5166666667,60933.8733333333,0.2357142027,76165.25,49382.91,56158.0666666667,unusual_increase,False,,"Expansion +100,695.5900; Usage_Overage +16,396.3500","2 transactions; largest INV-2026-05-011 +100,695.5900 (Seat_Add)"
ACC-0001,18,Enterprise,Technology,Annual,0.049,stable,410.568,0.001164,0.175562,0.019376,2,0,0,93514.44,93514.44,17,93514.44,409.3897,0.164941,0.016128,2,0.049,0,0,0,increase,1.1783,0.0028781867,0.010621,0.003248,0,0,0,,,,0,,0,[],[],[],[],[],0,0,0,0,0,0,0,0,0,0,0,0,0,0,0,0,0,0,,,,0,,0,0,,,0,0,,,0,0,No_Change,stable,positive,stable,stable,stable,False,True,False,False,False,False,0,15,False,0,0,0,0,0,0,2852,1.0694264769,93514.44,0,0,0,0,0,normal,False,,No driver activity this period.,0 transactions
ACC-0002,18,Enterprise,Healthcare,Annual,0.0064,stable,568.0098,0.051479,0.216373,0.015081,1,-0.5,0,63677.69,63677.69,17,63677.69,564.237,0.211918,0.021798,2,0.0064,0,0,0,increase,3.7728,0.0066865519,0.004455,-0.006717,-1,-0.5,0,,,,0,,0,[],[],[],[],[],0,0,0,0,0,0,0,0,0,0,0,0,0,0,0,0,0,0,,,,0,,0,0,,,0,0,,,0,0,No_Change,positive,stable,stable,stable,stable,True,False,False,False,False,False,0,16,False,0,0,0,0,687.7,0.2578697715,2852,1.0694264769,63677.69,0,0,0,0,0,normal,False,,No driver activity this period.,0 transactions
ACC-0003,18,Mid-Market,Real Estate,Monthly,0.13,stable,53.6044,0.079007,0.11976,0.020177,1,0,0,5128.35,5128.35,17,5128.35,50.3197,0.126346,0.010746,1,0.13,0,0,0,increase,3.2847,0.0652766213,-0.006586,0.009431,0,0,0,,,,0,,0,[],[],[],[],[],0,0,0,0,0,0,0,0,0,0,0,0,0,0,0,0,0,0,,,,0,,0,0,,,0,0,,,0,0,No_Change,positive,stable,stable,stable,stable,True,False,False,False,False,False,0,17,False,0,0,7213.78,2.7049815325,258.39,0.0968895888,1777.73,0.666602921,5128.35,-268.6733333333,-0.0452741122,0,-806.02,268.6733333333,normal,False,,No driver activity this period.,0 transactions
ACC-0004,18,SMB,Fintech,Annual,0.0319,decline,48.4945,0.021095,0.128981,0.022446,4,-0.2,0,3573.9,3573.9,17,4032.55,46.8824,0.11524,0.010799,5,0.0319,-458.65,-0.1137369654,458.65,decrease,1.6121,0.0343860383,0.013741,0.011647,-1,-0.2,0,CR-2026-06-001,2026-06-09T10:00:00,Contraction,-458.65,Contract_Downgrade,1,"[""CR-2026-06-001""]","[""2026-06-09T10:00:00""]","[""Contraction""]",[-458.65],"[""Contract_Downgrade""]",-458.65,0,0,-458.65,0,0,-458.65,0,0,0,0,0,0,1,0,0,0,0,CR-2026-06-001,2026-06-09T10:00:00,Contraction,-458.65,Contract_Downgrade,0,-458.65,Contraction,Contract_Downgrade,-458.65,1,,,0,0,Contraction,positive,positive,negative,stable,stable,True,True,True,False,False,False,0.1147127123,7,False,-458.65,-0.1719819262,-4546.93,-1.7049815325,-329.28,-0.1234715113,2852,1.0694264769,4032.55,-306.46,-0.0618869814,0,-919.38,-152.19,normal,False,,Contraction -458.6500,1 transactions; largest CR-2026-06-001 -458.6500 (Contract_Downgrade)
ACC-0005,18,SMB,Energy,Monthly,0.076,stable,41.4224,0.101061,0.152796,0.02207,2,1,0,3111.15,2605.31,17,3111.15,39.0323,0.154106,0.021565,1,0.076,0,0,0,increase,2.3901,0.0612339012,-0.00131,0.000505,1,1,0,,,,0,,0,[],[],[],[],[],0,0,0,0,0,0,0,0,0,0,0,0,0,0,0,0,0,0,,,,0,,0,0,,,0,0,,,0,0,No_Change,positive,stable,stable,stable,stable,True,False,False,False,False,False,0,18,False,0,0,-4546.93,-1.7049815325,-1299.68,-0.4873464949,1777.73,0.666602921,3111.15,83.22,0.0290827506,249.66,0,-83.22,normal,False,,No driver activity this period.,0 transactions
ACC-0006,18,Mid-Market,Media,Annual,0.1946,stable,509.6676,0.059272,0.10379,0.022766,1,0,0,125577.8,125577.8,17,125577.8,504.7439,0.097491,0.014342,1,0.1946,0,0,0,increase,4.9237,0.009754848,0.006299,0.008424,0,0,0,,,,0,,0,[],[],[],[],[],0,0,0,0,0,0,0,0,0,0,0,0,0,0,0,0,0,0,,,,0,,0,0,,,0,0,,,0,0,No_Change,positive,stable,stable,stable,stable,True,False,False,False,False,False,0,19,False,0,0,7213.78,2.7049815325,-586,-0.2197348932,2852,1.0694264769,120208.2133333333,11283.5866666667,0.1165880287,25796.38,0,-11283.5866666667,normal,False,,No driver activity this period.,0 transactions
ACC-0007,18,Mid-Market,Technology,Multi-Year,0.0723,stable,141.4425,0.044853,0.168191,0.012524,2,1,0,24683.98,32504.1,17,24683.98,137.6913,0.149196,0.01345,1,0.0723,0,0,0,increase,3.7512,0.0272435513,0.018995,-0.000926,1,1,0,,,,0,,0,[],[],[],[],[],0,0,0,0,0,0,0,0,0,0,0,0,0,0,0,0,0,0,,,,0,,0,0,,,0,0,,,0,0,No_Change,positive,positive,stable,stable,stable,True,True,False,False,False,False,0,20,False,0,0,7213.78,2.7049815325,0,0,-1962.88,-0.736029398,26099.0933333333,-707.5566666667,-0.0263948187,0,-2122.67,707.5566666667,normal,False,,No driver activity this period.,0 transactions
ACC-0009,18,SMB,Energy,Monthly,0.0711,decline,84.1651,0.057179,0.163591,0.011568,7,0.1666666667,0,10631.01,12157.27,17,12147.28,83.7194,0.158577,0.013881,6,0.0711,-1516.27,-0.1248238289,1516.27,decrease,0.4457,0.0053237362,0.005014,-0.002313,1,0.1666666667,0,CR-2026-06-002,2026-06-18T10:00:00,Contraction,-1516.27,Seat_Reduction,1,"[""CR-2026-06-002""]","[""2026-06-18T10:00:00""]","[""Contraction""]",[-1516.27],"[""Seat_Reduction""]",-1516.27,0,0,-1516.27,0,0,-1516.27,0,0,0,0,0,0,1,0,0,0,0,CR-2026-06-002,2026-06-18T10:00:00,Contraction,-1516.27,Seat_Reduction,0,-1516.27,Contraction,Seat_Reduction,-1516.27,1,,,0,0,Contraction,positive,stable,stable,stable,stable,True,False,False,False,False,False,0.2913191309,5,True,-1516.27,-0.5685621614,-4546.93,-1.7049815325,-1299.68,-0.4873464949,1777.73,0.666602921,12147.28,-857.49,-0.0582543861,0,-2572.47,-658.78,normal,False,,"Contraction -1,516.2700","1 transactions; largest CR-2026-06-002 -1,516.2700 (Seat_Reduction)"
ACC-0010,18,SMB,Healthcare,Annual,0.0342,stable,56.9664,0.115707,0.197076,0.023641,2,1,1,5603.91,5603.91,17,5603.91,55.7708,0.177321,0.010726,1,0.0342,0,0,0,increase,1.1956,0.0214377416,0.019755,0.012915,1,1,0,,,,0,,0,[],[],[],[],[],0,0,0,0,0,0,0,0,0,0,0,0,0,0,0,0,0,0,,,,0,,0,0,,,0,0,,,0,0,No_Change,positive,positive,negative,stable,negative,True,True,True,False,True,False,0,21,False,0,0,-4546.93,-1.7049815325,687.7,0.2578697715,2852,1.0694264769,5603.91,418.11,0.0961265226,1254.33,0,-418.11,normal,False,,No driver activity this period.,0 transactions
ACC-0013,18,Mid-Market,Media,Monthly,0.0279,stable,68.5135,0.006964,0.146578,0.024994,2,1,0,12983.42,12983.42,17,12983.42,70.1034,0.126833,0.014824,1,0.0279,0,0,0,increase,-1.5899,-0.0226793565,0.019745,0.01017,1,1,0,,,,0,,0,[],[],[],[],[],0,0,0,0,0,0,0,0,0,0,0,0,0,0,0,0,0,0,,,,0,,0,0,,,0,0,,,0,0,No_Change,stable,positive,negative,stable,stable,False,True,True,False,False,False,0,22,False,0,0,7213.78,2.7049815325,-586,-0.2197348932,1777.73,0.666602921,12983.42,879.2566666667,0.0849880546,2637.77,0,-879.2566666667,normal,False,,No driver activity this period.,0 transactions
ACC-0014,18,SMB,Education,Multi-Year,0.0799,decline,72.4577,0.126811,0.125467,0.017374,2,0,0,7911.77,7911.77,17,9879.22,75.8327,0.110945,0.020212,2,0.0799,-1967.45,-0.1991503378,1967.45,decrease,-3.375,-0.0445058662,0.014522,-0.002838,0,0,0,CR-2026-06-003,2026-06-14T10:00:00,Contraction,-1967.45,Seat_Reduction,1,"[""CR-2026-06-003""]","[""2026-06-14T10:00:00""]","[""Contraction""]",[-1967.45],"[""Seat_Reduction""]",-1967.45,0,0,-1967.45,0,0,-1967.45,0,0,0,0,0,0,1,0,0,0,0,CR-2026-06-003,2026-06-14T10:00:00,Contraction,-1967.45,Seat_Reduction,0,-1967.45,Contraction,Seat_Reduction,-1967.45,1,,,0,0,Contraction,positive,positive,stable,stable,stable,True,True,False,False,False,False,0.3910182146,4,True,-1967.45,-0.7377430302,-4546.93,-1.7049815325,-2494.64,-0.9354256895,-1962.88,-0.736029398,9879.22,0,0,0,0,-1967.45,normal,False,,"Contraction -1,967.4500","1 transactions; largest CR-2026-06-003 -1,967.4500 (Seat_Reduction)"
ACC-0017,18,Mid-Market,Healthcare,Annual,0.1074,stable,39.7938,0.041416,0.114048,0.019008,2,0,0,989.64,989.64,17,989.64,37.744,0.102133,0.010729,2,0.1074,0,0,0,increase,2.0498,0.0543079695,0.011915,0.008279,0,0,0,,,,0,,0,[],[],[],[],[],0,0,0,0,0,0,0,0,0,0,0,0,0,0,0,0,0,0,,,,0,,0,0,,,0,0,,,0,0,No_Change,positive,positive,stable,stable,stable,True,True,False,False,False,False,0,23,False,0,0,7213.78,2.7049815325,687.7,0.2578697715,2852,1.0694264769,989.64,0,0,0,0,0,normal,False,,No driver activity this period.,0 transactions
ACC-0018,18,SMB,Retail,Annual,0.1908,stable,32.7832,0.098752,0.098599,0.011298,2,0,0,1935.83,0,17,1935.83,28.2869,0.105415,0.010088,2,0.1908,0,0,0,increase,4.4963,0.1589534378,-0.006816,0.00121,0,0,0,,,,0,,0,[],[],[],[],[],0,0,0,0,0,0,0,0,0,0,0,0,0,0,0,0,0,0,,,,0,,0,0,,,0,0,,,0,0,No_Change,positive,stable,stable,stable,stable,True,False,False,False,False,False,0,24,False,0,0,-4546.93,-1.7049815325,3980.02,1.4924048972,2852,1.0694264769,1868.68,102.9433333333,0.0677532745,416.21,-107.38,-102.9433333333,normal,False,,No driver activity this period.,0 transactions
ACC-0019,18,Mid-Market,Real Estate,Annual,0.1741,stable,55.7117,0.110346,0.112263,0.010647,5,1.5,0,12935.47,12935.47,17,12935.47,56.2368,0.117426,0.022254,2,0.1741,0,0,0,increase,-0.5251,-0.0093373023,-0.005163,-0.011607,3,1.5,0,,,,0,,0,[],[],[],[],[],0,0,0,0,0,0,0,0,0,0,0,0,0,0,0,0,0,0,,,,0,,0,0,,,0,0,,,0,0,No_Change,positive,stable,positive,negative,stable,True,False,False,True,False,False,0,25,False,0,0,7213.78,2.7049815325,258.39,0.0968895888,2852,1.0694264769,12935.32,254.6166666667,0.0232496962,1527.25,-763.4,-254.6166666667,normal,False,,No driver activity this period.,0 transactions
ACC-0020,18,SMB,Energy,Annual,0.1079,stable,31.7651,-0.057958,0.142899,0.082148,2,0,0,1049.1,981.79,17,1049.1,29.0492,0.128267,0.016186,2,0.1079,0,0,0,increase,2.7159,0.0934931082,0.014632,0.065962,0,0,0,,,,0,,0,[],[],[],[],[],0,0,0,0,0,0,0,0,0,0,0,0,0,0,0,0,0,0,,,,0,,0,0,,,0,0,,,0,0,No_Change,negative,positive,negative,stable,stable,True,True,True,False,False,False,0,26,False,0,0,-4546.93,-1.7049815325,-1299.68,-0.4873464949,2852,1.0694264769,1078.81,-29.71,-0.0261019302,0,-89.13,29.71,normal,False,,No driver activity this period.,0 transactions
ACC-0022,18,Mid-Market,Education,Multi-Year,0.13,stable,58.0851,0.002918,0.065949,0.016557,3,-0.5,0,8576.55,8576.55,17,8576.55,54.5078,0.059502,0.023831,6,0.13,0,0,0,increase,3.5773,0.0656291393,0.006447,-0.007274,-3,-0.5,0,,,,0,,0,[],[],[],[],[],0,0,0,0,0,0,0,0,0,0,0,0,0,0,0,0,0,0,,,,0,,0,0,,,0,0,,,0,0,No_Change,stable,stable,stable,positive,stable,False,False,False,False,False,False,0,27,False,0,0,7213.78,2.7049815325,-2494.64,-0.9354256895,-1962.88,-0.736029398,8287.9033333333,144.3233333333,0.0177223449,432.97,0,-144.3233333333,normal,False,,No driver activity this period.,0 transactions
ACC-0024,18,SMB,Healthcare,Multi-Year,0.1719,stable,39.2074,0.135017,0.154743,0.020467,1,-0.5,0,1040.28,1040.28,17,1040.28,37.5367,0.155163,0.013401,2,0.1719,0,0,0,increase,1.6707,0.0445084411,-0.00042,0.007066,-1,-0.5,0,,,,0,,0,[],[],[],[],[],0,0,0,0,0,0,0,0,0,0,0,0,0,0,0,0,0,0,,,,0,,0,0,,,0,0,,,0,0,No_Change,positive,stable,stable,stable,stable,True,False,False,False,False,False,0,28,False,0,0,-4546.93,-1.7049815325,687.7,0.2578697715,-1962.88,-0.736029398,1040.28,0,0,0,0,0,normal,False,,No driver activity this period.,0 transactions
ACC-0025,18,Mid-Market,Real Estate,Monthly,0.1871,stable,87.0976,0.015646,0.079037,0.023558,1,0,0,13664.16,13664.16,17,13664.16,86.392,0.059643,0.07907,1,0.1871,0,0,0,increase,0.7056,0.0081674229,0.019394,-0.055512,0,0,0,,,,0,,0,[],[],[],[],[],0,0,0,0,0,0,0,0,0,0,0,0,0,0,0,0,0,0,,,,0,,0,0,,,0,0,,,0,0,No_Change,stable,positive,positive,stable,stable,False,True,False,False,False,False,0,29,False,0,0,7213.78,2.7049815325,258.39,0.0968895888,1777.73,0.666602921,,,,,,,insufficient_history,False,,No driver activity this period.,0 transactions
ACC-0026,18,SMB,Healthcare,Annual,0.0709,stable,16.7479,0.042888,0.061275,0.014693,1,0,0,2200.44,2200.44,17,2200.44,15.9139,0.07002,0.02432,1,0.0709,0,0,0,increase,0.834,0.0524070153,-0.008745,-0.009627,0,0,0,,,,0,,0,[],[],[],[],[],0,0,0,0,0,0,0,0,0,0,0,0,0,0,0,0,0,0,,,,0,,0,0,,,0,0,,,0,0,No_Change,positive,stable,stable,stable,stable,True,False,False,False,False,False,0,30,False,0,0,-4546.93,-1.7049815325,687.7,0.2578697715,2852,1.0694264769,2200.44,0,0,0,0,0,normal,False,,No driver activity this period.,0 transactions
ACC-0027,18,Mid-Market,Healthcare,Monthly,0.1456,stable,65.0542,0.114186,0.122545,0.01759,3,0,0,4165.83,4165.83,17,4165.83,64.4347,0.131423,0.082456,3,0.1456,0,0,0,increase,0.6195,0.0096143848,-0.008878,-0.064866,0,0,0,,,,0,,0,[],[],[],[],[],0,0,0,0,0,0,0,0,0,0,0,0,0,0,0,0,0,0,,,,0,,0,0,,,0,0,,,0,0,No_Change,positive,stable,positive,stable,stable,True,False,False,False,False,False,0,31,False,0,0,7213.78,2.7049815325,687.7,0.2578697715,1777.73,0.666602921,4538.0633333333,-372.2333333333,-0.0704649729,0,-1116.7,372.2333333333,normal,False,,No driver activity this period.,0 transactions
ACC-0028,18,SMB,Education,Monthly,0.0925,stable,28.5626,-0.043187,0.096483,0.019151,1,-0.5,0,1765.28,2189.13,17,1765.28,25.3086,0.098101,0.080529,2,0.0925,0,0,0,increase,3.254,0.1285728962,-0.001618,-0.061378,-1,-0.5,0,,,,0,,0,[],[],[],[],[],0,0,0,0,0,0,0,0,0,0,0,0,0,0,0,0,0,0,,,,0,,0,0,,,0,0,,,0,0,No_Change,negative,stable,positive,stable,stable,True,False,False,False,False,False,0,32,False,0,0,-4546.93,-1.7049815325,-2494.64,-0.9354256895,1777.73,0.666602921,1973.5266666667,-104.1233333333,-0.0501159162,0,-312.37,104.1233333333,normal,False,,No driver activity this period.,0 transactions
ACC-0029,18,SMB,Real Estate,Annual,0.1938,stable,26.3429,0.060674,0.074766,0.018102,1,0,0,1857.55,1857.55,17,1857.55,25.2905,0.059445,0.077274,1,0.1938,0,0,0,increase,1.0524,0.0416124632,0.015321,-0.059172,0,0,0,,,,0,,0,[],[],[],[],[],0,0,0,0,0,0,0,0,0,0,0,0,0,0,0,0,0,0,,,,0,,0,0,,,0,0,,,0,0,No_Change,positive,positive,positive,stable,stable,True,True,False,False,False,False,0,33,False,0,0,-4546.93,-1.7049815325,258.39,0.0968895888,2852,1.0694264769,1804.4033333333,-14.4866666667,-0.0066519838,79.72,-123.18,14.4866666667,normal,False,,No driver activity this period.,0 transactions
ACC-0031,18,Mid-Market,Logistics,Monthly,0.1915,stable,26.2541,-0.016706,0.05,0.02,0,,0,4434.96,4434.96,,,,,,,0.1915,0,0,0,increase,,,,,,,,INV-2026-06-001,2026-06-06T10:00:00,New_ARR,4434.96,New_Logo_Signed,1,"[""INV-2026-06-001""]","[""2026-06-06T10:00:00""]","[""New_ARR""]",[4434.96],"[""New_Logo_Signed""]",4434.96,0,4434.96,0,4434.96,0,0,0,0,0,0,1,0,0,0,0,0,0,INV-2026-06-001,2026-06-06T10:00:00,New_ARR,4434.96,New_Logo_Signed,4434.96,0,New_ARR,New_Logo_Signed,4434.96,1,,,0,0,New_ARR,stable,unknown,unknown,unknown,stable,False,False,False,False,False,False,0,34,False,0,0,7213.78,2.7049815325,0,0,1777.73,0.666602921,,,,,,,insufficient_history,False,,"New_ARR +4,434.9600","1 transactions; largest INV-2026-06-001 +4,434.9600 (New_Logo_Signed)"
ACC-0032,18,SMB,Fintech,Annual,0.1084,stable,26.7431,0.00991,0.113539,0.011214,4,-0.2,1,410.31,410.31,17,410.31,22.1204,0.107266,0.01941,5,0.1084,0,0,0,increase,4.6227,0.208979042,0.006273,-0.008196,-1,-0.2,0,,,,0,,0,[],[],[],[],[],0,0,0,0,0,0,0,0,0,0,0,0,0,0,0,0,0,0,,,,0,,0,0,,,0,0,,,0,0,No_Change,stable,stable,stable,stable,negative,False,False,False,False,True,False,0,35,False,0,0,-4546.93,-1.7049815325,-329.28,-0.1234715113,2852,1.0694264769,410.31,0,0,0,0,0,normal,False,,No driver activity this period.,0 transactions
ACC-0033,18,Mid-Market,Real Estate,Monthly,0.1922,growth,48.238,0.060805,0.074488,0.084544,2,0,0,4083.35,4083.35,17,3824.96,44.0631,0.073766,0.022274,2,0.1922,258.39,0.0675536476,258.39,increase,4.1749,0.0947482134,0.000722,0.06227,0,0,0,INV-2026-06-002,2026-06-25T10:00:00,Expansion,258.39,Feature_Upgrade,1,"[""INV-2026-06-002""]","[""2026-06-25T10:00:00""]","[""Expansion""]",[258.39],"[""Feature_Upgrade""]",258.39,0,258.39,0,0,258.39,0,0,0,0,0,0,1,0,0,0,0,0,INV-2026-06-002,2026-06-25T10:00:00,Expansion,258.39,Feature_Upgrade,258.39,0,Expansion,Feature_Upgrade,258.39,1,,,0,0,Expansion,positive,stable,negative,stable,stable,True,False,True,False,False,False,0.0658429365,11,False,258.39,0.0968895888,7213.78,2.7049815325,258.39,0.0968895888,1777.73,0.666602921,3700.8766666667,-149.87,-0.0079264205,821.86,-1271.47,408.26,normal,False,,Expansion +258.3900,1 transactions; largest INV-2026-06-002 +258.3900 (Feature_Upgrade)
ACC-0034,18,Mid-Market,Manufacturing,Monthly,0.1883,growth,144.2181,-0.039083,0.122657,0.011148,2,0,1,12118.97,12118.97,17,9668.63,137.3434,0.128075,0.013462,2,0.1883,2450.34,0.2534319754,2450.34,increase,6.8747,0.0500548261,-0.005418,-0.002314,0,0,0,INV-2026-06-003,2026-06-02T10:00:00,Expansion,2450.34,Seat_Add,1,"[""INV-2026-06-003""]","[""2026-06-02T10:00:00""]","[""Expansion""]",[2450.34],"[""Seat_Add""]",2450.34,0,2450.34,0,0,2450.34,0,0,0,0,0,0,1,0,0,0,0,0,INV-2026-06-003,2026-06-02T10:00:00,Expansion,2450.34,Seat_Add,2450.34,0,Expansion,Seat_Add,2450.34,1,,,0,0,Expansion,negative,stable,stable,stable,negative,True,False,False,False,True,False,0.4888803362,2,True,2450.34,0.9188143315,7213.78,2.7049815325,2450.34,0.9188143315,1777.73,0.666602921,9668.63,0,0,0,0,2450.34,normal,False,,"Expansion +2,450.3400","1 transactions; largest INV-2026-06-003 +2,450.3400 (Seat_Add)"
ACC-0035,18,SMB,Technology,Annual,0.0633,stable,19.5334,-0.048381,0.08685,0.023286,3,-0.4,0,1155.81,1155.81,17,1155.81,21.0884,0.068198,0.024457,5,0.0633,0,0,0,increase,-1.555,-0.0737372205,0.018652,-0.001171,-2,-0.4,0,,,,0,,0,[],[],[],[],[],0,0,0,0,0,0,0,0,0,0,0,0,0,0,0,0,0,0,,,,0,,0,0,,,0,0,,,0,0,No_Change,negative,positive,stable,positive,stable,True,True,False,False,False,False,0,36,False,0,0,-4546.93,-1.7049815325,0,0,2852,1.0694264769,1272.79,-97.1266666667,-0.0706328755,0,-175.47,97.1266666667,normal,False,,No driver activity this period.,0 transactions
ACC-0036,18,SMB,Education,Monthly,0.1291,growth,22.3789,-0.021415,0.089892,0.020703,2,1,0,2569.67,2569.67,17,2509.43,21.5923,0.082618,0.01041,1,0.1291,60.24,0.0240054514,60.24,increase,0.7866,0.0364296532,0.007274,0.010293,1,1,0,INV-2026-06-004,2026-06-22T10:00:00,Usage_Overage,60.24,Usage_Above_Commit,1,"[""INV-2026-06-004""]","[""2026-06-22T10:00:00""]","[""Usage_Overage""]",[60.24],"[""Usage_Above_Commit""]",60.24,0,60.24,0,0,0,0,0,0,0,60.24,0,0,0,0,0,0,1,INV-2026-06-004,2026-06-22T10:00:00,Usage_Overage,60.24,Usage_Above_Commit,60.24,0,Usage_Overage,Usage_Above_Commit,60.24,1,,,0,0,Usage_Overage,negative,stable,negative,stable,stable,True,False,True,False,False,False,0.0182400495,14,False,60.24,0.022588447,-4546.93,-1.7049815325,-2494.64,-0.9354256895,1777.73,0.666602921,2454.2333333333,55.1966666667,0.0235496735,165.59,0,5.0433333333,normal,False,,Usage_Overage +60.2400,1 transactions; largest INV-2026-06-004 +60.2400 (Usage_Above_Commit)
ACC-0037,18,SMB,Technology,Multi-Year,0.1992,stable,30.3176,-0.03243,0.125168,0.016346,2,0,0,874.75,874.75,17,874.75,28.8902,0.108606,0.023825,2,0.1992,0,0,0,increase,1.4274,0.0494077576,0.016562,-0.007479,0,0,0,,,,0,,0,[],[],[],[],[],0,0,0,0,0,0,0,0,0,0,0,0,0,0,0,0,0,0,,,,0,,0,0,,,0,0,,,0,0,No_Change,negative,positive,stable,stable,stable,True,True,False,False,False,False,0,37,False,0,0,-4546.93,-1.7049815325,0,0,-1962.88,-0.736029398,874.75,0,0,0,0,0,normal,False,,No driver activity this period.,0 transactions
ACC-0038,18,SMB,Energy,Multi-Year,0.1759,stable,15.6815,-0.046663,0.097999,0.010312,3,-0.4,0,647.04,647.04,17,647.04,14.218,0.07983,0.010285,5,0.1759,0,0,0,increase,1.4635,0.102932902,0.018169,0.000027,-2,-0.4,0,,,,0,,0,[],[],[],[],[],0,0,0,0,0,0,0,0,0,0,0,0,0,0,0,0,0,0,,,,0,,0,0,,,0,0,,,0,0,No_Change,negative,positive,stable,positive,stable,True,True,False,False,False,False,0,38,False,0,0,-4546.93,-1.7049815325,-1299.68,-0.4873464949,-1962.88,-0.736029398,647.04,0,0,0,0,0,normal,False,,No driver activity this period.,0 transactions
ACC-0039,18,Mid-Market,Technology,Multi-Year,0.1614,stable,109.9482,0.131307,0.061977,0.015019,0,,0,10848.29,10848.29,17,10848.29,108.4069,0.05,0.02,0,0.1614,0,0,0,increase,1.5413,0.0142177297,0.011977,-0.004981,0,,0,,,,0,,0,[],[],[],[],[],0,0,0,0,0,0,0,0,0,0,0,0,0,0,0,0,0,0,,,,0,,0,0,,,0,0,,,0,0,No_Change,positive,positive,stable,stable,stable,True,True,False,False,False,False,0,39,False,0,0,7213.78,2.7049815325,0,0,-1962.88,-0.736029398,,,,,,,insufficient_history,False,,No driver activity this period.,0 transactions
ACC-0040,18,SMB,Healthcare,Multi-Year,0.0269,stable,39.7246,-0.022254,0.163769,0.019103,1,0,1,3671.74,3671.74,17,3671.74,36.7853,0.14714,0.01028,1,0.0269,0,0,0,increase,2.9393,0.0799042009,0.016629,0.008823,0,0,0,,,,0,,0,[],[],[],[],[],0,0,0,0,0,0,0,0,0,0,0,0,0,0,0,0,0,0,,,,0,,0,0,,,0,0,,,0,0,No_Change,negative,positive,stable,stable,negative,True,True,False,False,True,False,0,40,False,0,0,-4546.93,-1.7049815325,687.7,0.2578697715,-1962.88,-0.736029398,3671.74,0,0,0,0,0,normal,False,,No driver activity this period.,0 transactions
ACC-0042,18,SMB,Education,Annual,0.0088,stable,27.7242,0.015909,0.037502,0.012919,3,2,0,1609.84,1307.34,17,1609.84,27.7787,0.0349,0.011826,1,0.0088,0,0,0,increase,-0.0545,-0.0019619349,0.002602,0.001093,2,2,0,,,,0,,0,[],[],[],[],[],0,0,0,0,0,0,0,0,0,0,0,0,0,0,0,0,0,0,,,,0,,0,0,,,0,0,,,0,0,No_Change,stable,stable,stable,negative,stable,False,False,False,True,False,False,0,41,False,0,0,-4546.93,-1.7049815325,-2494.64,-0.9354256895,2852,1.0694264769,1609.84,0,0,0,0,0,normal,False,,No driver activity this period.,0 transactions
ACC-0043,18,SMB,Media,Annual,0.0855,churned,20.5538,0.095362,0.170576,0.022328,2,0,0,0,,17,586,21.0009,0.170177,0.012068,2,0.0855,-586,-1,586,decrease,-0.4471,-0.0212895638,0.000399,0.01026,0,0,0,CR-2026-06-004,2026-06-24T10:00:00,Churn,-586,Competitor_Switch,1,"[""CR-2026-06-004""]","[""2026-06-24T10:00:00""]","[""Churn""]",[-586.0],"[""Competitor_Switch""]",-586,0,0,-586,0,0,0,-586,0,0,0,0,0,0,1,0,0,0,CR-2026-06-004,2026-06-24T10:00:00,Churn,-586,Competitor_Switch,0,-586,Churn,Competitor_Switch,-586,1,,,0,0,Churn,positive,stable,negative,stable,stable,True,False,True,False,False,False,0.4457030367,3,True,-586,-0.2197348932,-4546.93,-1.7049815325,-586,-0.2197348932,2852,1.0694264769,586,0,0,0,0,-586,normal,True,Competitor_Switch,Churn -586.0000,1 transactions; largest CR-2026-06-004 -586.0000 (Competitor_Switch)
ACC-0044,18,Mid-Market,Energy,Annual,0.0296,stable,52.5018,0.085842,0.102194,0.088757,1,0,0,11645.34,14522.98,17,11645.34,48.5114,0.100293,0.01067,1,0.0296,0,0,0,increase,3.9904,0.082256954,0.001901,0.078087,0,0,0,,,,0,,0,[],[],[],[],[],0,0,0,0,0,0,0,0,0,0,0,0,0,0,0,0,0,0,,,,0,,0,0,,,0,0,,,0,0,No_Change,positive,stable,negative,stable,stable,True,False,True,False,False,False,0,42,False,0,0,7213.78,2.7049815325,-1299.68,-0.4873464949,2852,1.0694264769,10570.9333333333,537.2033333333,0.0535397438,1611.61,0,-537.2033333333,normal,False,,No driver activity this period.,0 transactions
ACC-0045,18,Enterprise,Manufacturing,Annual,0.1334,stable,862.8108,0.097616,0.083571,0.022022,2,1,0,106292.14,106292.14,17,106292.14,863.3701,0.091949,0.024664,1,0.1334,0,0,0,increase,-0.5593,-0.0006478102,-0.008378,-0.002642,1,1,0,,,,0,,0,[],[],[],[],[],0,0,0,0,0,0,0,0,0,0,0,0,0,0,0,0,0,0,,,,0,,0,0,,,0,0,,,0,0,No_Change,positive,stable,stable,stable,stable,True,False,False,False,False,False,0,43,False,0,0,0,0,2450.34,0.9188143315,2852,1.0694264769,111854.9433333333,-5562.8033333333,-0.0452331961,0,-16688.41,5562.8033333333,normal,False,,No driver activity this period.,0 transactions
ACC-0046,18,Enterprise,Retail,Multi-Year,0.0473,stable,659.5501,0.122814,0.118495,0.021272,2,-0.3333333333,0,163934.71,163934.71,17,163934.71,661.3703,0.124808,0.079954,3,0.0473,0,0,0,increase,-1.8202,-0.0027521647,-0.006313,-0.058682,-1,-0.3333333333,0,,,,0,,0,[],[],[],[],[],0,0,0,0,0,0,0,0,0,0,0,0,0,0,0,0,0,0,,,,0,,0,0,,,0,0,,,0,0,No_Change,positive,stable,positive,stable,stable,True,False,False,False,False,False,0,44,False,0,0,0,0,3980.02,1.4924048972,-1962.88,-0.736029398,163934.71,0,0,0,0,0,normal,False,,No driver activity this period.,0 transactions
ACC-0048,18,SMB,Fintech,Multi-Year,0.0445,growth,11.4602,0.082684,0.086776,0.019405,1,inf,0,895.95,895.95,17,766.58,6.4061,0.077273,0.024827,0,0.0445,129.37,0.1687625558,129.37,increase,5.0541,0.7889511559,0.009503,-0.005422,1,inf,0,INV-2026-06-005,2026-06-15T10:00:00,Expansion,120.1,Feature_Upgrade,2,"[""INV-2026-06-005"", ""INV-2026-06-006""]","[""2026-06-15T10:00:00"", ""2026-06-20T10:00:00""]","[""Expansion"", ""Usage_Overage""]","[120.1, 9.27]","[""Feature_Upgrade"", ""Usage_Above_Commit""]",129.37,0,129.37,0,0,120.1,0,0,0,0,9.27,0,0.9283450568,0,0,0,0,0.0716549432,INV-2026-06-005,2026-06-15T10:00:00,Expansion,120.1,Feature_Upgrade,120.1,0,Expansion,Feature_Upgrade,120.1,0.9283450568,Usage_Overage,Usage_Above_Commit,9.27,0.0716549432,Expansion,positive,stable,stable,stable,stable,True,False,False,False,False,False,0.0801950547,9,False,129.37,0.0485104149,-4546.93,-1.7049815325,-329.28,-0.1234715113,-1962.88,-0.736029398,903.14,-68.28,-0.0702888555,0,-204.84,197.65,normal,False,,Expansion +120.1000; Usage_Overage +9.2700,2 transactions; largest INV-2026-06-005 +120.1000 (Feature_Upgrade)
ACC-0049,18,SMB,Manufacturing,Monthly,0.0557,stable,22.6748,0.135339,0.129918,0.017433,4,1,0,996.63,996.63,17,996.63,22.1055,0.135919,0.019111,2,0.0557,0,0,0,increase,0.5693,0.0257537717,-0.006001,-0.001678,2,1,0,,,,0,,0,[],[],[],[],[],0,0,0,0,0,0,0,0,0,0,0,0,0,0,0,0,0,0,,,,0,,0,0,,,0,0,,,0,0,No_Change,positive,stable,stable,negative,stable,True,False,False,True,False,False,0,45,False,0,0,-4546.93,-1.7049815325,2450.34,0.9188143315,1777.73,0.666602921,996.63,0,0,0,0,0,normal,False,,No driver activity this period.,0 transactions
ACC-0051,18,SMB,Technology,Monthly,0.1457,stable,25.3253,0.088628,0.101293,0.013573,5,-0.1666666667,0,3185.2,4179.03,17,3185.2,22.3675,0.094728,0.023929,6,0.1457,0,0,0,increase,2.9578,0.1322365039,0.006565,-0.010356,-1,-0.1666666667,0,,,,0,,0,[],[],[],[],[],0,0,0,0,0,0,0,0,0,0,0,0,0,0,0,0,0,0,,,,0,,0,0,,,0,0,,,0,0,No_Change,positive,stable,positive,stable,stable,True,False,False,False,False,False,0,46,False,0,0,-4546.93,-1.7049815325,0,0,1777.73,0.666602921,2914.7766666667,270.4233333333,0.1139137773,811.27,0,-270.4233333333,normal,False,,No driver activity this period.,0 transactions
ACC-0052,18,SMB,Technology,Monthly,0.0089,stable,29.7872,0.000238,0.07366,0.013368,3,-0.25,0,1845.06,2448.39,17,1845.06,26.7832,0.056611,0.016407,4,0.0089,0,0,0,increase,3.004,0.1121598614,0.017049,-0.003039,-1,-0.25,0,,,,0,,0,[],[],[],[],[],0,0,0,0,0,0,0,0,0,0,0,0,0,0,0,0,0,0,,,,0,,0,0,,,0,0,,,0,0,No_Change,stable,positive,stable,stable,stable,False,True,False,False,False,False,0,47,False,0,0,-4546.93,-1.7049815325,0,0,1777.73,0.666602921,1711.3133333333,133.7466666667,0.0926338925,401.24,0,-133.7466666667,normal,False,,No driver activity this period.,0 transactions
ACC-0053,18,Mid-Market,Manufacturing,Monthly,0.014,stable,87.788,0.113723,0.056991,0.087699,1,0,0,19136.92,17997.87,17,19136.92,88.4248,0.063739,0.082161,1,0.014,0,0,0,increase,-0.6368,-0.0072015996,-0.006748,0.005538,0,0,0,,,,0,,0,[],[],[],[],[],0,0,0,0,0,0,0,0,0,0,0,0,0,0,0,0,0,0,,,,0,,0,0,,,0,0,,,0,0,No_Change,positive,stable,stable,stable,stable,True,False,False,False,False,False,0,48,False,0,0,7213.78,2.7049815325,2450.34,0.9188143315,1777.73,0.666602921,19136.92,1525.6333333333,0.1047823652,4576.9,0,-1525.6333333333,normal,False,,No driver activity this period.,0 transactions
ACC-0054,18,Mid-Market,Logistics,Annual,0.1334,stable,132.0625,0.015913,0.082767,0.019535,1,0,0,20608.53,20608.53,17,20608.53,127.9864,0.064188,0.021613,1,0.1334,0,0,0,increase,4.0761,0.0318479151,0.018579,-0.002078,0,0,0,,,,0,,0,[],[],[],[],[],0,0,0,0,0,0,0,0,0,0,0,0,0,0,0,0,0,0,,,,0,,0,0,,,0,0,,,0,0,No_Change,stable,positive,stable,stable,stable,False,True,False,False,False,False,0,49,False,0,0,7213.78,2.7049815325,0,0,2852,1.0694264769,18873.7033333333,2233.48,0.1484749376,5204.48,0,-2233.48,normal,False,,No driver activity this period.,0 transactions
ACC-0055,18,SMB,Education,Annual,0.0758,decline,30.2086,-0.030215,0.132367,0.017298,2,-0.3333333333,0,1189.88,1189.88,17,1273.25,31.3804,0.139346,0.016887,3,0.0758,-83.37,-0.0654781072,83.37,decrease,-1.1718,-0.0373417802,-0.006979,0.000411,-1,-0.3333333333,0,CR-2026-06-005,2026-06-05T10:00:00,Contraction,-83.37,Seat_Reduction,1,"[""CR-2026-06-005""]","[""2026-06-05T10:00:00""]","[""Contraction""]",[-83.37],"[""Seat_Reduction""]",-83.37,0,0,-83.37,0,0,-83.37,0,0,0,0,0,0,1,0,0,0,0,CR-2026-06-005,2026-06-05T10:00:00,Contraction,-83.37,Seat_Reduction,0,-83.37,Contraction,Seat_Reduction,-83.37,1,,,0,0,Contraction,negative,stable,stable,stable,stable,True,False,False,False,False,False,0.0365329726,13,False,-83.37,-0.0312616008,-4546.93,-1.7049815325,-2494.64,-0.9354256895,2852,1.0694264769,1273.25,0,0,0,0,-83.37,normal,False,,Contraction -83.3700,1 transactions; largest CR-2026-06-005 -83.3700 (Seat_Reduction)
ACC-0056,18,Enterprise,Logistics,Monthly,0.086,stable,568.6812,0.002673,0.097193,0.01336,2,0,0,106882.95,106882.95,17,106882.95,564.3079,0.081901,0.014698,2,0.086,0,0,0,increase,4.3733,0.0077498472,0.015292,-0.001338,0,0,0,,,,0,,0,[],[],[],[],[],0,0,0,0,0,0,0,0,0,0,0,0,0,0,0,0,0,0,,,,0,,0,0,,,0,0,,,0,0,No_Change,stable,positive,stable,stable,stable,False,True,False,False,False,False,0,50,False,0,0,0,0,0,0,1777.73,0.666602921,105436.2733333333,7100.2466666667,0.0801681188,16960.71,0,-7100.2466666667,normal,False,,No driver activity this period.,0 transactions
ACC-0057,18,SMB,Media,Annual,0.192,stable,21.0276,-0.041252,0.120346,0.02481,3,0,0,748.59,748.59,17,748.59,21.1102,0.111539,0.024599,3,0.192,0,0,0,increase,-0.0826,-0.0039128004,0.008807,0.000211,0,0,0,,,,0,,0,[],[],[],[],[],0,0,0,0,0,0,0,0,0,0,0,0,0,0,0,0,0,0,,,,0,,0,0,,,0,0,,,0,0,No_Change,negative,stable,stable,stable,stable,True,False,False,False,False,False,0,51,False,0,0,-4546.93,-1.7049815325,-586,-0.2197348932,2852,1.0694264769,824.5233333333,-69.91,-0.0773524717,0,-113.9,69.91,normal,False,,No driver activity this period.,0 transactions
ACC-0058,18,Mid-Market,Energy,Monthly,0.1904,growth,73.7132,-0.037459,0.052508,0.023398,2,0,0,8470.56,11136.48,17,8129.17,69.6735,0.062178,0.014128,2,0.1904,341.39,0.0419956773,341.39,increase,4.0397,0.0579804373,-0.00967,0.00927,0,0,0,INV-2026-06-007,2026-06-27T10:00:00,Usage_Overage,341.39,Usage_Above_Commit,1,"[""INV-2026-06-007""]","[""2026-06-27T10:00:00""]","[""Usage_Overage""]",[341.39],"[""Usage_Above_Commit""]",341.39,0,341.39,0,0,0,0,0,0,0,341.39,0,0,0,0,0,0,1,INV-2026-06-007,2026-06-27T10:00:00,Usage_Overage,341.39,Usage_Above_Commit,341.39,0,Usage_Overage,Usage_Above_Commit,341.39,1,,,0,0,Usage_Overage,negative,stable,stable,stable,stable,True,False,False,False,False,False,0.0704528551,10,False,341.39,0.1280124491,7213.78,2.7049815325,-1299.68,-0.4873464949,1777.73,0.666602921,6649.1966666667,940.3866666667,0.1574027018,1884.22,265.46,-598.9966666667,normal,False,,Usage_Overage +341.3900,1 transactions; largest INV-2026-06-007 +341.3900 (Usage_Above_Commit)
ACC-0060,18,Mid-Market,Education,Monthly,0.0488,decline,108.8602,0.053493,0.161683,0.020215,3,2,1,5786.49,5786.49,17,6290.55,111.6652,0.154572,0.024629,1,0.0488,-504.06,-0.0801297184,504.06,decrease,-2.805,-0.0251197329,0.007111,-0.004414,2,2,0,CR-2026-06-006,2026-06-13T10:00:00,Contraction,-451.87,Seat_Reduction,2,"[""CR-2026-06-006"", ""CR-2026-06-007""]","[""2026-06-13T10:00:00"", ""2026-06-23T10:00:00""]","[""Contraction"", ""Refund""]","[-451.87, -52.19]","[""Seat_Reduction"", ""Billing_Adjustment""]",-504.06,0,0,-504.06,0,0,-451.87,0,0,-52.19,0,0,0,0.8964607388,0,0,0.1035392612,0,CR-2026-06-006,2026-06-13T10:00:00,Contraction,-451.87,Seat_Reduction,0,-451.87,Contraction,Seat_Reduction,-451.87,0.8964607388,Refund,Billing_Adjustment,-52.19,0.1035392612,Contraction,positive,stable,stable,negative,negative,True,False,False,True,True,False,0.1103663445,8,False,-504.06,-0.1890095056,7213.78,2.7049815325,-2494.64,-0.9354256895,1777.73,0.666602921,6290.55,0,0,0,0,-504.06,normal,False,,Contraction -451.8700; Refund -52.1900,2 transactions; largest CR-2026-06-006 -451.8700 (Seat_Reduction)
ACC-0061,18,SMB,Real Estate,Monthly,0.1115,stable,23.5109,0.139328,0.064309,0.017268,1,-0.5,0,711.24,711.24,17,711.24,19.4061,0.067703,0.019917,2,0.1115,0,0,0,increase,4.1048,0.2115211196,-0.003394,-0.002649,-1,-0.5,0,,,,0,,0,[],[],[],[],[],0,0,0,0,0,0,0,0,0,0,0,0,0,0,0,0,0,0,,,,0,,0,0,,,0,0,,,0,0,No_Change,positive,stable,stable,stable,stable,True,False,False,False,False,False,0,52,False,0,0,-4546.93,-1.7049815325,258.39,0.0968895888,1777.73,0.666602921,711.24,0,0,0,0,0,normal,False,,No driver activity this period.,0 transactions
ACC-0062,18,Mid-Market,Real Estate,Annual,0.19,stable,32.3939,-0.01184,0.066463,0.0103,6,5,0,7834.26,9211.7,17,7834.26,32.8846,0.054463,0.022572,1,0.19,0,0,0,increase,-0.4907,-0.0149218783,0.012,-0.012272,5,5,0,,,,0,,0,[],[],[],[],[],0,0,0,0,0,0,0,0,0,0,0,0,0,0,0,0,0,0,,,,0,,0,0,,,0,0,,,0,0,No_Change,stable,positive,positive,negative,stable,False,True,False,True,False,False,0,53,False,0,0,7213.78,2.7049815325,258.39,0.0968895888,2852,1.0694264769,7834.26,0,0,0,0,0,normal,False,,No driver activity this period.,0 transactions
ACC-0063,18,Mid-Market,Retail,Annual,0.0949,growth,117.1763,-0.022552,0.101542,0.022109,4,-0.3333333333,0,23235.51,0,17,19255.49,113.4613,0.088383,0.012286,6,0.0949,3980.02,0.2066953373,3980.02,increase,3.715,0.0327424417,0.013159,0.009823,-2,-0.3333333333,0,INV-2026-06-008,2026-06-10T10:00:00,Expansion,3980.02,Plan_Upgrade,1,"[""INV-2026-06-008""]","[""2026-06-10T10:00:00""]","[""Expansion""]",[3980.02],"[""Plan_Upgrade""]",3980.02,0,3980.02,0,0,3980.02,0,0,0,0,0,0,1,0,0,0,0,0,INV-2026-06-008,2026-06-10T10:00:00,Expansion,3980.02,Plan_Upgrade,3980.02,0,Expansion,Plan_Upgrade,3980.02,1,,,0,0,Expansion,negative,positive,stable,positive,stable,True,True,False,False,False,False,0.722343368,1,True,3980.02,1.4924048972,7213.78,2.7049815325,3980.02,1.4924048972,2852,1.0694264769,18072.0433333333,1183.4466666667,0.0753540505,3550.34,0,2796.5733333333,unusual_increase,False,,"Expansion +3,980.0200","1 transactions; largest INV-2026-06-008 +3,980.0200 (Plan_Upgrade)"
ACC-0064,18,Mid-Market,Real Estate,Monthly,0.0478,stable,108.9815,0.105683,0.056576,0.020051,2,1,0,11419.31,11419.31,17,11419.31,108.5443,0.065817,0.016559,1,0.0478,0,0,0,increase,0.4372,0.0040278485,-0.009241,0.003492,1,1,0,,,,0,,0,[],[],[],[],[],0,0,0,0,0,0,0,0,0,0,0,0,0,0,0,0,0,0,,,,0,,0,0,,,0,0,,,0,0,No_Change,positive,stable,stable,stable,stable,True,False,False,False,False,False,0,54,False,0,0,7213.78,2.7049815325,258.39,0.0968895888,1777.73,0.666602921,11419.31,0,0,0,0,0,normal,False,,No driver activity this period.,0 transactions
ACC-0065,18,SMB,Energy,Multi-Year,0.0161,decline,28.4585,0.078308,0.100606,0.022685,4,3,0,856.43,856.43,17,981.23,30.436,0.103264,0.016881,1,0.0161,-124.8,-0.1271873057,124.8,decrease,-1.9775,-0.0649724011,-0.002658,0.005804,3,3,0,CR-2026-06-008,2026-06-02T10:00:00,Contraction,-109.41,Contract_Downgrade,2,"[""CR-2026-06-008"", ""CR-2026-06-009""]","[""2026-06-02T10:00:00"", ""2026-06-12T10:00:00""]","[""Contraction"", ""Refund""]","[-109.41, -15.39]","[""Contract_Downgrade"", ""Billing_Adjustment""]",-124.8,0,0,-124.8,0,0,-109.41,0,0,-15.39,0,0,0,0.8766826923,0,0,0.1233173077,0,CR-2026-06-008,2026-06-02T10:00:00,Contraction,-109.41,Contract_Downgrade,0,-109.41,Contraction,Contract_Downgrade,-109.41,0.8766826923,Refund,Billing_Adjustment,-15.39,0.1233173077,Contraction,positive,stable,stable,negative,stable,True,False,False,True,False,False,0.0648973641,12,False,-124.8,-0.0467967827,-4546.93,-1.7049815325,-1299.68,-0.4873464949,-1962.88,-0.736029398,981.23,0,0,0,0,-124.8,normal,False,,Contraction -109.4100; Refund -15.3900,2 transactions; largest CR-2026-06-008 -109.4100 (Contract_Downgrade)
ACC-0066,18,Mid-Market,Healthcare,Monthly,0.0662,growth,17.6331,0.112026,0.022779,0.017969,2,0,0,5066.13,5066.13,17,4378.43,17.0382,0.031711,0.016386,2,0.0662,687.7,0.1570654321,687.7,increase,0.5949,0.0349156601,-0.008932,0.001583,0,0,0,INV-2026-06-009,2026-06-26T10:00:00,Expansion,687.7,Seat_Add,1,"[""INV-2026-06-009""]","[""2026-06-26T10:00:00""]","[""Expansion""]",[687.7],"[""Seat_Add""]",687.7,0,687.7,0,0,687.7,0,0,0,0,0,0,1,0,0,0,0,0,INV-2026-06-009,2026-06-26T10:00:00,Expansion,687.7,Seat_Add,687.7,0,Expansion,Seat_Add,687.7,1,,,0,0,Expansion,positive,stable,stable,stable,stable,True,False,False,False,False,False,0.1672851509,6,True,687.7,0.2578697715,7213.78,2.7049815325,687.7,0.2578697715,1777.73,0.666602921,3838.6833333333,366.7033333333,0.1039109501,580.98,0,320.9966666667,unusual_increase,False,,Expansion +687.7000,1 transactions; largest INV-2026-06-009 +687.7000 (Seat_Add)
ACC-0067,18,SMB,Technology,Multi-Year,0.0039,stable,15.4702,0.101044,0.050358,0.021557,1,0,0,239.66,239.66,17,239.66,15.006,0.053826,0.011659,1,0.0039,0,0,0,increase,0.4642,0.0309342929,-0.003468,0.009898,0,0,0,,,,0,,0,[],[],[],[],[],0,0,0,0,0,0,0,0,0,0,0,0,0,0,0,0,0,0,,,,0,,0,0,,,0,0,,,0,0,No_Change,positive,stable,stable,stable,stable,True,False,False,False,False,False,0,55,False,0,0,-4546.93,-1.7049815325,0,0,-1962.88,-0.736029398,288.5333333333,-24.4366666667,-0.0780799012,0,-73.31,24.4366666667,normal,False,,No driver activity this period.,0 transactions
ACC-0068,18,SMB,Education,Multi-Year,0.1907,stable,15.2217,-0.004453,0.0711,0.020338,1,-0.5,0,2285.07,2285.07,17,2285.07,12.2582,0.058525,0.023695,2,0.1907,0,0,0,increase,2.9635,0.2417565385,0.012575,-0.003357,-1,-0.5,0,,,,0,,0,[],[],[],[],[],0,0,0,0,0,0,0,0,0,0,0,0,0,0,0,0,0,0,,,,0,,0,0,,,0,0,,,0,0,No_Change,stable,positive,stable,stable,stable,False,True,False,False,False,False,0,56,False,0,0,-4546.93,-1.7049815325,-2494.64,-0.9354256895,-1962.88,-0.736029398,2285.07,113.5133333333,0.0583757172,340.54,0,-113.5133333333,normal,False,,No driver activity this period.,0 transactions
ACC-0069,18,Mid-Market,Logistics,Monthly,0.0058,stable,132.8119,0.127607,0.08113,0.015136,3,-0.25,0,7796.83,6927.95,17,7796.83,129.4889,0.07094,0.024185,4,0.0058,0,0,0,increase,3.323,0.0256624313,0.01019,-0.009049,-1,-0.25,0,,,,0,,0,[],[],[],[],[],0,0,0,0,0,0,0,0,0,0,0,0,0,0,0,0,0,0,,,,0,,0,0,,,0,0,,,0,0,No_Change,positive,positive,stable,stable,stable,True,True,False,False,False,False,0,57,False,0,0,7213.78,2.7049815325,0,0,1777.73,0.666602921,9013.2633333333,-608.2166666667,-0.0632144604,0,-1824.65,608.2166666667,normal,False,,No driver activity this period.,0 transactions
ACC-0070,18,Enterprise,Technology,Annual,0.1814,stable,736.4434,0.142713,0.170432,0.014591,1,0,0,506598.26,558995.8199999999,17,506598.26,732.2898,0.17715,0.012362,1,0.1814,0,0,0,increase,4.1536,0.0056720714,-0.006718,0.002229,0,0,0,,,,0,,0,[],[],[],[],[],0,0,0,0,0,0,0,0,0,0,0,0,0,0,0,0,0,0,,,,0,,0,0,,,0,0,,,0,0,No_Change,positive,stable,stable,stable,stable,True,False,False,False,False,False,0,58,False,0,0,0,0,0,0,2852,1.0694264769,403148.55,80880.0333333333,0.2435923295,117091.94,49382.91,-80880.0333333333,normal,False,,No driver activity this period.,0 transactions
ACC-0001,19,Enterprise,Technology,Annual,0.049,stable,414.3544,0.029279,0.167705,0.021234,2,0,0,93514.44,93514.44,18,93514.44,410.568,0.175562,0.019376,2,0.049,0,0,0,increase,3.7864,0.0092223456,-0.007857,0.001858,0,0,0,,,,0,,0,[],[],[],[],[],0,0,0,0,0,0,0,0,0,0,0,0,0,0,0,0,0,0,,,,0,,0,0,,,0,0,,,0,0,No_Change,positive,stable,stable,stable,stable,True,False,False,False,False,False,0,17,False,0,0,52397.5599999999,1.2290943944,61814.8399999999,1.4499963993,31111.4899999999,0.7297850885,93514.44,0,0,0,0,0,normal,False,,No driver activity this period.,0 transactions
ACC-0002,19,Enterprise,Healthcare,Annual,0.0064,stable,572.8694,-0.030441,0.235391,0.02186,1,0,0,63677.69,63677.69,18,63677.69,568.0098,0.216373,0.015081,1,0.0064,0,0,0,increase,4.8596,0.0085554862,0.019018,0.006779,0,0,0,,,,0,,0,[],[],[],[],[],0,0,0,0,0,0,0,0,0,0,0,0,0,0,0,0,0,0,,,,0,,0,0,,,0,0,,,0,0,No_Change,negative,positive,stable,stable,stable,True,True,False,False,False,False,0,18,False,0,0,52397.5599999999,1.2290943944,0,0,31111.4899999999,0.7297850885,63677.69,0,0,0,0,0,normal,False,,No driver activity this period.,0 transactions
ACC-0003,19,Mid-Market,Real Estate,Monthly,0.13,stable,53.0353,0.004768,0.13812,0.014342,1,0,0,5128.35,5128.35,18,5128.35,53.6044,0.11976,0.020177,1,0.13,0,0,0,increase,-0.5691,-0.0106166658,0.01836,-0.005835,0,0,0,,,,0,,0,[],[],[],[],[],0,0,0,0,0,0,0,0,0,0,0,0,0,0,0,0,0,0,,,,0,,0,0,,,0,0,,,0,0,No_Change,stable,positive,stable,stable,stable,False,True,False,False,False,False,0,19,False,0,0,-10502.32,-0.2463538882,1377.44,0.032310737,3699.42,0.0867776359,5128.35,0,0,0,0,0,normal,False,,No driver activity this period.,0 transactions
ACC-0004,19,SMB,Fintech,Annual,0.0319,stable,46.6275,0.099357,0.125451,0.019133,3,-0.25,0,3573.9,4202.72,18,3573.9,48.4945,0.128981,0.022446,4,0.0319,0,0,0,increase,-1.867,-0.0384992113,-0.00353,-0.003313,-1,-0.25,0,,,,0,,0,[],[],[],[],[],0,0,0,0,0,0,0,0,0,0,0,0,0,0,0,0,0,0,,,,0,,0,0,,,0,0,,,0,0,No_Change,positive,stable,stable,stable,stable,True,False,False,False,False,False,0,20,False,0,0,735.79,0.0172594938,0,0,31111.4899999999,0.7297850885,3879.6666666667,-152.8833333333,-0.0379123218,0,-458.65,152.8833333333,normal,False,,No driver activity this period.,0 transactions
ACC-0005,19,SMB,Energy,Monthly,0.076,decline,40.782,0.035244,0.164347,0.022912,7,2.5,0,2605.31,2924.52,18,3111.15,41.4224,0.152796,0.02207,2,0.076,-505.84,-0.1625893962,505.84,decrease,-0.6404,-0.0154602341,0.011551,0.000842,5,2.5,0,CR-2026-07-001,2026-07-11T10:00:00,Contraction,-414.17,Seat_Reduction,2,"[""CR-2026-07-001"", ""CR-2026-07-002""]","[""2026-07-11T10:00:00"", ""2026-07-21T10:00:00""]","[""Contraction"", ""Refund""]","[-414.17, -91.67]","[""Seat_Reduction"", ""Billing_Adjustment""]",-505.84,0,0,-505.84,0,0,-414.17,0,0,-91.67,0,0,0,0.8187766883,0,0,0.1812233117,0,CR-2026-07-001,2026-07-11T10:00:00,Contraction,-414.17,Seat_Reduction,0,-414.17,Contraction,Seat_Reduction,-414.17,0.8187766883,Refund,Billing_Adjustment,-91.67,0.1812233117,Contraction,positive,positive,stable,negative,stable,True,True,False,True,False,False,0.0631813137,13,False,-505.84,-0.0118655355,735.79,0.0172594938,6496.67,0.152392987,3699.42,0.0867776359,3111.15,0,0,0,0,-505.84,normal,False,,Contraction -414.1700; Refund -91.6700,2 transactions; largest CR-2026-07-001 -414.1700 (Seat_Reduction)
ACC-0006,19,Mid-Market,Media,Annual,0.1946,stable,512.6978,0.109851,0.094213,0.020116,1,0,0,125577.8,125577.8,18,125577.8,509.6676,0.10379,0.022766,1,0.1946,0,0,0,increase,3.0302,0.0059454437,-0.009577,-0.00265,0,0,0,,,,0,,0,[],[],[],[],[],0,0,0,0,0,0,0,0,0,0,0,0,0,0,0,0,0,0,,,,0,,0,0,,,0,0,,,0,0,No_Change,positive,stable,stable,stable,stable,True,False,False,False,False,False,0,21,False,0,0,-10502.32,-0.2463538882,0,0,31111.4899999999,0.7297850885,122893.0066666667,2684.7933333333,0.0228447516,8054.38,0,-2684.7933333333,normal,False,,No driver activity this period.,0 transactions
ACC-0007,19,Mid-Market,Technology,Multi-Year,0.0723,growth,147.3534,-0.030609,0.183363,0.075728,1,-0.5,0,32504.1,33979.83,18,24683.98,141.4425,0.168191,0.012524,2,0.0723,7820.12,0.3168095259,7820.12,increase,5.9109,0.0417901267,0.015172,0.063204,-1,-0.5,0,INV-2026-07-001,2026-07-07T10:00:00,Expansion,7820.12,Plan_Upgrade,1,"[""INV-2026-07-001""]","[""2026-07-07T10:00:00""]","[""Expansion""]",[7820.12],"[""Plan_Upgrade""]",7820.12,0,7820.12,0,0,7820.12,0,0,0,0,0,0,1,0,0,0,0,0,INV-2026-07-001,2026-07-07T10:00:00,Expansion,7820.12,Plan_Upgrade,7820.12,0,Expansion,Plan_Upgrade,7820.12,1,,,0,0,Expansion,negative,positive,negative,stable,stable,True,True,True,False,False,False,0.2078931566,4,True,7820.12,0.1834372756,-10502.32,-0.2463538882,61814.8399999999,1.4499963993,7820.12,0.1834372756,25391.5366666667,-707.5566666667,-0.0263948187,0,-2122.67,8527.6766666667,normal,False,,"Expansion +7,820.1200","1 transactions; largest INV-2026-07-001 +7,820.1200 (Plan_Upgrade)"
ACC-0009,19,SMB,Energy,Monthly,0.0711,growth,88.3379,-0.035625,0.16404,0.016787,4,-0.4285714286,0,12157.27,12157.27,18,10631.01,84.1651,0.163591,0.011568,7,0.0711,1526.26,0.1435667919,1526.26,increase,4.1728,0.0495787446,0.000449,0.005219,-3,-0.4285714286,0,INV-2026-07-002,2026-07-04T10:00:00,Expansion,1526.26,Feature_Upgrade,1,"[""INV-2026-07-002""]","[""2026-07-04T10:00:00""]","[""Expansion""]",[1526.26],"[""Feature_Upgrade""]",1526.26,0,1526.26,0,0,1526.26,0,0,0,0,0,0,1,0,0,0,0,0,INV-2026-07-002,2026-07-04T10:00:00,Expansion,1526.26,Feature_Upgrade,1526.26,0,Expansion,Feature_Upgrade,1526.26,1,,,0,0,Expansion,negative,stable,stable,positive,stable,True,False,False,False,False,False,0.0691818733,12,False,1526.26,0.0358016215,735.79,0.0172594938,6496.67,0.152392987,3699.42,0.0867776359,11641.8566666667,-505.4233333333,-0.041607943,0,-1516.27,2031.6833333333,normal,False,,"Expansion +1,526.2600","1 transactions; largest INV-2026-07-002 +1,526.2600 (Feature_Upgrade)"
ACC-0010,19,SMB,Healthcare,Annual,0.0342,stable,56.7191,-0.026615,0.198232,0.015945,1,-0.5,0,5603.91,6044.13,18,5603.91,56.9664,0.197076,0.023641,2,0.0342,0,0,0,increase,-0.2473,-0.0043411555,0.001156,-0.007696,-1,-0.5,0,,,,0,,0,[],[],[],[],[],0,0,0,0,0,0,0,0,0,0,0,0,0,0,0,0,0,0,,,,0,,0,0,,,0,0,,,0,0,No_Change,negative,stable,stable,stable,stable,True,False,False,False,False,False,0,22,False,0,0,735.79,0.0172594938,0,0,31111.4899999999,0.7297850885,5603.91,0,0,0,0,0,normal,False,,No driver activity this period.,0 transactions
ACC-0013,19,Mid-Market,Media,Monthly,0.0279,stable,71.673,-0.00795,0.1595,0.02474,2,0,0,12983.42,12983.42,18,12983.42,68.5135,0.146578,0.024994,2,0.0279,0,0,0,increase,3.1595,0.0461149992,0.012922,-0.000254,0,0,0,,,,0,,0,[],[],[],[],[],0,0,0,0,0,0,0,0,0,0,0,0,0,0,0,0,0,0,,,,0,,0,0,,,0,0,,,0,0,No_Change,stable,positive,stable,stable,stable,False,True,False,False,False,False,0,23,False,0,0,-10502.32,-0.2463538882,0,0,3699.42,0.0867776359,12983.42,0,0,0,0,0,normal,False,,No driver activity this period.,0 transactions
ACC-0014,19,SMB,Education,Multi-Year,0.0799,stable,75.8759,0.144224,0.125093,0.011339,2,0,0,7911.77,7911.77,18,7911.77,72.4577,0.125467,0.017374,2,0.0799,0,0,0,increase,3.4182,0.0471751104,-0.000374,-0.006035,0,0,0,,,,0,,0,[],[],[],[],[],0,0,0,0,0,0,0,0,0,0,0,0,0,0,0,0,0,0,,,,0,,0,0,,,0,0,,,0,0,No_Change,positive,stable,stable,stable,stable,True,False,False,False,False,False,0,24,False,0,0,735.79,0.0172594938,121.35,0.0028465181,7820.12,0.1834372756,9223.4033333333,-655.8166666667,-0.0663834459,0,-1967.45,655.8166666667,normal,False,,No driver activity this period.,0 transactions
ACC-0017,19,Mid-Market,Healthcare,Annual,0.1074,stable,39.5315,0.125092,0.115984,0.022072,1,-0.5,0,989.64,989.64,18,989.64,39.7938,0.114048,0.019008,2,0.1074,0,0,0,increase,-0.2623,-0.0065914791,0.001936,0.003064,-1,-0.5,0,,,,0,,0,[],[],[],[],[],0,0,0,0,0,0,0,0,0,0,0,0,0,0,0,0,0,0,,,,0,,0,0,,,0,0,,,0,0,No_Change,positive,stable,stable,stable,stable,True,False,False,False,False,False,0,25,False,0,0,-10502.32,-0.2463538882,0,0,31111.4899999999,0.7297850885,989.64,0,0,0,0,0,normal,False,,No driver activity this period.,0 transactions
ACC-0018,19,SMB,Retail,Annual,0.1908,churned,33.8618,0.020097,0.092691,0.018186,2,0,0,0,,18,1935.83,32.7832,0.098599,0.011298,2,0.1908,-1935.83,-1,1935.83,decrease,1.0786,0.0329009981,-0.005908,0.006888,0,0,0,CR-2026-07-003,2026-07-16T10:00:00,Churn,-1935.83,Non_Renewal,1,"[""CR-2026-07-003""]","[""2026-07-16T10:00:00""]","[""Churn""]",[-1935.8300000000004],"[""Non_Renewal""]",-1935.83,0,0,-1935.83,0,0,0,-1935.83,0,0,0,0,0,0,1,0,0,0,CR-2026-07-003,2026-07-16T10:00:00,Churn,-1935.83,Non_Renewal,0,-1935.83,Churn,Non_Renewal,-1935.83,1,,,0,0,Churn,positive,stable,stable,stable,stable,True,False,False,False,False,False,0.3740142766,3,True,-1935.83,-0.0454089427,735.79,0.0172594938,-25171.34,-0.5904464424,31111.4899999999,0.7297850885,1971.6233333333,102.9433333333,0.0677532745,416.21,-107.38,-2038.7733333333,unusual_decrease,True,Non_Renewal,"Churn -1,935.8300","1 transactions; largest CR-2026-07-003 -1,935.8300 (Non_Renewal)"
ACC-0019,19,Mid-Market,Real Estate,Annual,0.1741,stable,54.8761,-0.031708,0.129936,0.024539,3,-0.4,0,12935.47,11934.75,18,12935.47,55.7117,0.112263,0.010647,5,0.1741,0,0,0,increase,-0.8356,-0.0149986448,0.017673,0.013892,-2,-0.4,0,,,,0,,0,[],[],[],[],[],0,0,0,0,0,0,0,0,0,0,0,0,0,0,0,0,0,0,,,,0,,0,0,,,0,0,,,0,0,No_Change,negative,positive,negative,positive,stable,True,True,True,False,False,False,0,26,False,0,0,-10502.32,-0.2463538882,1377.44,0.032310737,31111.4899999999,0.7297850885,13189.9366666667,254.6166666667,0.0232496962,1527.25,-763.4,-254.6166666667,normal,False,,No driver activity this period.,0 transactions
ACC-0020,19,SMB,Energy,Annual,0.1079,decline,35.4993,-0.003494,0.147869,0.023091,1,-0.5,0,981.79,981.79,18,1049.1,31.7651,0.142899,0.082148,2,0.1079,-67.31,-0.064159756,67.31,decrease,3.7342,0.1175566896,0.00497,-0.059057,-1,-0.5,0,CR-2026-07-004,2026-07-20T10:00:00,Contraction,-67.31,Contract_Downgrade,1,"[""CR-2026-07-004""]","[""2026-07-20T10:00:00""]","[""Contraction""]",[-67.31],"[""Contract_Downgrade""]",-67.31,0,0,-67.31,0,0,-67.31,0,0,0,0,0,0,1,0,0,0,0,CR-2026-07-004,2026-07-20T10:00:00,Contraction,-67.31,Contract_Downgrade,0,-67.31,Contraction,Contract_Downgrade,-67.31,1,,,0,0,Contraction,stable,stable,positive,stable,stable,False,False,False,False,False,False,0.0232909058,16,False,-67.31,-0.0015788969,735.79,0.0172594938,6496.67,0.152392987,31111.4899999999,0.7297850885,1049.1,-29.71,-0.0261019302,0,-89.13,-37.6,normal,False,,Contraction -67.3100,1 transactions; largest CR-2026-07-004 -67.3100 (Contract_Downgrade)
ACC-0022,19,Mid-Market,Education,Multi-Year,0.13,stable,59.0408,0.094795,0.063136,0.022114,3,0,0,8576.55,8576.55,18,8576.55,58.0851,0.065949,0.016557,3,0.13,0,0,0,increase,0.9557,0.016453445,-0.002813,0.005557,0,0,0,,,,0,,0,[],[],[],[],[],0,0,0,0,0,0,0,0,0,0,0,0,0,0,0,0,0,0,,,,0,,0,0,,,0,0,,,0,0,No_Change,positive,stable,stable,stable,stable,True,False,False,False,False,False,0,27,False,0,0,-10502.32,-0.2463538882,121.35,0.0028465181,7820.12,0.1834372756,8432.2266666667,144.3233333333,0.0177223449,432.97,0,-144.3233333333,normal,False,,No driver activity this period.,0 transactions
ACC-0024,19,SMB,Healthcare,Multi-Year,0.1719,stable,40.7405,0.093632,0.151405,0.011983,1,0,0,1040.28,1040.28,18,1040.28,39.2074,0.154743,0.020467,1,0.1719,0,0,0,increase,1.5331,0.0391023123,-0.003338,-0.008484,0,0,0,,,,0,,0,[],[],[],[],[],0,0,0,0,0,0,0,0,0,0,0,0,0,0,0,0,0,0,,,,0,,0,0,,,0,0,,,0,0,No_Change,positive,stable,stable,stable,stable,True,False,False,False,False,False,0,28,False,0,0,735.79,0.0172594938,0,0,7820.12,0.1834372756,1040.28,0,0,0,0,0,normal,False,,No driver activity this period.,0 transactions
ACC-0025,19,Mid-Market,Real Estate,Monthly,0.1871,stable,91.5821,0.051628,0.069681,0.015004,1,0,0,13664.16,13664.16,18,13664.16,87.0976,0.079037,0.023558,1,0.1871,0,0,0,increase,4.4845,0.0514882155,-0.009356,-0.008554,0,0,0,,,,0,,0,[],[],[],[],[],0,0,0,0,0,0,0,0,0,0,0,0,0,0,0,0,0,0,,,,0,,0,0,,,0,0,,,0,0,No_Change,positive,stable,stable,stable,stable,True,False,False,False,False,False,0,29,False,0,0,-10502.32,-0.2463538882,1377.44,0.032310737,3699.42,0.0867776359,13212.02,452.14,0.0367362326,1356.42,0,-452.14,normal,False,,No driver activity this period.,0 transactions
ACC-0026,19,SMB,Healthcare,Annual,0.0709,stable,15.0175,0.060106,0.054554,0.023167,1,0,0,2200.44,2200.44,18,2200.44,16.7479,0.061275,0.014693,1,0.0709,0,0,0,increase,-1.7304,-0.1033204163,-0.006721,0.008474,0,0,0,,,,0,,0,[],[],[],[],[],0,0,0,0,0,0,0,0,0,0,0,0,0,0,0,0,0,0,,,,0,,0,0,,,0,0,,,0,0,No_Change,positive,stable,stable,stable,stable,True,False,False,False,False,False,0,30,False,0,0,735.79,0.0172594938,0,0,31111.4899999999,0.7297850885,2200.44,0,0,0,0,0,normal,False,,No driver activity this period.,0 transactions
ACC-0027,19,Mid-Market,Healthcare,Monthly,0.1456,stable,65.2268,-0.027644,0.122365,0.024734,2,-0.3333333333,0,4165.83,4165.83,18,4165.83,65.0542,0.122545,0.01759,3,0.1456,0,0,0,increase,0.1726,0.0026531723,-0.00018,0.007144,-1,-0.3333333333,0,,,,0,,0,[],[],[],[],[],0,0,0,0,0,0,0,0,0,0,0,0,0,0,0,0,0,0,,,,0,,0,0,,,0,0,,,0,0,No_Change,negative,stable,stable,stable,stable,True,False,False,False,False,False,0,31,False,0,0,-10502.32,-0.2463538882,0,0,3699.42,0.0867776359,4165.83,-372.2333333333,-0.0704649729,0,-1116.7,372.2333333333,normal,False,,No driver activity this period.,0 transactions
ACC-0028,19,SMB,Education,Monthly,0.0925,growth,27.7889,0.095754,0.09679,0.01769,1,0,0,2189.13,2189.13,18,1765.28,28.5626,0.096483,0.019151,1,0.0925,423.85,0.240103553,423.85,increase,-0.7737,-0.0270878702,0.000307,-0.001461,0,0,0,INV-2026-07-003,2026-07-22T10:00:00,Expansion,423.85,Plan_Upgrade,1,"[""INV-2026-07-003""]","[""2026-07-22T10:00:00""]","[""Expansion""]",[423.85],"[""Plan_Upgrade""]",423.85,0,423.85,0,0,423.85,0,0,0,0,0,0,1,0,0,0,0,0,INV-2026-07-003,2026-07-22T10:00:00,Expansion,423.85,Plan_Upgrade,423.85,0,Expansion,Plan_Upgrade,423.85,1,,,0,0,Expansion,positive,stable,stable,stable,stable,True,False,False,False,False,False,0.0892941697,9,False,423.85,0.0099422885,735.79,0.0172594938,121.35,0.0028465181,3699.42,0.0867776359,1869.4033333333,-104.1233333333,-0.0501159162,0,-312.37,527.9733333333,normal,False,,Expansion +423.8500,1 transactions; largest INV-2026-07-003 +423.8500 (Plan_Upgrade)
ACC-0029,19,SMB,Real Estate,Annual,0.1938,stable,26.8553,0.111775,0.085221,0.024382,1,0,0,1857.55,1857.55,18,1857.55,26.3429,0.074766,0.018102,1,0.1938,0,0,0,increase,0.5124,0.0194511614,0.010455,0.00628,0,0,0,,,,0,,0,[],[],[],[],[],0,0,0,0,0,0,0,0,0,0,0,0,0,0,0,0,0,0,,,,0,,0,0,,,0,0,,,0,0,No_Change,positive,positive,stable,stable,stable,True,True,False,False,False,False,0,32,False,0,0,735.79,0.0172594938,1377.44,0.032310737,31111.4899999999,0.7297850885,1830.9766666667,26.5733333333,0.0149470609,79.72,0,-26.5733333333,normal,False,,No driver activity this period.,0 transactions
ACC-0031,19,Mid-Market,Logistics,Monthly,0.1915,stable,29.2744,-0.009757,0.058361,0.014518,1,inf,0,4434.96,4434.96,18,4434.96,26.2541,0.05,0.02,0,0.1915,0,0,0,increase,3.0203,0.1150410793,0.008361,-0.005482,1,inf,0,,,,0,,0,[],[],[],[],[],0,0,0,0,0,0,0,0,0,0,0,0,0,0,0,0,0,0,,,,0,,0,0,,,0,0,,,0,0,No_Change,stable,stable,stable,stable,stable,False,False,False,False,False,False,0,33,False,0,0,-10502.32,-0.2463538882,-868.88,-0.0203813982,3699.42,0.0867776359,,,,,,,insufficient_history,False,,No driver activity this period.,0 transactions
ACC-0032,19,SMB,Fintech,Annual,0.1084,stable,25.104,0.135771,0.115028,0.015496,7,0.75,0,410.31,309.27,18,410.31,26.7431,0.113539,0.011214,4,0.1084,0,0,0,increase,-1.6391,-0.0612905759,0.001489,0.004282,3,0.75,0,,,,0,,0,[],[],[],[],[],0,0,0,0,0,0,0,0,0,0,0,0,0,0,0,0,0,0,,,,0,,0,0,,,0,0,,,0,0,No_Change,positive,stable,stable,negative,stable,True,False,False,True,False,False,0,34,False,0,0,735.79,0.0172594938,0,0,31111.4899999999,0.7297850885,410.31,0,0,0,0,0,normal,False,,No driver activity this period.,0 transactions
ACC-0033,19,Mid-Market,Real Estate,Monthly,0.1922,stable,51.6031,0.00087,0.069985,0.018156,2,0,0,4083.35,4083.35,18,4083.35,48.238,0.074488,0.084544,2,0.1922,0,0,0,increase,3.3651,0.0697603549,-0.004503,-0.066388,0,0,0,,,,0,,0,[],[],[],[],[],0,0,0,0,0,0,0,0,0,0,0,0,0,0,0,0,0,0,,,,0,,0,0,,,0,0,,,0,0,No_Change,stable,stable,positive,stable,stable,False,False,False,False,False,False,0,35,False,0,0,-10502.32,-0.2463538882,1377.44,0.032310737,3699.42,0.0867776359,3637.1366666667,-63.74,0.014591462,821.86,-1271.47,63.74,normal,False,,No driver activity this period.,0 transactions
ACC-0034,19,Mid-Market,Manufacturing,Monthly,0.1883,stable,145.7517,0.043359,0.12893,0.010265,2,0,0,12118.97,12118.97,18,12118.97,144.2181,0.122657,0.011148,2,0.1883,0,0,0,increase,1.5336,0.0106338941,0.006273,-0.000883,0,0,0,,,,0,,0,[],[],[],[],[],0,0,0,0,0,0,0,0,0,0,0,0,0,0,0,0,0,0,,,,0,,0,0,,,0,0,,,0,0,No_Change,positive,stable,stable,stable,stable,True,False,False,False,False,False,0,36,False,0,0,-10502.32,-0.2463538882,-1139.05,-0.0267188008,3699.42,0.0867776359,10485.41,816.78,0.0844773251,2450.34,0,-816.78,normal,False,,No driver activity this period.,0 transactions
ACC-0035,19,SMB,Technology,Annual,0.0633,stable,18.3779,0.116978,0.096777,0.017879,2,-0.3333333333,0,1155.81,1155.81,18,1155.81,19.5334,0.08685,0.023286,3,0.0633,0,0,0,increase,-1.1555,-0.0591550882,0.009927,-0.005407,-1,-0.3333333333,0,,,,0,,0,[],[],[],[],[],0,0,0,0,0,0,0,0,0,0,0,0,0,0,0,0,0,0,,,,0,,0,0,,,0,0,,,0,0,No_Change,positive,stable,stable,stable,stable,True,False,False,False,False,False,0,37,False,0,0,735.79,0.0172594938,61814.8399999999,1.4499963993,31111.4899999999,0.7297850885,1214.3,-58.49,-0.0439351601,0,-175.47,58.49,normal,False,,No driver activity this period.,0 transactions
ACC-0036,19,SMB,Education,Monthly,0.1291,stable,22.6147,0.100264,0.094243,0.020312,2,0,0,2569.67,2569.67,18,2569.67,22.3789,0.089892,0.020703,2,0.1291,0,0,0,increase,0.2358,0.0105367109,0.004351,-0.000391,0,0,0,,,,0,,0,[],[],[],[],[],0,0,0,0,0,0,0,0,0,0,0,0,0,0,0,0,0,0,,,,0,,0,0,,,0,0,,,0,0,No_Change,positive,stable,stable,stable,stable,True,False,False,False,False,False,0,38,False,0,0,735.79,0.0172594938,121.35,0.0028465181,3699.42,0.0867776359,2529.51,75.2766666667,0.0315514906,165.59,0,-75.2766666667,normal,False,,No driver activity this period.,0 transactions
ACC-0037,19,SMB,Technology,Multi-Year,0.1992,stable,31.911,0.01733,0.144367,0.020705,2,0,0,874.75,874.75,18,874.75,30.3176,0.125168,0.016346,2,0.1992,0,0,0,increase,1.5934,0.0525569306,0.019199,0.004359,0,0,0,,,,0,,0,[],[],[],[],[],0,0,0,0,0,0,0,0,0,0,0,0,0,0,0,0,0,0,,,,0,,0,0,,,0,0,,,0,0,No_Change,stable,positive,stable,stable,stable,False,True,False,False,False,False,0,39,False,0,0,735.79,0.0172594938,61814.8399999999,1.4499963993,7820.12,0.1834372756,874.75,0,0,0,0,0,normal,False,,No driver activity this period.,0 transactions
ACC-0038,19,SMB,Energy,Multi-Year,0.1759,stable,18.4763,0.03854,0.115651,0.017027,3,0,0,647.04,647.04,18,647.04,15.6815,0.097999,0.010312,3,0.1759,0,0,0,increase,2.7948,0.1782227465,0.017652,0.006715,0,0,0,,,,0,,0,[],[],[],[],[],0,0,0,0,0,0,0,0,0,0,0,0,0,0,0,0,0,0,,,,0,,0,0,,,0,0,,,0,0,No_Change,positive,positive,stable,stable,stable,True,True,False,False,False,False,0,40,False,0,0,735.79,0.0172594938,6496.67,0.152392987,7820.12,0.1834372756,647.04,0,0,0,0,0,normal,False,,No driver activity this period.,0 transactions
ACC-0039,19,Mid-Market,Technology,Multi-Year,0.1614,stable,113.6122,0.032213,0.062216,0.015587,1,inf,0,10848.29,10848.29,18,10848.29,109.9482,0.061977,0.015019,0,0.1614,0,0,0,increase,3.664,0.0333247839,0.000239,0.000568,1,inf,0,,,,0,,0,[],[],[],[],[],0,0,0,0,0,0,0,0,0,0,0,0,0,0,0,0,0,0,,,,0,,0,0,,,0,0,,,0,0,No_Change,positive,stable,stable,stable,stable,True,False,False,False,False,False,0,41,False,0,0,-10502.32,-0.2463538882,61814.8399999999,1.4499963993,7820.12,0.1834372756,,,,,,,insufficient_history,False,,No driver activity this period.,0 transactions
ACC-0040,19,SMB,Healthcare,Multi-Year,0.0269,stable,37.893,0.043209,0.169606,0.024697,1,0,0,3671.74,4193.27,18,3671.74,39.7246,0.163769,0.019103,1,0.0269,0,0,0,increase,-1.8316,-0.0461074498,0.005837,0.005594,0,0,0,,,,0,,0,[],[],[],[],[],0,0,0,0,0,0,0,0,0,0,0,0,0,0,0,0,0,0,,,,0,,0,0,,,0,0,,,0,0,No_Change,positive,stable,stable,stable,stable,True,False,False,False,False,False,0,42,False,0,0,735.79,0.0172594938,0,0,7820.12,0.1834372756,3671.74,0,0,0,0,0,normal,False,,No driver activity this period.,0 transactions
ACC-0042,19,SMB,Education,Annual,0.0088,decline,26.5479,0.109611,0.037378,0.075418,2,-0.3333333333,0,1307.34,1307.34,18,1609.84,27.7242,0.037502,0.012919,3,0.0088,-302.5,-0.1879068727,302.5,decrease,-1.1763,-0.0424286364,-0.000124,0.062499,-1,-0.3333333333,0,CR-2026-07-005,2026-07-20T10:00:00,Contraction,-302.5,Contract_Downgrade,1,"[""CR-2026-07-005""]","[""2026-07-20T10:00:00""]","[""Contraction""]",[-302.5],"[""Contract_Downgrade""]",-302.5,0,0,-302.5,0,0,-302.5,0,0,0,0,0,0,1,0,0,0,0,CR-2026-07-005,2026-07-20T10:00:00,Contraction,-302.5,Contract_Downgrade,0,-302.5,Contraction,Contract_Downgrade,-302.5,1,,,0,0,Contraction,positive,stable,negative,stable,stable,True,False,True,False,False,False,0.0695199657,11,False,-302.5,-0.0070957704,735.79,0.0172594938,121.35,0.0028465181,31111.4899999999,0.7297850885,1609.84,0,0,0,0,-302.5,normal,False,,Contraction -302.5000,1 transactions; largest CR-2026-07-005 -302.5000 (Contract_Downgrade)
ACC-0044,19,Mid-Market,Energy,Annual,0.0296,growth,53.0587,0.037492,0.116806,0.010271,1,0,0,14522.98,18174.31,18,11645.34,52.5018,0.102194,0.088757,1,0.0296,2877.64,0.2471065679,2877.64,increase,0.5569,0.0106072554,0.014612,-0.078486,0,0,0,INV-2026-07-004,2026-07-25T10:00:00,Expansion,2877.64,Plan_Upgrade,1,"[""INV-2026-07-004""]","[""2026-07-25T10:00:00""]","[""Expansion""]",[2877.64],"[""Plan_Upgrade""]",2877.64,0,2877.64,0,0,2877.64,0,0,0,0,0,0,1,0,0,0,0,0,INV-2026-07-004,2026-07-25T10:00:00,Expansion,2877.64,Plan_Upgrade,2877.64,0,Expansion,Plan_Upgrade,2877.64,1,,,0,0,Expansion,positive,positive,positive,stable,stable,True,True,False,False,False,False,0.1221848771,6,True,2877.64,0.0675010667,-10502.32,-0.2463538882,6496.67,0.152392987,31111.4899999999,0.7297850885,11108.1366666667,537.2033333333,0.0535397438,1611.61,0,2340.4366666667,unusual_increase,False,,"Expansion +2,877.6400","1 transactions; largest INV-2026-07-004 +2,877.6400 (Plan_Upgrade)"
ACC-0045,19,Enterprise,Manufacturing,Annual,0.1334,stable,860.8531,0.067693,0.099667,0.084516,1,-0.5,0,106292.14,106292.14,18,106292.14,862.8108,0.083571,0.022022,2,0.1334,0,0,0,increase,-1.9577,-0.0022689795,0.016096,0.062494,-1,-0.5,0,,,,0,,0,[],[],[],[],[],0,0,0,0,0,0,0,0,0,0,0,0,0,0,0,0,0,0,,,,0,,0,0,,,0,0,,,0,0,No_Change,positive,positive,negative,stable,stable,True,True,True,False,False,False,0,43,False,0,0,52397.5599999999,1.2290943944,-1139.05,-0.0267188008,31111.4899999999,0.7297850885,106292.14,-5562.8033333333,-0.0452331961,0,-16688.41,5562.8033333333,normal,False,,No driver activity this period.,0 transactions
ACC-0046,19,Enterprise,Retail,Multi-Year,0.0473,stable,658.8656,0.069854,0.13808,0.010249,2,0,0,163934.71,163934.71,18,163934.71,659.5501,0.118495,0.021272,2,0.0473,0,0,0,increase,-0.6845,-0.0010378287,0.019585,-0.011023,0,0,0,,,,0,,0,[],[],[],[],[],0,0,0,0,0,0,0,0,0,0,0,0,0,0,0,0,0,0,,,,0,,0,0,,,0,0,,,0,0,No_Change,positive,positive,positive,stable,stable,True,True,False,False,False,False,0,44,False,0,0,52397.5599999999,1.2290943944,-25171.34,-0.5904464424,7820.12,0.1834372756,163934.71,0,0,0,0,0,normal,False,,No driver activity this period.,0 transactions
ACC-0048,19,SMB,Fintech,Multi-Year,0.0445,stable,10.6676,-0.035051,0.099132,0.020061,1,0,0,895.95,895.95,18,895.95,11.4602,0.086776,0.019405,1,0.0445,0,0,0,increase,-0.7926,-0.0691610967,0.012356,0.000656,0,0,0,,,,0,,0,[],[],[],[],[],0,0,0,0,0,0,0,0,0,0,0,0,0,0,0,0,0,0,,,,0,,0,0,,,0,0,,,0,0,No_Change,negative,positive,stable,stable,stable,True,True,False,False,False,False,0,45,False,0,0,735.79,0.0172594938,0,0,7820.12,0.1834372756,877.9833333333,-25.1566666667,-0.0140346702,129.37,-204.84,25.1566666667,normal,False,,No driver activity this period.,0 transactions
ACC-0049,19,SMB,Manufacturing,Monthly,0.0557,stable,26.6795,0.010971,0.12862,0.010034,3,-0.25,0,996.63,996.63,18,996.63,22.6748,0.129918,0.017433,4,0.0557,0,0,0,increase,4.0047,0.1766145677,-0.001298,-0.007399,-1,-0.25,0,,,,0,,0,[],[],[],[],[],0,0,0,0,0,0,0,0,0,0,0,0,0,0,0,0,0,0,,,,0,,0,0,,,0,0,,,0,0,No_Change,stable,stable,stable,stable,stable,False,False,False,False,False,False,0,46,False,0,0,735.79,0.0172594938,-1139.05,-0.0267188008,3699.42,0.0867776359,996.63,0,0,0,0,0,normal,False,,No driver activity this period.,0 transactions
ACC-0051,19,SMB,Technology,Monthly,0.1457,growth,25.8281,0.13783,0.115995,0.015212,7,0.4,0,4179.03,4179.03,18,3185.2,25.3253,0.101293,0.013573,5,0.1457,993.83,0.3120149441,993.83,increase,0.5028,0.0198536641,0.014702,0.001639,2,0.4,0,INV-2026-07-005,2026-07-06T10:00:00,Expansion,993.83,Seat_Add,1,"[""INV-2026-07-005""]","[""2026-07-06T10:00:00""]","[""Expansion""]",[993.83],"[""Seat_Add""]",993.83,0,993.83,0,0,993.83,0,0,0,0,0,0,1,0,0,0,0,0,INV-2026-07-005,2026-07-06T10:00:00,Expansion,993.83,Seat_Add,993.83,0,Expansion,Seat_Add,993.83,1,,,0,0,Expansion,positive,positive,stable,negative,stable,True,True,False,True,False,False,0.1215338484,8,False,993.83,0.0233123619,735.79,0.0172594938,61814.8399999999,1.4499963993,3699.42,0.0867776359,3185.2,270.4233333333,0.1139137773,811.27,0,723.4066666667,unusual_increase,False,,Expansion +993.8300,1 transactions; largest INV-2026-07-005 +993.8300 (Seat_Add)
ACC-0052,19,SMB,Technology,Monthly,0.0089,growth,32.9123,0.015035,0.069002,0.020191,2,-0.3333333333,0,2448.39,2448.39,18,1845.06,29.7872,0.07366,0.013368,3,0.0089,603.33,0.326997496,603.33,increase,3.1251,0.1049141913,-0.004658,0.006823,-1,-0.3333333333,0,INV-2026-07-006,2026-07-11T10:00:00,Expansion,603.33,Seat_Add,1,"[""INV-2026-07-006""]","[""2026-07-11T10:00:00""]","[""Expansion""]",[603.33],"[""Seat_Add""]",603.33,0,603.33,0,0,603.33,0,0,0,0,0,0,1,0,0,0,0,0,INV-2026-07-006,2026-07-11T10:00:00,Expansion,603.33,Seat_Add,603.33,0,Expansion,Seat_Add,603.33,1,,,0,0,Expansion,stable,stable,stable,stable,stable,False,False,False,False,False,False,0.1219335275,7,False,603.33,0.0141523674,735.79,0.0172594938,61814.8399999999,1.4499963993,3699.42,0.0867776359,1845.06,133.7466666667,0.0926338925,401.24,0,469.5833333333,unusual_increase,False,,Expansion +603.3300,1 transactions; largest INV-2026-07-006 +603.3300 (Seat_Add)
ACC-0053,19,Mid-Market,Manufacturing,Monthly,0.014,decline,90.5366,-0.02582,0.054201,0.018552,3,2,0,17997.87,20564.03,18,19136.92,87.788,0.056991,0.087699,1,0.014,-1139.05,-0.0595210724,1139.05,decrease,2.7486,0.0313095184,-0.00279,-0.069147,2,2,0,CR-2026-07-006,2026-07-11T10:00:00,Contraction,-998.86,Seat_Reduction,2,"[""CR-2026-07-006"", ""CR-2026-07-007""]","[""2026-07-11T10:00:00"", ""2026-07-21T10:00:00""]","[""Contraction"", ""Refund""]","[-998.86, -140.19]","[""Seat_Reduction"", ""Billing_Adjustment""]",-1139.05,0,0,-1139.05,0,0,-998.86,0,0,-140.19,0,0,0,0.8769237522,0,0,0.1230762478,0,CR-2026-07-006,2026-07-11T10:00:00,Contraction,-998.86,Seat_Reduction,0,-998.86,Contraction,Seat_Reduction,-998.86,0.8769237522,Refund,Billing_Adjustment,-140.19,0.1230762478,Contraction,negative,stable,positive,negative,stable,True,False,False,True,False,False,0.0349624703,15,False,-1139.05,-0.0267188008,-10502.32,-0.2463538882,-1139.05,-0.0267188008,3699.42,0.0867776359,19136.92,0,0,0,0,-1139.05,normal,False,,Contraction -998.8600; Refund -140.1900,2 transactions; largest CR-2026-07-006 -998.8600 (Seat_Reduction)
ACC-0054,19,Mid-Market,Logistics,Annual,0.1334,stable,133.0006,-0.00248,0.07919,0.010806,2,1,0,20608.53,23798.38,18,20608.53,132.0625,0.082767,0.019535,1,0.1334,0,0,0,increase,0.9381,0.0071034548,-0.003577,-0.008729,1,1,0,,,,0,,0,[],[],[],[],[],0,0,0,0,0,0,0,0,0,0,0,0,0,0,0,0,0,0,,,,0,,0,0,,,0,0,,,0,0,No_Change,stable,stable,stable,stable,stable,False,False,False,False,False,False,0,47,False,0,0,-10502.32,-0.2463538882,-868.88,-0.0203813982,31111.4899999999,0.7297850885,20608.53,1734.8266666667,0.1126214643,5204.48,0,-1734.8266666667,normal,False,,No driver activity this period.,0 transactions
ACC-0055,19,SMB,Education,Annual,0.0758,stable,33.8684,0.084341,0.127761,0.083509,2,0,0,1189.88,1189.88,18,1189.88,30.2086,0.132367,0.017298,2,0.0758,0,0,0,increase,3.6598,0.1211509305,-0.004606,0.066211,0,0,0,,,,0,,0,[],[],[],[],[],0,0,0,0,0,0,0,0,0,0,0,0,0,0,0,0,0,0,,,,0,,0,0,,,0,0,,,0,0,No_Change,positive,stable,negative,stable,stable,True,False,True,False,False,False,0,48,False,0,0,735.79,0.0172594938,121.35,0.0028465181,31111.4899999999,0.7297850885,1245.46,-27.79,-0.0218260357,0,-83.37,27.79,normal,False,,No driver activity this period.,0 transactions
ACC-0056,19,Enterprise,Logistics,Monthly,0.086,stable,567.8725,-0.037922,0.092928,0.023543,2,0,0,106882.95,106882.95,18,106882.95,568.6812,0.097193,0.01336,2,0.086,0,0,0,increase,-0.8087,-0.0014220621,-0.004265,0.010183,0,0,0,,,,0,,0,[],[],[],[],[],0,0,0,0,0,0,0,0,0,0,0,0,0,0,0,0,0,0,,,,0,,0,0,,,0,0,,,0,0,No_Change,negative,stable,negative,stable,stable,True,False,True,False,False,False,0,49,False,0,0,52397.5599999999,1.2290943944,-868.88,-0.0203813982,3699.42,0.0867776359,106882.95,1446.6766666667,0.0141080112,4340.03,0,-1446.6766666667,normal,False,,No driver activity this period.,0 transactions
ACC-0057,19,SMB,Media,Annual,0.192,stable,21.9487,-0.004285,0.140164,0.017801,5,0.6666666667,0,748.59,748.59,18,748.59,21.0276,0.120346,0.02481,3,0.192,0,0,0,increase,0.9211,0.0438043334,0.019818,-0.007009,2,0.6666666667,0,,,,0,,0,[],[],[],[],[],0,0,0,0,0,0,0,0,0,0,0,0,0,0,0,0,0,0,,,,0,,0,0,,,0,0,,,0,0,No_Change,stable,positive,stable,negative,stable,False,True,False,True,False,False,0,50,False,0,0,735.79,0.0172594938,0,0,31111.4899999999,0.7297850885,786.5566666667,-37.9666666667,-0.044019834,0,-113.9,37.9666666667,normal,False,,No driver activity this period.,0 transactions
ACC-0058,19,Mid-Market,Energy,Monthly,0.1904,growth,80.7968,0.130703,0.053241,0.015233,2,0,0,11136.48,13884.74,18,8470.56,73.7132,0.052508,0.023398,2,0.1904,2665.92,0.3147277158,2665.92,increase,7.0836,0.0960967642,0.000733,-0.008165,0,0,0,INV-2026-07-007,2026-07-03T10:00:00,Expansion,2665.92,Feature_Upgrade,1,"[""INV-2026-07-007""]","[""2026-07-03T10:00:00""]","[""Expansion""]",[2665.92],"[""Feature_Upgrade""]",2665.92,0,2665.92,0,0,2665.92,0,0,0,0,0,0,1,0,0,0,0,0,INV-2026-07-007,2026-07-03T10:00:00,Expansion,2665.92,Feature_Upgrade,2665.92,0,Expansion,Feature_Upgrade,2665.92,1,,,0,0,Expansion,positive,stable,stable,stable,stable,True,False,False,False,False,False,0.1432258588,5,True,2665.92,0.0625347312,-10502.32,-0.2463538882,6496.67,0.152392987,3699.42,0.0867776359,7614.8933333333,965.6966666667,0.1547308577,1884.22,341.39,1700.2233333333,unusual_increase,False,,"Expansion +2,665.9200","1 transactions; largest INV-2026-07-007 +2,665.9200 (Feature_Upgrade)"
ACC-0060,19,Mid-Market,Education,Monthly,0.0488,stable,109.2051,0.123929,0.163927,0.024603,2,-0.3333333333,0,5786.49,7102.15,18,5786.49,108.8602,0.161683,0.020215,3,0.0488,0,0,0,increase,0.3449,0.0031682837,0.002244,0.004388,-1,-0.3333333333,0,,,,0,,0,[],[],[],[],[],0,0,0,0,0,0,0,0,0,0,0,0,0,0,0,0,0,0,,,,0,,0,0,,,0,0,,,0,0,No_Change,positive,stable,stable,stable,stable,True,False,False,False,False,False,0,51,False,0,0,-10502.32,-0.2463538882,121.35,0.0028465181,3699.42,0.0867776359,6122.53,-168.02,-0.0267099061,0,-504.06,168.02,normal,False,,No driver activity this period.,0 transactions
ACC-0061,19,SMB,Real Estate,Monthly,0.1115,stable,27.511,-0.000654,0.076793,0.083366,3,2,0,711.24,711.24,18,711.24,23.5109,0.064309,0.017268,1,0.1115,0,0,0,increase,4.0001,0.1701381062,0.012484,0.066098,2,2,0,,,,0,,0,[],[],[],[],[],0,0,0,0,0,0,0,0,0,0,0,0,0,0,0,0,0,0,,,,0,,0,0,,,0,0,,,0,0,No_Change,stable,positive,negative,negative,stable,False,True,True,True,False,False,0,52,False,0,0,735.79,0.0172594938,1377.44,0.032310737,3699.42,0.0867776359,711.24,0,0,0,0,0,normal,False,,No driver activity this period.,0 transactions
ACC-0062,19,Mid-Market,Real Estate,Annual,0.19,growth,33.0969,0.045315,0.064637,0.019829,3,-0.5,0,9211.7,11066.5,18,7834.26,32.3939,0.066463,0.0103,6,0.19,1377.44,0.1758226048,1377.44,increase,0.703,0.0217016167,-0.001826,0.009529,-3,-0.5,0,INV-2026-07-008,2026-07-05T10:00:00,Expansion,1057.05,Seat_Add,2,"[""INV-2026-07-008"", ""INV-2026-07-009""]","[""2026-07-05T10:00:00"", ""2026-07-10T10:00:00""]","[""Expansion"", ""Usage_Overage""]","[1057.05, 320.39]","[""Seat_Add"", ""Usage_Above_Commit""]",1377.44,0,1377.44,0,0,1057.05,0,0,0,0,320.39,0,0.7674018469,0,0,0,0,0.2325981531,INV-2026-07-008,2026-07-05T10:00:00,Expansion,1057.05,Seat_Add,1057.05,0,Expansion,Seat_Add,1057.05,0.7674018469,Usage_Overage,Usage_Above_Commit,320.39,0.2325981531,Expansion,positive,stable,stable,positive,stable,True,False,False,False,False,False,0.0786252722,10,False,1377.44,0.032310737,-10502.32,-0.2463538882,1377.44,0.032310737,31111.4899999999,0.7297850885,7834.26,0,0,0,0,1377.44,normal,False,,"Expansion +1,057.0500; Usage_Overage +320.3900","2 transactions; largest INV-2026-07-008 +1,057.0500 (Seat_Add)"
ACC-0063,19,Mid-Market,Retail,Annual,0.0949,churned,119.7564,0.130938,0.094283,0.012472,3,-0.25,0,0,,18,23235.51,117.1763,0.101542,0.022109,4,0.0949,-23235.51,-1,23235.51,decrease,2.5801,0.0220189578,-0.007259,-0.009637,-1,-0.25,0,CR-2026-07-008,2026-07-23T10:00:00,Churn,-23235.51,Non_Renewal,1,"[""CR-2026-07-008""]","[""2026-07-23T10:00:00""]","[""Churn""]",[-23235.510000000002],"[""Non_Renewal""]",-23235.51,0,0,-23235.51,0,0,0,-23235.51,0,0,0,0,0,0,1,0,0,0,CR-2026-07-008,2026-07-23T10:00:00,Churn,-23235.51,Non_Renewal,0,-23235.51,Churn,Non_Renewal,-23235.51,1,,,0,0,Churn,positive,stable,stable,stable,stable,True,False,False,False,False,False,0.6382401681,2,True,-23235.51,-0.5450374997,-10502.32,-0.2463538882,-25171.34,-0.5904464424,31111.4899999999,0.7297850885,20582.1633333333,2510.12,0.1442524963,3980.02,0,-25745.63,unusual_decrease,True,Non_Renewal,"Churn -23,235.5100","1 transactions; largest CR-2026-07-008 -23,235.5100 (Non_Renewal)"
ACC-0064,19,Mid-Market,Real Estate,Monthly,0.0478,stable,109.601,0.069565,0.074572,0.015415,1,-0.5,0,11419.31,11419.31,18,11419.31,108.9815,0.056576,0.020051,2,0.0478,0,0,0,increase,0.6195,0.005684451,0.017996,-0.004636,-1,-0.5,0,,,,0,,0,[],[],[],[],[],0,0,0,0,0,0,0,0,0,0,0,0,0,0,0,0,0,0,,,,0,,0,0,,,0,0,,,0,0,No_Change,positive,positive,stable,stable,stable,True,True,False,False,False,False,0,53,False,0,0,-10502.32,-0.2463538882,1377.44,0.032310737,3699.42,0.0867776359,11419.31,0,0,0,0,0,normal,False,,No driver activity this period.,0 transactions
ACC-0065,19,SMB,Energy,Multi-Year,0.0161,stable,27.9459,-0.026541,0.104775,0.013641,3,-0.25,0,856.43,1097.92,18,856.43,28.4585,0.100606,0.022685,4,0.0161,0,0,0,increase,-0.5126,-0.0180121932,0.004169,-0.009044,-1,-0.25,0,,,,0,,0,[],[],[],[],[],0,0,0,0,0,0,0,0,0,0,0,0,0,0,0,0,0,0,,,,0,,0,0,,,0,0,,,0,0,No_Change,negative,stable,stable,stable,stable,True,False,False,False,False,False,0,54,False,0,0,735.79,0.0172594938,6496.67,0.152392987,7820.12,0.1834372756,939.63,-41.6,-0.0423957686,0,-124.8,41.6,normal,False,,No driver activity this period.,0 transactions
ACC-0066,19,Mid-Market,Healthcare,Monthly,0.0662,stable,18.6508,-0.04235,0.02102,0.013662,2,0,0,5066.13,6064.41,18,5066.13,17.6331,0.022779,0.017969,2,0.0662,0,0,0,increase,1.0177,0.0577153195,-0.001759,-0.004307,0,0,0,,,,0,,0,[],[],[],[],[],0,0,0,0,0,0,0,0,0,0,0,0,0,0,0,0,0,0,,,,0,,0,0,,,0,0,,,0,0,No_Change,negative,stable,stable,stable,stable,True,False,False,False,False,False,0,55,False,0,0,-10502.32,-0.2463538882,0,0,3699.42,0.0867776359,4434.62,595.9366666667,0.1562660942,687.7,519.13,-595.9366666667,normal,False,,No driver activity this period.,0 transactions
ACC-0067,19,SMB,Technology,Multi-Year,0.0039,stable,17.2196,0.125799,0.052124,0.016959,2,1,0,239.66,255.98,18,239.66,15.4702,0.050358,0.021557,1,0.0039,0,0,0,increase,1.7494,0.1130819252,0.001766,-0.004598,1,1,0,,,,0,,0,[],[],[],[],[],0,0,0,0,0,0,0,0,0,0,0,0,0,0,0,0,0,0,,,,0,,0,0,,,0,0,,,0,0,No_Change,positive,stable,stable,stable,stable,True,False,False,False,False,False,0,56,False,0,0,735.79,0.0172594938,61814.8399999999,1.4499963993,7820.12,0.1834372756,264.0966666667,-24.4366666667,-0.0780799012,0,-73.31,24.4366666667,normal,False,,No driver activity this period.,0 transactions
ACC-0068,19,SMB,Education,Multi-Year,0.1907,stable,14.2579,0.086908,0.069753,0.015441,1,0,0,2285.07,2285.07,18,2285.07,15.2217,0.0711,0.020338,1,0.1907,0,0,0,increase,-0.9638,-0.0633175007,-0.001347,-0.004897,0,0,0,,,,0,,0,[],[],[],[],[],0,0,0,0,0,0,0,0,0,0,0,0,0,0,0,0,0,0,,,,0,,0,0,,,0,0,,,0,0,No_Change,positive,stable,stable,stable,stable,True,False,False,False,False,False,0,57,False,0,0,735.79,0.0172594938,121.35,0.0028465181,7820.12,0.1834372756,2285.07,0,0,0,0,0,normal,False,,No driver activity this period.,0 transactions
ACC-0069,19,Mid-Market,Logistics,Monthly,0.0058,decline,131.8685,-0.019345,0.074217,0.018565,2,-0.3333333333,0,6927.95,7937.01,18,7796.83,132.8119,0.08113,0.015136,3,0.0058,-868.88,-0.1114401622,868.88,decrease,-0.9434,-0.0071032791,-0.006913,0.003429,-1,-0.3333333333,0,CR-2026-07-009,2026-07-07T10:00:00,Contraction,-868.88,Seat_Reduction,1,"[""CR-2026-07-009""]","[""2026-07-07T10:00:00""]","[""Contraction""]",[-868.88],"[""Seat_Reduction""]",-868.88,0,0,-868.88,0,0,-868.88,0,0,0,0,0,0,1,0,0,0,0,CR-2026-07-009,2026-07-07T10:00:00,Contraction,-868.88,Seat_Reduction,0,-868.88,Contraction,Seat_Reduction,-868.88,1,,,0,0,Contraction,stable,stable,stable,stable,stable,False,False,False,False,False,False,0.0497826503,14,False,-868.88,-0.0203813982,-10502.32,-0.2463538882,-868.88,-0.0203813982,3699.42,0.0867776359,8405.0466666667,-608.2166666667,-0.0632144604,0,-1824.65,-260.6633333333,normal,False,,Contraction -868.8800,1 transactions; largest CR-2026-07-009 -868.8800 (Seat_Reduction)
ACC-0070,19,Enterprise,Technology,Annual,0.1814,growth,762.9317,0.070602,0.161827,0.017878,1,0,1,558995.8199999999,558995.8199999999,18,506598.26,736.4434,0.170432,0.014591,1,0.1814,52397.5599999999,0.1034302013,52397.5599999999,increase,26.4883,0.0359678694,-0.008605,0.003287,0,0,0,INV-2026-07-010,2026-07-10T10:00:00,Expansion,29660.86,Feature_Upgrade,2,"[""INV-2026-07-010"", ""INV-2026-07-011""]","[""2026-07-10T10:00:00"", ""2026-07-15T10:00:00""]","[""Expansion"", ""Usage_Overage""]","[29660.86, 22736.7]","[""Feature_Upgrade"", ""Usage_Above_Commit""]",52397.56,0,52397.56,0,0,29660.86,0,0,0,0,22736.7,0,0.5660733057,0,0,0,0,0.4339266943,INV-2026-07-010,2026-07-10T10:00:00,Expansion,29660.86,Feature_Upgrade,29660.86,0,Expansion,Feature_Upgrade,29660.86,0.5660733057,Usage_Overage,Usage_Above_Commit,22736.7,0.4339266943,Mixed,positive,stable,stable,stable,negative,True,False,False,False,True,False,0.6862005704,1,True,52397.5599999999,1.2290943944,52397.5599999999,1.2290943944,61814.8399999999,1.4499963993,31111.4899999999,0.7297850885,467567.6133333333,64419.0633333333,0.1812302869,117091.94,0,-12021.5033333334,normal,False,,"Expansion +29,660.8600; Usage_Overage +22,736.7000","2 transactions; largest INV-2026-07-010 +29,660.8600 (Feature_Upgrade)"
ACC-0001,20,Enterprise,Technology,Annual,0.049,stable,414.2601,0.032222,0.173904,0.023341,2,0,0,93514.44,93514.44,19,93514.44,414.3544,0.167705,0.021234,2,0.049,0,0,0,increase,-0.0943,-0.000227583,0.006199,0.002107,0,0,0,,,,0,,0,[],[],[],[],[],0,0,0,0,0,0,0,0,0,0,0,0,0,0,0,0,0,0,,,,0,,0,0,,,0,0,,,0,0,No_Change,positive,stable,stable,stable,stable,True,False,False,False,False,False,0,18,False,0,0,0,0,1492.05,0.0750718492,8663.26,0.4358881729,93514.44,0,0,0,0,0,normal,False,,No driver activity this period.,0 transactions
ACC-0002,20,Enterprise,Healthcare,Annual,0.0064,stable,573.5366,-0.034046,0.244548,0.017072,1,0,0,63677.69,63677.69,19,63677.69,572.8694,0.235391,0.02186,1,0.0064,0,0,0,increase,0.6672,0.0011646634,0.009157,-0.004788,0,0,0,,,,0,,0,[],[],[],[],[],0,0,0,0,0,0,0,0,0,0,0,0,0,0,0,0,0,0,,,,0,,0,0,,,0,0,,,0,0,No_Change,negative,stable,stable,stable,stable,True,False,False,False,False,False,0,19,False,0,0,0,0,1960.03,0.0986180601,8663.26,0.4358881729,63677.69,0,0,0,0,0,normal,False,,No driver activity this period.,0 transactions
ACC-0003,20,Mid-Market,Real Estate,Monthly,0.13,stable,54.5371,0.096873,0.153121,0.022926,3,2,0,5128.35,5128.35,19,5128.35,53.0353,0.13812,0.014342,1,0.13,0,0,0,increase,1.5018,0.0283169889,0.015001,0.008584,2,2,0,,,,0,,0,[],[],[],[],[],0,0,0,0,0,0,0,0,0,0,0,0,0,0,0,0,0,0,,,,0,,0,0,,,0,0,,,0,0,No_Change,positive,positive,stable,negative,stable,True,True,False,True,False,False,0,20,False,0,0,17808.41,0.8960224322,854.08,0.0429726651,8956.63,0.4506489573,5128.35,0,0,0,0,0,normal,False,,No driver activity this period.,0 transactions
ACC-0004,20,SMB,Fintech,Annual,0.0319,growth,46.8023,0.000501,0.142605,0.017731,4,0.3333333333,0,4202.72,4202.72,19,3573.9,46.6275,0.125451,0.019133,3,0.0319,628.82,0.1759478441,628.82,increase,0.1748,0.0037488607,0.017154,-0.001402,1,0.3333333333,0,INV-2026-08-001,2026-08-26T10:00:00,Expansion,628.82,Plan_Upgrade,1,"[""INV-2026-08-001""]","[""2026-08-26T10:00:00""]","[""Expansion""]",[628.82],"[""Plan_Upgrade""]",628.82,0,628.82,0,0,628.82,0,0,0,0,0,0,1,0,0,0,0,0,INV-2026-08-001,2026-08-26T10:00:00,Expansion,628.82,Plan_Upgrade,628.82,0,Expansion,Plan_Upgrade,628.82,1,,,0,0,Expansion,stable,positive,stable,stable,stable,False,True,False,False,False,False,0.3303368718,10,False,628.82,0.0316388058,2066.55,0.1039775678,527.78,0.026555022,8663.26,0.4358881729,3726.7833333333,-152.8833333333,-0.0379123218,0,-458.65,781.7033333333,normal,False,,Expansion +628.8200,1 transactions; largest INV-2026-08-001 +628.8200 (Plan_Upgrade)
ACC-0005,20,SMB,Energy,Monthly,0.076,growth,41.7409,0.09974,0.157252,0.019231,4,-0.4285714286,0,2924.52,2924.52,19,2605.31,40.782,0.164347,0.022912,7,0.076,319.21,0.1225228476,319.21,increase,0.9589,0.0235128243,-0.007095,-0.003681,-3,-0.4285714286,0,INV-2026-08-002,2026-08-06T10:00:00,Expansion,319.21,Seat_Add,1,"[""INV-2026-08-002""]","[""2026-08-06T10:00:00""]","[""Expansion""]",[319.21],"[""Seat_Add""]",319.21,0,319.21,0,0,319.21,0,0,0,0,0,0,1,0,0,0,0,0,INV-2026-08-002,2026-08-06T10:00:00,Expansion,319.21,Seat_Add,319.21,0,Expansion,Seat_Add,319.21,1,,,0,0,Expansion,positive,stable,stable,positive,stable,True,False,False,False,False,False,0.2089069213,15,False,319.21,0.0160609128,2066.55,0.1039775678,6960.29,0.3502039753,8956.63,0.4506489573,2942.5366666667,-168.6133333333,-0.0541964654,0,-505.84,487.8233333333,normal,False,,Expansion +319.2100,1 transactions; largest INV-2026-08-002 +319.2100 (Seat_Add)
ACC-0006,20,Mid-Market,Media,Annual,0.1946,stable,511.305,0.119791,0.10429,0.014854,1,0,0,125577.8,108517.59,19,125577.8,512.6978,0.094213,0.020116,1,0.1946,0,0,0,increase,-1.3928,-0.0027166101,0.010077,-0.005262,0,0,0,,,,0,,0,[],[],[],[],[],0,0,0,0,0,0,0,0,0,0,0,0,0,0,0,0,0,0,,,,0,,0,0,,,0,0,,,0,0,No_Change,positive,positive,stable,stable,stable,True,True,False,False,False,False,0,21,False,0,0,17808.41,0.8960224322,0,0,8663.26,0.4358881729,125577.8,2684.7933333333,0.0228447516,8054.38,0,-2684.7933333333,normal,False,,No driver activity this period.,0 transactions
ACC-0007,20,Mid-Market,Technology,Multi-Year,0.0723,growth,152.3864,0.116934,0.191898,0.017248,1,0,0,33979.83,0,19,32504.1,147.3534,0.183363,0.075728,1,0.0723,1475.73,0.0454013494,1475.73,increase,5.033,0.0341559815,0.008535,-0.05848,0,0,0,INV-2026-08-003,2026-08-06T10:00:00,Usage_Overage,1475.73,Usage_Above_Commit,1,"[""INV-2026-08-003""]","[""2026-08-06T10:00:00""]","[""Usage_Overage""]",[1475.73],"[""Usage_Above_Commit""]",1475.73,0,1475.73,0,0,0,0,0,0,0,1475.73,0,0,0,0,0,0,1,INV-2026-08-003,2026-08-06T10:00:00,Usage_Overage,1475.73,Usage_Above_Commit,1475.73,0,Usage_Overage,Usage_Above_Commit,1475.73,1,,,0,0,Usage_Overage,positive,stable,positive,stable,stable,True,False,False,False,False,False,0.3190601273,12,False,1475.73,0.0742507155,17808.41,0.8960224322,1492.05,0.0750718492,2255.07,0.1134628699,27290.6866666667,1899.15,0.0792083566,7820.12,-2122.67,-423.42,normal,False,,"Usage_Overage +1,475.7300","1 transactions; largest INV-2026-08-003 +1,475.7300 (Usage_Above_Commit)"
ACC-0009,20,SMB,Energy,Monthly,0.0711,stable,91.0779,0.110139,0.158971,0.012617,2,-0.5,0,12157.27,12157.27,19,12157.27,88.3379,0.16404,0.016787,4,0.0711,0,0,0,increase,2.74,0.0310172644,-0.005069,-0.00417,-2,-0.5,0,,,,0,,0,[],[],[],[],[],0,0,0,0,0,0,0,0,0,0,0,0,0,0,0,0,0,0,,,,0,,0,0,,,0,0,,,0,0,No_Change,positive,stable,stable,positive,stable,True,False,False,False,False,False,0,22,False,0,0,2066.55,0.1039775678,6960.29,0.3502039753,8956.63,0.4506489573,11645.1866666667,3.33,0.0062476543,1526.26,-1516.27,-3.33,normal,False,,No driver activity this period.,0 transactions
ACC-0010,20,SMB,Healthcare,Annual,0.0342,growth,57.3496,0.098599,0.195017,0.020434,6,5,0,6044.13,5562.77,19,5603.91,56.7191,0.198232,0.015945,1,0.0342,440.22,0.0785558655,440.22,increase,0.6305,0.0111161848,-0.003215,0.004489,5,5,0,INV-2026-08-004,2026-08-24T10:00:00,Expansion,440.22,Seat_Add,1,"[""INV-2026-08-004""]","[""2026-08-24T10:00:00""]","[""Expansion""]",[440.22],"[""Seat_Add""]",440.22,0,440.22,0,0,440.22,0,0,0,0,0,0,1,0,0,0,0,0,INV-2026-08-004,2026-08-24T10:00:00,Expansion,440.22,Seat_Add,440.22,0,Expansion,Seat_Add,440.22,1,,,0,0,Expansion,positive,stable,stable,negative,stable,True,False,False,True,False,False,0.1758745924,16,False,440.22,0.0221494785,2066.55,0.1039775678,1960.03,0.0986180601,8663.26,0.4358881729,5603.91,0,0,0,0,440.22,normal,False,,Expansion +440.2200,1 transactions; largest INV-2026-08-004 +440.2200 (Seat_Add)
ACC-0013,20,Mid-Market,Media,Monthly,0.0279,stable,76.0708,-0.023019,0.150346,0.018454,2,0,0,12983.42,12983.42,19,12983.42,71.673,0.1595,0.02474,2,0.0279,0,0,0,increase,4.3978,0.0613592287,-0.009154,-0.006286,0,0,0,,,,0,,0,[],[],[],[],[],0,0,0,0,0,0,0,0,0,0,0,0,0,0,0,0,0,0,,,,0,,0,0,,,0,0,,,0,0,No_Change,negative,stable,stable,stable,stable,True,False,False,False,False,False,0,23,False,0,0,17808.41,0.8960224322,0,0,8956.63,0.4506489573,12983.42,0,0,0,0,0,normal,False,,No driver activity this period.,0 transactions
ACC-0014,20,SMB,Education,Multi-Year,0.0799,stable,77.4828,0.095598,0.119862,0.012035,2,0,0,7911.77,7911.77,19,7911.77,75.8759,0.125093,0.011339,2,0.0799,0,0,0,increase,1.6069,0.0211780025,-0.005231,0.000696,0,0,0,,,,0,,0,[],[],[],[],[],0,0,0,0,0,0,0,0,0,0,0,0,0,0,0,0,0,0,,,,0,,0,0,,,0,0,,,0,0,No_Change,positive,stable,stable,stable,stable,True,False,False,False,False,False,0,24,False,0,0,2066.55,0.1039775678,1315.66,0.0661968628,2255.07,0.1134628699,8567.5866666667,-655.8166666667,-0.0663834459,0,-1967.45,655.8166666667,normal,False,,No driver activity this period.,0 transactions
ACC-0017,20,Mid-Market,Healthcare,Annual,0.1074,stable,43.5565,0.087003,0.12734,0.013013,1,0,0,989.64,1250.03,19,989.64,39.5315,0.115984,0.022072,1,0.1074,0,0,0,increase,4.025,0.1018175379,0.011356,-0.009059,0,0,0,,,,0,,0,[],[],[],[],[],0,0,0,0,0,0,0,0,0,0,0,0,0,0,0,0,0,0,,,,0,,0,0,,,0,0,,,0,0,No_Change,positive,positive,stable,stable,stable,True,True,False,False,False,False,0,25,False,0,0,17808.41,0.8960224322,1960.03,0.0986180601,8663.26,0.4358881729,989.64,0,0,0,0,0,normal,False,,No driver activity this period.,0 transactions
ACC-0019,20,Mid-Market,Real Estate,Annual,0.1741,decline,53.2947,0.092875,0.138132,0.01329,2,-0.3333333333,0,11934.75,15339.95,19,12935.47,54.8761,0.129936,0.024539,3,0.1741,-1000.72,-0.077362477,1000.72,decrease,-1.5814,-0.0288176456,0.008196,-0.011249,-1,-0.3333333333,0,CR-2026-08-001,2026-08-25T10:00:00,Contraction,-1000.72,Contract_Downgrade,1,"[""CR-2026-08-001""]","[""2026-08-25T10:00:00""]","[""Contraction""]",[-1000.72],"[""Contract_Downgrade""]",-1000.72,0,0,-1000.72,0,0,-1000.72,0,0,0,0,0,0,1,0,0,0,0,CR-2026-08-001,2026-08-25T10:00:00,Contraction,-1000.72,Contract_Downgrade,0,-1000.72,Contraction,Contract_Downgrade,-1000.72,1,,,0,0,Contraction,positive,stable,positive,stable,stable,True,False,False,False,False,False,0.2741720046,13,False,-1000.72,-0.0503507932,17808.41,0.8960224322,854.08,0.0429726651,8663.26,0.4358881729,12935.47,-254.4666666667,-0.0185757414,0,-763.4,-746.2533333333,unusual_decrease,False,,"Contraction -1,000.7200","1 transactions; largest CR-2026-08-001 -1,000.7200 (Contract_Downgrade)"
ACC-0020,20,SMB,Energy,Annual,0.1079,stable,34.3384,0.115338,0.140224,0.010099,2,1,0,981.79,981.79,19,981.79,35.4993,0.147869,0.023091,1,0.1079,0,0,0,increase,-1.1609,-0.0327020533,-0.007645,-0.012992,1,1,0,,,,0,,0,[],[],[],[],[],0,0,0,0,0,0,0,0,0,0,0,0,0,0,0,0,0,0,,,,0,,0,0,,,0,0,,,0,0,No_Change,positive,stable,positive,stable,stable,True,False,False,False,False,False,0,26,False,0,0,2066.55,0.1039775678,6960.29,0.3502039753,8663.26,0.4358881729,1026.6633333333,-22.4366666667,-0.0213865853,0,-67.31,22.4366666667,normal,False,,No driver activity this period.,0 transactions
ACC-0022,20,Mid-Market,Education,Multi-Year,0.13,stable,57.5201,0.076176,0.057234,0.016792,3,0,0,8576.55,10381.84,19,8576.55,59.0408,0.063136,0.022114,3,0.13,0,0,0,increase,-1.5207,-0.0257567648,-0.005902,-0.005322,0,0,0,,,,0,,0,[],[],[],[],[],0,0,0,0,0,0,0,0,0,0,0,0,0,0,0,0,0,0,,,,0,,0,0,,,0,0,,,0,0,No_Change,positive,stable,stable,stable,stable,True,False,False,False,False,False,0,27,False,0,0,17808.41,0.8960224322,1315.66,0.0661968628,2255.07,0.1134628699,8576.55,144.3233333333,0.0177223449,432.97,0,-144.3233333333,normal,False,,No driver activity this period.,0 transactions
ACC-0024,20,SMB,Healthcare,Multi-Year,0.1719,stable,41.7819,0.096516,0.162341,0.012972,1,0,0,1040.28,1040.28,19,1040.28,40.7405,0.151405,0.011983,1,0.1719,0,0,0,increase,1.0414,0.0255617874,0.010936,0.000989,0,0,0,,,,0,,0,[],[],[],[],[],0,0,0,0,0,0,0,0,0,0,0,0,0,0,0,0,0,0,,,,0,,0,0,,,0,0,,,0,0,No_Change,positive,positive,stable,stable,stable,True,True,False,False,False,False,0,28,False,0,0,2066.55,0.1039775678,1960.03,0.0986180601,2255.07,0.1134628699,1040.28,0,0,0,0,0,normal,False,,No driver activity this period.,0 transactions
ACC-0025,20,Mid-Market,Real Estate,Monthly,0.1871,stable,96.5541,-0.056142,0.089039,0.013865,4,3,0,13664.16,12046.91,19,13664.16,91.5821,0.069681,0.015004,1,0.1871,0,0,0,increase,4.972,0.0542900851,0.019358,-0.001139,3,3,0,,,,0,,0,[],[],[],[],[],0,0,0,0,0,0,0,0,0,0,0,0,0,0,0,0,0,0,,,,0,,0,0,,,0,0,,,0,0,No_Change,negative,positive,stable,negative,stable,True,True,False,True,False,False,0,29,False,0,0,17808.41,0.8960224322,854.08,0.0429726651,8956.63,0.4506489573,13664.16,452.14,0.0367362326,1356.42,0,-452.14,normal,False,,No driver activity this period.,0 transactions
ACC-0026,20,SMB,Healthcare,Annual,0.0709,stable,17.432,0.023078,0.046033,0.014568,2,1,0,2200.44,2200.44,19,2200.44,15.0175,0.054554,0.023167,1,0.0709,0,0,0,increase,2.4145,0.1607790911,-0.008521,-0.008599,1,1,0,,,,0,,0,[],[],[],[],[],0,0,0,0,0,0,0,0,0,0,0,0,0,0,0,0,0,0,,,,0,,0,0,,,0,0,,,0,0,No_Change,positive,stable,stable,stable,stable,True,False,False,False,False,False,0,30,False,0,0,2066.55,0.1039775678,1960.03,0.0986180601,8663.26,0.4358881729,2200.44,0,0,0,0,0,normal,False,,No driver activity this period.,0 transactions
ACC-0027,20,Mid-Market,Healthcare,Monthly,0.1456,stable,64.0376,-0.016911,0.121695,0.088078,1,-0.5,1,4165.83,4428.67,19,4165.83,65.2268,0.122365,0.024734,2,0.1456,0,0,0,increase,-1.1892,-0.0182317698,-0.00067,0.063344,-1,-0.5,0,,,,0,,0,[],[],[],[],[],0,0,0,0,0,0,0,0,0,0,0,0,0,0,0,0,0,0,,,,0,,0,0,,,0,0,,,0,0,No_Change,stable,stable,negative,stable,negative,False,False,True,False,True,False,0,31,False,0,0,17808.41,0.8960224322,1960.03,0.0986180601,8956.63,0.4506489573,4165.83,0,0,0,0,0,normal,False,,No driver activity this period.,0 transactions
ACC-0028,20,SMB,Education,Monthly,0.0925,stable,26.9615,0.009618,0.107641,0.021775,1,0,0,2189.13,2949,19,2189.13,27.7889,0.09679,0.01769,1,0.0925,0,0,0,increase,-0.8274,-0.0297744783,0.010851,0.004085,0,0,0,,,,0,,0,[],[],[],[],[],0,0,0,0,0,0,0,0,0,0,0,0,0,0,0,0,0,0,,,,0,,0,0,,,0,0,,,0,0,No_Change,stable,positive,stable,stable,stable,False,True,False,False,False,False,0,32,False,0,0,2066.55,0.1039775678,1315.66,0.0661968628,8956.63,0.4506489573,1906.5633333333,37.16,0.0299186014,423.85,-312.37,-37.16,normal,False,,No driver activity this period.,0 transactions
ACC-0029,20,SMB,Real Estate,Annual,0.1938,stable,26.885,0.119202,0.081315,0.019911,1,0,0,1857.55,1857.55,19,1857.55,26.8553,0.085221,0.024382,1,0.1938,0,0,0,increase,0.0297,0.0011059269,-0.003906,-0.004471,0,0,0,,,,0,,0,[],[],[],[],[],0,0,0,0,0,0,0,0,0,0,0,0,0,0,0,0,0,0,,,,0,,0,0,,,0,0,,,0,0,No_Change,positive,stable,stable,stable,stable,True,False,False,False,False,False,0,33,False,0,0,2066.55,0.1039775678,854.08,0.0429726651,8663.26,0.4358881729,1857.55,26.5733333333,0.0149470609,79.72,0,-26.5733333333,normal,False,,No driver activity this period.,0 transactions
ACC-0031,20,Mid-Market,Logistics,Monthly,0.1915,stable,29.8078,-0.010516,0.071195,0.021555,1,0,0,4434.96,5779.35,19,4434.96,29.2744,0.058361,0.014518,1,0.1915,0,0,0,increase,0.5334,0.0182206979,0.012834,0.007037,0,0,0,,,,0,,0,[],[],[],[],[],0,0,0,0,0,0,0,0,0,0,0,0,0,0,0,0,0,0,,,,0,,0,0,,,0,0,,,0,0,No_Change,stable,positive,stable,stable,stable,False,True,False,False,False,False,0,34,False,0,0,17808.41,0.8960224322,4198.91,0.2112663371,8956.63,0.4506489573,,,,,,,insufficient_history,False,,No driver activity this period.,0 transactions
ACC-0032,20,SMB,Fintech,Annual,0.1084,decline,27.1452,-0.045929,0.127149,0.020543,5,-0.2857142857,0,309.27,309.27,19,410.31,25.104,0.115028,0.015496,7,0.1084,-101.04,-0.2462528332,101.04,decrease,2.0412,0.0813097514,0.012121,0.005047,-2,-0.2857142857,0,CR-2026-08-002,2026-08-24T10:00:00,Contraction,-101.04,Contract_Downgrade,1,"[""CR-2026-08-002""]","[""2026-08-24T10:00:00""]","[""Contraction""]",[-101.04],"[""Contract_Downgrade""]",-101.04,0,0,-101.04,0,0,-101.04,0,0,0,0,0,0,1,0,0,0,0,CR-2026-08-002,2026-08-24T10:00:00,Contraction,-101.04,Contract_Downgrade,0,-101.04,Contraction,Contract_Downgrade,-101.04,1,,,0,0,Contraction,negative,positive,stable,positive,stable,True,True,False,False,False,False,0.3236492577,11,False,-101.04,-0.0050837838,2066.55,0.1039775678,527.78,0.026555022,8663.26,0.4358881729,410.31,0,0,0,0,-101.04,normal,False,,Contraction -101.0400,1 transactions; largest CR-2026-08-002 -101.0400 (Contract_Downgrade)
ACC-0033,20,Mid-Market,Real Estate,Monthly,0.1922,stable,53.344,0.107974,0.070534,0.014221,2,0,0,4083.35,4476.85,19,4083.35,51.6031,0.069985,0.018156,2,0.1922,0,0,0,increase,1.7409,0.0337363453,0.000549,-0.003935,0,0,0,,,,0,,0,[],[],[],[],[],0,0,0,0,0,0,0,0,0,0,0,0,0,0,0,0,0,0,,,,0,,0,0,,,0,0,,,0,0,No_Change,positive,stable,stable,stable,stable,True,False,False,False,False,False,0,35,False,0,0,17808.41,0.8960224322,854.08,0.0429726651,8956.63,0.4506489573,3997.22,360.0833333333,0.113741396,821.86,0,-360.0833333333,normal,False,,No driver activity this period.,0 transactions
ACC-0034,20,Mid-Market,Manufacturing,Monthly,0.1883,stable,146.8496,0.124826,0.120009,0.021691,2,0,0,12118.97,12118.97,19,12118.97,145.7517,0.12893,0.010265,2,0.1883,0,0,0,increase,1.0979,0.0075326737,-0.008921,0.011426,0,0,0,,,,0,,0,[],[],[],[],[],0,0,0,0,0,0,0,0,0,0,0,0,0,0,0,0,0,0,,,,0,,0,0,,,0,0,,,0,0,No_Change,positive,stable,negative,stable,stable,True,False,True,False,False,False,0,36,False,0,0,17808.41,0.8960224322,2566.16,0.1291152284,8956.63,0.4506489573,11302.19,816.78,0.0844773251,2450.34,0,-816.78,normal,False,,No driver activity this period.,0 transactions
ACC-0035,20,SMB,Technology,Annual,0.0633,stable,20.4682,-0.010004,0.098475,0.016343,1,-0.5,0,1155.81,1155.81,19,1155.81,18.3779,0.096777,0.017879,2,0.0633,0,0,0,increase,2.0903,0.1137398723,0.001698,-0.001536,-1,-0.5,0,,,,0,,0,[],[],[],[],[],0,0,0,0,0,0,0,0,0,0,0,0,0,0,0,0,0,0,,,,0,,0,0,,,0,0,,,0,0,No_Change,stable,stable,stable,stable,stable,False,False,False,False,False,False,0,37,False,0,0,2066.55,0.1039775678,1492.05,0.0750718492,8663.26,0.4358881729,1155.81,-58.49,-0.0439351601,0,-175.47,58.49,normal,False,,No driver activity this period.,0 transactions
ACC-0036,20,SMB,Education,Monthly,0.1291,stable,23.2559,-0.000823,0.109283,0.010345,5,1.5,0,2569.67,2569.67,19,2569.67,22.6147,0.094243,0.020312,2,0.1291,0,0,0,increase,0.6412,0.0283532393,0.01504,-0.009967,3,1.5,0,,,,0,,0,[],[],[],[],[],0,0,0,0,0,0,0,0,0,0,0,0,0,0,0,0,0,0,,,,0,,0,0,,,0,0,,,0,0,No_Change,stable,positive,stable,negative,stable,False,True,False,True,False,False,0,38,False,0,0,2066.55,0.1039775678,1315.66,0.0661968628,8956.63,0.4506489573,2549.59,20.08,0.0080018171,60.24,0,-20.08,normal,False,,No driver activity this period.,0 transactions
ACC-0037,20,SMB,Technology,Multi-Year,0.1992,stable,36.2614,0.072208,0.148695,0.023544,2,0,0,874.75,874.75,19,874.75,31.911,0.144367,0.020705,2,0.1992,0,0,0,increase,4.3504,0.1363291655,0.004328,0.002839,0,0,0,,,,0,,0,[],[],[],[],[],0,0,0,0,0,0,0,0,0,0,0,0,0,0,0,0,0,0,,,,0,,0,0,,,0,0,,,0,0,No_Change,positive,stable,stable,stable,stable,True,False,False,False,False,False,0,39,False,0,0,2066.55,0.1039775678,1492.05,0.0750718492,2255.07,0.1134628699,874.75,0,0,0,0,0,normal,False,,No driver activity this period.,0 transactions
ACC-0038,20,SMB,Energy,Multi-Year,0.1759,stable,21.6184,0.089391,0.12953,0.019328,2,-0.3333333333,0,647.04,584.83,19,647.04,18.4763,0.115651,0.017027,3,0.1759,0,0,0,increase,3.1421,0.1700611053,0.013879,0.002301,-1,-0.3333333333,0,,,,0,,0,[],[],[],[],[],0,0,0,0,0,0,0,0,0,0,0,0,0,0,0,0,0,0,,,,0,,0,0,,,0,0,,,0,0,No_Change,positive,positive,stable,stable,stable,True,True,False,False,False,False,0,40,False,0,0,2066.55,0.1039775678,6960.29,0.3502039753,2255.07,0.1134628699,647.04,0,0,0,0,0,normal,False,,No driver activity this period.,0 transactions
ACC-0039,20,Mid-Market,Technology,Multi-Year,0.1614,stable,117.1227,0.072182,0.056356,0.023471,2,1,0,10848.29,11864.51,19,10848.29,113.6122,0.062216,0.015587,1,0.1614,0,0,0,increase,3.5105,0.0308989704,-0.00586,0.007884,1,1,0,,,,0,,0,[],[],[],[],[],0,0,0,0,0,0,0,0,0,0,0,0,0,0,0,0,0,0,,,,0,,0,0,,,0,0,,,0,0,No_Change,positive,stable,stable,stable,stable,True,False,False,False,False,False,0,41,False,0,0,17808.41,0.8960224322,1492.05,0.0750718492,2255.07,0.1134628699,10848.29,0,0,0,0,0,normal,False,,No driver activity this period.,0 transactions
ACC-0040,20,SMB,Healthcare,Multi-Year,0.0269,growth,37.4422,-0.029753,0.18844,0.01447,1,0,0,4193.27,4193.27,19,3671.74,37.893,0.169606,0.024697,1,0.0269,521.53,0.1420389243,521.53,increase,-0.4508,-0.0118966564,0.018834,-0.010227,0,0,0,INV-2026-08-005,2026-08-11T10:00:00,Expansion,521.53,Feature_Upgrade,1,"[""INV-2026-08-005""]","[""2026-08-11T10:00:00""]","[""Expansion""]",[521.53],"[""Feature_Upgrade""]",521.53,0,521.53,0,0,521.53,0,0,0,0,0,0,1,0,0,0,0,0,INV-2026-08-005,2026-08-11T10:00:00,Expansion,521.53,Feature_Upgrade,521.53,0,Expansion,Feature_Upgrade,521.53,1,,,0,0,Expansion,negative,positive,positive,stable,stable,True,True,False,False,False,False,0.2691478007,14,False,521.53,0.026240556,2066.55,0.1039775678,1960.03,0.0986180601,2255.07,0.1134628699,3671.74,0,0,0,0,521.53,normal,False,,Expansion +521.5300,1 transactions; largest INV-2026-08-005 +521.5300 (Feature_Upgrade)
ACC-0042,20,SMB,Education,Annual,0.0088,stable,25.3027,0.064431,0.034529,0.015004,6,2,0,1307.34,1307.34,19,1307.34,26.5479,0.037378,0.075418,2,0.0088,0,0,0,increase,-1.2452,-0.0469038982,-0.002849,-0.060414,4,2,0,,,,0,,0,[],[],[],[],[],0,0,0,0,0,0,0,0,0,0,0,0,0,0,0,0,0,0,,,,0,,0,0,,,0,0,,,0,0,No_Change,positive,stable,positive,negative,stable,True,False,False,True,False,False,0,42,False,0,0,2066.55,0.1039775678,1315.66,0.0661968628,8663.26,0.4358881729,1509.0066666667,-100.8333333333,-0.0626356242,0,-302.5,100.8333333333,normal,False,,No driver activity this period.,0 transactions
ACC-0044,20,Mid-Market,Energy,Annual,0.0296,growth,53.7249,-0.033928,0.117549,0.020126,3,2,0,18174.31,18174.31,19,14522.98,53.0587,0.116806,0.010271,1,0.0296,3651.33,0.2514174088,3651.33,increase,0.6662,0.0125559051,0.000743,0.009855,2,2,0,INV-2026-08-006,2026-08-11T10:00:00,Expansion,3651.33,Seat_Add,1,"[""INV-2026-08-006""]","[""2026-08-11T10:00:00""]","[""Expansion""]",[3651.33],"[""Seat_Add""]",3651.33,0,3651.33,0,0,3651.33,0,0,0,0,0,0,1,0,0,0,0,0,INV-2026-08-006,2026-08-11T10:00:00,Expansion,3651.33,Seat_Add,3651.33,0,Expansion,Seat_Add,3651.33,1,,,0,0,Expansion,negative,stable,stable,negative,stable,True,False,False,True,False,False,0.9620729389,1,True,3651.33,0.1837150867,17808.41,0.8960224322,6960.29,0.3502039753,8663.26,0.4358881729,12604.5533333333,1496.4166666667,0.1359085998,2877.64,0,2154.9133333333,unusual_increase,False,,"Expansion +3,651.3300","1 transactions; largest INV-2026-08-006 +3,651.3300 (Seat_Add)"
ACC-0045,20,Enterprise,Manufacturing,Annual,0.1334,stable,860.2837,-0.033632,0.10489,0.012462,1,0,0,106292.14,106292.14,19,106292.14,860.8531,0.099667,0.084516,1,0.1334,0,0,0,increase,-0.5694,-0.0006614369,0.005223,-0.072054,0,0,0,,,,0,,0,[],[],[],[],[],0,0,0,0,0,0,0,0,0,0,0,0,0,0,0,0,0,0,,,,0,,0,0,,,0,0,,,0,0,No_Change,negative,stable,positive,stable,stable,True,False,False,False,False,False,0,43,False,0,0,0,0,2566.16,0.1291152284,8663.26,0.4358881729,106292.14,0,0,0,0,0,normal,False,,No driver activity this period.,0 transactions
ACC-0046,20,Enterprise,Retail,Multi-Year,0.0473,stable,660.2574,0.143615,0.150256,0.024086,2,0,0,163934.71,163934.71,19,163934.71,658.8656,0.13808,0.010249,2,0.0473,0,0,0,increase,1.3918,0.0021124187,0.012176,0.013837,0,0,0,,,,0,,0,[],[],[],[],[],0,0,0,0,0,0,0,0,0,0,0,0,0,0,0,0,0,0,,,,0,,0,0,,,0,0,,,0,0,No_Change,positive,positive,negative,stable,stable,True,True,True,False,False,False,0,44,False,0,0,0,0,0,0,2255.07,0.1134628699,163934.71,0,0,0,0,0,normal,False,,No driver activity this period.,0 transactions
ACC-0048,20,SMB,Fintech,Multi-Year,0.0445,stable,11.2389,0.121628,0.092732,0.020032,1,0,0,895.95,895.95,19,895.95,10.6676,0.099132,0.020061,1,0.0445,0,0,0,increase,0.5713,0.053554689,-0.0064,-0.000029,0,0,0,,,,0,,0,[],[],[],[],[],0,0,0,0,0,0,0,0,0,0,0,0,0,0,0,0,0,0,,,,0,,0,0,,,0,0,,,0,0,No_Change,positive,stable,stable,stable,stable,True,False,False,False,False,False,0,45,False,0,0,2066.55,0.1039775678,527.78,0.026555022,2255.07,0.1134628699,852.8266666667,-25.1566666667,-0.0140346702,129.37,-204.84,25.1566666667,normal,False,,No driver activity this period.,0 transactions
ACC-0049,20,SMB,Manufacturing,Monthly,0.0557,stable,30.4596,-0.014333,0.119683,0.017324,2,-0.3333333333,0,996.63,1175.12,19,996.63,26.6795,0.12862,0.010034,3,0.0557,0,0,0,increase,3.7801,0.1416855638,-0.008937,0.00729,-1,-0.3333333333,0,,,,0,,0,[],[],[],[],[],0,0,0,0,0,0,0,0,0,0,0,0,0,0,0,0,0,0,,,,0,,0,0,,,0,0,,,0,0,No_Change,stable,stable,stable,stable,stable,False,False,False,False,False,False,0,46,False,0,0,2066.55,0.1039775678,2566.16,0.1291152284,8956.63,0.4506489573,996.63,0,0,0,0,0,normal,False,,No driver activity this period.,0 transactions
ACC-0051,20,SMB,Technology,Monthly,0.1457,stable,24.7634,0.008158,0.132945,0.019389,4,-0.4285714286,0,4179.03,3158.01,19,4179.03,25.8281,0.115995,0.015212,7,0.1457,0,0,0,increase,-1.0647,-0.0412225444,0.01695,0.004177,-3,-0.4285714286,0,,,,0,,0,[],[],[],[],[],0,0,0,0,0,0,0,0,0,0,0,0,0,0,0,0,0,0,,,,0,,0,0,,,0,0,,,0,0,No_Change,stable,positive,stable,positive,stable,False,True,False,False,False,False,0,47,False,0,0,2066.55,0.1039775678,1492.05,0.0750718492,8956.63,0.4506489573,3516.4766666667,331.2766666667,0.1040049814,993.83,0,-331.2766666667,normal,False,,No driver activity this period.,0 transactions
ACC-0052,20,SMB,Technology,Monthly,0.0089,stable,32.81,0.084304,0.073979,0.023605,2,0,0,2448.39,1920.82,19,2448.39,32.9123,0.069002,0.020191,2,0.0089,0,0,0,increase,-0.1023,-0.0031082604,0.004977,0.003414,0,0,0,,,,0,,0,[],[],[],[],[],0,0,0,0,0,0,0,0,0,0,0,0,0,0,0,0,0,0,,,,0,,0,0,,,0,0,,,0,0,No_Change,positive,stable,stable,stable,stable,True,False,False,False,False,False,0,48,False,0,0,2066.55,0.1039775678,1492.05,0.0750718492,8956.63,0.4506489573,2046.17,201.11,0.1089991653,603.33,0,-201.11,normal,False,,No driver activity this period.,0 transactions
ACC-0053,20,Mid-Market,Manufacturing,Monthly,0.014,growth,97.9639,0.041599,0.059207,0.015338,2,-0.3333333333,1,20564.03,20564.03,19,17997.87,90.5366,0.054201,0.018552,3,0.014,2566.16,0.1425813166,2566.16,increase,7.4273,0.0820364361,0.005006,-0.003214,-1,-0.3333333333,0,INV-2026-08-007,2026-08-27T10:00:00,Expansion,2566.16,Feature_Upgrade,1,"[""INV-2026-08-007""]","[""2026-08-27T10:00:00""]","[""Expansion""]",[2566.16],"[""Feature_Upgrade""]",2566.16,0,2566.16,0,0,2566.16,0,0,0,0,0,0,1,0,0,0,0,0,INV-2026-08-007,2026-08-27T10:00:00,Expansion,2566.16,Feature_Upgrade,2566.16,0,Expansion,Feature_Upgrade,2566.16,1,,,0,0,Expansion,positive,stable,stable,stable,negative,True,False,False,False,True,False,0.633800611,4,True,2566.16,0.1291152284,17808.41,0.8960224322,2566.16,0.1291152284,8956.63,0.4506489573,18757.2366666667,-379.6833333333,-0.0198403575,0,-1139.05,2945.8433333333,normal,False,,"Expansion +2,566.1600","1 transactions; largest INV-2026-08-007 +2,566.1600 (Feature_Upgrade)"
ACC-0054,20,Mid-Market,Logistics,Annual,0.1334,growth,138.7391,0.011824,0.092706,0.023689,2,0,0,23798.38,19168.53,19,20608.53,133.0006,0.07919,0.010806,2,0.1334,3189.85,0.1547829952,3189.85,increase,5.7385,0.0431464219,0.013516,0.012883,0,0,0,INV-2026-08-008,2026-08-15T10:00:00,Expansion,3189.85,Feature_Upgrade,1,"[""INV-2026-08-008""]","[""2026-08-15T10:00:00""]","[""Expansion""]",[3189.85],"[""Feature_Upgrade""]",3189.85,0,3189.85,0,0,3189.85,0,0,0,0,0,0,1,0,0,0,0,0,INV-2026-08-008,2026-08-15T10:00:00,Expansion,3189.85,Feature_Upgrade,3189.85,0,Expansion,Feature_Upgrade,3189.85,1,,,0,0,Expansion,stable,positive,negative,stable,stable,False,True,True,False,False,False,0.7599736225,3,True,3189.85,0.1604959205,17808.41,0.8960224322,4198.91,0.2112663371,8663.26,0.4358881729,20608.53,0,0,0,0,3189.85,normal,False,,"Expansion +3,189.8500","1 transactions; largest INV-2026-08-008 +3,189.8500 (Feature_Upgrade)"
ACC-0055,20,SMB,Education,Annual,0.0758,stable,36.0684,-0.035387,0.117911,0.011824,2,0,0,1189.88,924.09,19,1189.88,33.8684,0.127761,0.083509,2,0.0758,0,0,0,increase,2.2,0.0649573053,-0.00985,-0.071685,0,0,0,,,,0,,0,[],[],[],[],[],0,0,0,0,0,0,0,0,0,0,0,0,0,0,0,0,0,0,,,,0,,0,0,,,0,0,,,0,0,No_Change,negative,stable,positive,stable,stable,True,False,False,False,False,False,0,49,False,0,0,2066.55,0.1039775678,1315.66,0.0661968628,8663.26,0.4358881729,1217.67,-27.79,-0.0218260357,0,-83.37,27.79,normal,False,,No driver activity this period.,0 transactions
ACC-0056,20,Enterprise,Logistics,Monthly,0.086,stable,572.5025,0.122283,0.085179,0.022187,1,-0.5,0,106882.95,122466.46,19,106882.95,567.8725,0.092928,0.023543,2,0.086,0,0,0,increase,4.63,0.0081532386,-0.007749,-0.001356,-1,-0.5,0,,,,0,,0,[],[],[],[],[],0,0,0,0,0,0,0,0,0,0,0,0,0,0,0,0,0,0,,,,0,,0,0,,,0,0,,,0,0,No_Change,positive,stable,stable,stable,stable,True,False,False,False,False,False,0,50,False,0,0,0,0,4198.91,0.2112663371,8956.63,0.4506489573,106882.95,0,0,0,0,0,normal,False,,No driver activity this period.,0 transactions
ACC-0057,20,SMB,Media,Annual,0.192,stable,22.3777,-0.034178,0.13347,0.077207,4,-0.2,0,748.59,748.59,19,748.59,21.9487,0.140164,0.017801,5,0.192,0,0,0,increase,0.429,0.0195455767,-0.006694,0.059406,-1,-0.2,0,,,,0,,0,[],[],[],[],[],0,0,0,0,0,0,0,0,0,0,0,0,0,0,0,0,0,0,,,,0,,0,0,,,0,0,,,0,0,No_Change,negative,stable,negative,stable,stable,True,False,True,False,False,False,0,51,False,0,0,2066.55,0.1039775678,0,0,8663.26,0.4358881729,748.59,-37.9666666667,-0.044019834,0,-113.9,37.9666666667,normal,False,,No driver activity this period.,0 transactions
ACC-0058,20,Mid-Market,Energy,Monthly,0.1904,growth,86.227,0.047739,0.066842,0.014544,2,0,0,13884.74,13884.74,19,11136.48,80.7968,0.053241,0.015233,2,0.1904,2748.26,0.246779952,2748.26,increase,5.4302,0.0672081073,0.013601,-0.000689,0,0,0,INV-2026-08-009,2026-08-14T10:00:00,Expansion,2748.26,Plan_Upgrade,1,"[""INV-2026-08-009""]","[""2026-08-14T10:00:00""]","[""Expansion""]",[2748.26],"[""Plan_Upgrade""]",2748.26,0,2748.26,0,0,2748.26,0,0,0,0,0,0,1,0,0,0,0,0,INV-2026-08-009,2026-08-14T10:00:00,Expansion,2748.26,Plan_Upgrade,2748.26,0,Expansion,Plan_Upgrade,2748.26,1,,,0,0,Expansion,positive,positive,stable,stable,stable,True,True,False,False,False,False,0.7955545698,2,True,2748.26,0.138277511,17808.41,0.8960224322,6960.29,0.3502039753,8956.63,0.4506489573,9245.4033333333,1630.51,0.219480794,2665.92,341.39,1117.75,normal,False,,"Expansion +2,748.2600","1 transactions; largest INV-2026-08-009 +2,748.2600 (Plan_Upgrade)"
ACC-0060,20,Mid-Market,Education,Monthly,0.0488,growth,116.1375,0.017343,0.169251,0.018722,2,0,0,7102.15,7102.15,19,5786.49,109.2051,0.163927,0.024603,2,0.0488,1315.66,0.2273675406,1315.66,increase,6.9324,0.0634805517,0.005324,-0.005881,0,0,0,INV-2026-08-010,2026-08-07T10:00:00,Expansion,1315.66,Seat_Add,1,"[""INV-2026-08-010""]","[""2026-08-07T10:00:00""]","[""Expansion""]",[1315.66],"[""Seat_Add""]",1315.66,0,1315.66,0,0,1315.66,0,0,0,0,0,0,1,0,0,0,0,0,INV-2026-08-010,2026-08-07T10:00:00,Expansion,1315.66,Seat_Add,1315.66,0,Expansion,Seat_Add,1315.66,1,,,0,0,Expansion,stable,stable,stable,stable,stable,False,False,False,False,False,False,0.5164312107,6,True,1315.66,0.0661968628,17808.41,0.8960224322,1315.66,0.0661968628,8956.63,0.4506489573,5954.51,-168.02,-0.0267099061,0,-504.06,1483.68,normal,False,,"Expansion +1,315.6600","1 transactions; largest INV-2026-08-010 +1,315.6600 (Seat_Add)"
ACC-0061,20,SMB,Real Estate,Monthly,0.1115,stable,27.154,-0.051849,0.077254,0.023168,3,0,0,711.24,711.24,19,711.24,27.511,0.076793,0.083366,3,0.1115,0,0,0,increase,-0.357,-0.0129766275,0.000461,-0.060198,0,0,0,,,,0,,0,[],[],[],[],[],0,0,0,0,0,0,0,0,0,0,0,0,0,0,0,0,0,0,,,,0,,0,0,,,0,0,,,0,0,No_Change,negative,stable,positive,stable,stable,True,False,False,False,False,False,0,52,False,0,0,2066.55,0.1039775678,854.08,0.0429726651,8956.63,0.4506489573,711.24,0,0,0,0,0,normal,False,,No driver activity this period.,0 transactions
ACC-0062,20,Mid-Market,Real Estate,Annual,0.19,growth,34.9975,0.124091,0.055079,0.012278,3,0,0,11066.5,11066.5,19,9211.7,33.0969,0.064637,0.019829,3,0.19,1854.8,0.2013526276,1854.8,increase,1.9006,0.0574253178,-0.009558,-0.007551,0,0,0,INV-2026-08-011,2026-08-25T10:00:00,Expansion,1854.8,Plan_Upgrade,1,"[""INV-2026-08-011""]","[""2026-08-25T10:00:00""]","[""Expansion""]",[1854.8],"[""Plan_Upgrade""]",1854.8,0,1854.8,0,0,1854.8,0,0,0,0,0,0,1,0,0,0,0,0,INV-2026-08-011,2026-08-25T10:00:00,Expansion,1854.8,Plan_Upgrade,1854.8,0,Expansion,Plan_Upgrade,1854.8,1,,,0,0,Expansion,positive,stable,stable,stable,stable,True,False,False,False,False,False,0.5801163489,5,True,1854.8,0.0933234583,17808.41,0.8960224322,854.08,0.0429726651,8663.26,0.4358881729,8293.4066666667,459.1466666667,0.0586075349,1377.44,0,1395.6533333333,unusual_increase,False,,"Expansion +1,854.8000","1 transactions; largest INV-2026-08-011 +1,854.8000 (Plan_Upgrade)"
ACC-0064,20,Mid-Market,Real Estate,Monthly,0.0478,stable,114.0519,0.005182,0.082775,0.082181,1,0,0,11419.31,13950.45,19,11419.31,109.601,0.074572,0.015415,1,0.0478,0,0,0,increase,4.4509,0.0406100309,0.008203,0.066766,0,0,0,,,,0,,0,[],[],[],[],[],0,0,0,0,0,0,0,0,0,0,0,0,0,0,0,0,0,0,,,,0,,0,0,,,0,0,,,0,0,No_Change,stable,stable,negative,stable,stable,False,False,True,False,False,False,0,53,False,0,0,17808.41,0.8960224322,854.08,0.0429726651,8956.63,0.4506489573,11419.31,0,0,0,0,0,normal,False,,No driver activity this period.,0 transactions
ACC-0065,20,SMB,Energy,Multi-Year,0.0161,growth,31.8969,-0.033014,0.107513,0.017325,6,1,0,1097.92,991.39,19,856.43,27.9459,0.104775,0.013641,3,0.0161,241.49,0.2819728407,241.49,increase,3.951,0.1413803098,0.002738,0.003684,3,1,0,INV-2026-08-012,2026-08-14T10:00:00,Expansion,241.49,Feature_Upgrade,1,"[""INV-2026-08-012""]","[""2026-08-14T10:00:00""]","[""Expansion""]",[241.49],"[""Feature_Upgrade""]",241.49,0,241.49,0,0,241.49,0,0,0,0,0,0,1,0,0,0,0,0,INV-2026-08-012,2026-08-14T10:00:00,Expansion,241.49,Feature_Upgrade,241.49,0,Expansion,Feature_Upgrade,241.49,1,,,0,0,Expansion,negative,stable,stable,negative,stable,True,False,False,True,False,False,0.3929894039,8,False,241.49,0.0121504647,2066.55,0.1039775678,6960.29,0.3502039753,2255.07,0.1134628699,898.03,-41.6,-0.0423957686,0,-124.8,283.09,normal,False,,Expansion +241.4900,1 transactions; largest INV-2026-08-012 +241.4900 (Feature_Upgrade)
ACC-0066,20,Mid-Market,Healthcare,Monthly,0.0662,growth,21.675,0.112302,0.037481,0.011181,2,0,0,6064.41,7726.24,19,5066.13,18.6508,0.02102,0.013662,2,0.0662,998.28,0.1970498191,998.28,increase,3.0242,0.1621485405,0.016461,-0.002481,0,0,0,INV-2026-08-013,2026-08-25T10:00:00,Expansion,749.67,Seat_Add,2,"[""INV-2026-08-013"", ""INV-2026-08-014""]","[""2026-08-25T10:00:00"", ""2026-08-30T10:00:00""]","[""Expansion"", ""Usage_Overage""]","[749.67, 248.61]","[""Seat_Add"", ""Usage_Above_Commit""]",998.28,0,998.28,0,0,749.67,0,0,0,0,248.61,0,0.750961654,0,0,0,0,0.249038346,INV-2026-08-013,2026-08-25T10:00:00,Expansion,749.67,Seat_Add,749.67,0,Expansion,Seat_Add,749.67,0.750961654,Usage_Overage,Usage_Above_Commit,248.61,0.249038346,Expansion,positive,positive,stable,stable,stable,True,True,False,False,False,False,0.4223000699,7,False,998.28,0.0502280256,17808.41,0.8960224322,1960.03,0.0986180601,8956.63,0.4506489573,4836.8966666667,402.2766666667,0.0971931544,687.7,0,596.0033333333,unusual_increase,False,,Expansion +749.6700; Usage_Overage +248.6100,2 transactions; largest INV-2026-08-013 +749.6700 (Seat_Add)
ACC-0067,20,SMB,Technology,Multi-Year,0.0039,growth,21.0767,-0.027037,0.061809,0.018702,2,0,0,255.98,255.98,19,239.66,17.2196,0.052124,0.016959,2,0.0039,16.32,0.06809647,16.32,increase,3.8571,0.2239947502,0.009685,0.001743,0,0,0,INV-2026-08-015,2026-08-16T10:00:00,Usage_Overage,16.32,Usage_Above_Commit,1,"[""INV-2026-08-015""]","[""2026-08-16T10:00:00""]","[""Usage_Overage""]",[16.32],"[""Usage_Above_Commit""]",16.32,0,16.32,0,0,0,0,0,0,0,16.32,0,0,0,0,0,0,1,INV-2026-08-015,2026-08-16T10:00:00,Usage_Overage,16.32,Usage_Above_Commit,16.32,0,Usage_Overage,Usage_Above_Commit,16.32,1,,,0,0,Usage_Overage,negative,stable,stable,stable,stable,True,False,False,False,False,False,0.0874302787,17,False,16.32,0.0008211337,2066.55,0.1039775678,1492.05,0.0750718492,2255.07,0.1134628699,239.66,-24.4366666667,-0.0780799012,0,-73.31,40.7566666667,normal,False,,Usage_Overage +16.3200,1 transactions; largest INV-2026-08-015 +16.3200 (Usage_Above_Commit)
ACC-0068,20,SMB,Education,Multi-Year,0.1907,stable,14.3221,-0.026756,0.082065,0.014385,1,0,0,2285.07,2285.07,19,2285.07,14.2579,0.069753,0.015441,1,0.1907,0,0,0,increase,0.0642,0.0045027669,0.012312,-0.001056,0,0,0,,,,0,,0,[],[],[],[],[],0,0,0,0,0,0,0,0,0,0,0,0,0,0,0,0,0,0,,,,0,,0,0,,,0,0,,,0,0,No_Change,negative,positive,stable,stable,stable,True,True,False,False,False,False,0,54,False,0,0,2066.55,0.1039775678,1315.66,0.0661968628,2255.07,0.1134628699,2285.07,0,0,0,0,0,normal,False,,No driver activity this period.,0 transactions
ACC-0069,20,Mid-Market,Logistics,Monthly,0.0058,growth,140.6926,-0.0197,0.083822,0.014041,2,0,0,7937.01,7937.01,19,6927.95,131.8685,0.074217,0.018565,2,0.0058,1009.06,0.1456505893,1009.06,increase,8.8241,0.0669159049,0.009605,-0.004524,0,0,0,INV-2026-08-016,2026-08-07T10:00:00,Expansion,674.66,Plan_Upgrade,2,"[""INV-2026-08-016"", ""INV-2026-08-017""]","[""2026-08-07T10:00:00"", ""2026-08-12T10:00:00""]","[""Expansion"", ""Usage_Overage""]","[674.66, 334.4]","[""Plan_Upgrade"", ""Usage_Above_Commit""]",1009.06,0,1009.06,0,0,674.66,0,0,0,0,334.4,0,0.6686024617,0,0,0,0,0.3313975383,INV-2026-08-016,2026-08-07T10:00:00,Expansion,674.66,Plan_Upgrade,674.66,0,Expansion,Plan_Upgrade,674.66,0.6686024617,Usage_Overage,Usage_Above_Commit,334.4,0.3313975383,Mixed,stable,stable,stable,stable,stable,False,False,False,False,False,False,0.3604195819,9,False,1009.06,0.0507704166,17808.41,0.8960224322,4198.91,0.2112663371,8956.63,0.4506489573,7507.2033333333,-897.8433333333,-0.1003611812,0,-1824.65,1906.9033333333,normal,False,,Expansion +674.6600; Usage_Overage +334.4000,2 transactions; largest INV-2026-08-016 +674.6600 (Plan_Upgrade)
ACC-0070,20,Enterprise,Technology,Annual,0.1814,stable,767.7128,0.01322,0.16576,0.016606,2,1,0,558995.8199999999,558995.8199999999,19,558995.8199999999,762.9317,0.161827,0.017878,1,0.1814,0,0,0,increase,4.7811,0.0062667471,0.003933,-0.001272,1,1,0,,,,0,,0,[],[],[],[],[],0,0,0,0,0,0,0,0,0,0,0,0,0,0,0,0,0,0,,,,0,,0,0,,,0,0,,,0,0,No_Change,stable,stable,stable,stable,stable,False,False,False,False,False,False,0,55,False,0,0,0,0,1492.05,0.0750718492,8663.26,0.4358881729,524064.1133333333,56496.5,0.1346821596,117091.94,0,-56496.5,normal,False,,No driver activity this period.,0 transactions
ACC-0001,21,Enterprise,Technology,Annual,0.049,stable,416.2865,-0.007423,0.192428,0.014043,1,-0.5,0,93514.44,93514.44,20,93514.44,414.2601,0.173904,0.023341,2,0.049,0,0,0,increase,2.0264,0.0048916128,0.018524,-0.009298,-1,-0.5,0,,,,0,,0,[],[],[],[],[],0,0,0,0,0,0,0,0,0,0,0,0,0,0,0,0,0,0,,,,0,,0,0,,,0,0,,,0,0,No_Change,stable,positive,stable,stable,stable,False,True,False,False,False,False,0,23,False,0,0,15583.51,-0.5101160596,-34512.2,1.1297344099,-18771.62,0.614476766,93514.44,0,0,0,0,0,normal,False,,No driver activity this period.,0 transactions
ACC-0002,21,Enterprise,Healthcare,Annual,0.0064,stable,574.7864,0.008881,0.25558,0.01068,1,0,0,63677.69,63677.69,20,63677.69,573.5366,0.244548,0.017072,1,0.0064,0,0,0,increase,1.2498,0.0021791112,0.011032,-0.006392,0,0,0,,,,0,,0,[],[],[],[],[],0,0,0,0,0,0,0,0,0,0,0,0,0,0,0,0,0,0,,,,0,,0,0,,,0,0,,,0,0,No_Change,stable,positive,stable,stable,stable,False,True,False,False,False,False,0,24,False,0,0,15583.51,-0.5101160596,1703.7,-0.0557695109,-18771.62,0.614476766,63677.69,0,0,0,0,0,normal,False,,No driver activity this period.,0 transactions
ACC-0003,21,Mid-Market,Real Estate,Monthly,0.13,stable,55.3681,0.036548,0.162325,0.024493,2,-0.3333333333,1,5128.35,5128.35,20,5128.35,54.5371,0.153121,0.022926,3,0.13,0,0,0,increase,0.831,0.0152373339,0.009204,0.001567,-1,-0.3333333333,0,,,,0,,0,[],[],[],[],[],0,0,0,0,0,0,0,0,0,0,0,0,0,0,0,0,0,0,,,,0,,0,0,,,0,0,,,0,0,No_Change,positive,stable,stable,stable,negative,True,False,False,False,True,False,0,25,False,0,0,-44606.34,1.4601595145,4712.59,-0.1542635672,19549.73,-0.6399476905,5128.35,0,0,0,0,0,normal,False,,No driver activity this period.,0 transactions
ACC-0004,21,SMB,Fintech,Annual,0.0319,stable,46.1135,0.001167,0.152652,0.024301,3,-0.25,1,4202.72,4202.72,20,4202.72,46.8023,0.142605,0.017731,4,0.0319,0,0,0,increase,-0.6888,-0.0147172254,0.010047,0.00657,-1,-0.25,0,,,,0,,0,[],[],[],[],[],0,0,0,0,0,0,0,0,0,0,0,0,0,0,0,0,0,0,,,,0,,0,0,,,0,0,,,0,0,No_Change,stable,positive,stable,stable,negative,False,True,False,False,True,False,0,26,False,0,0,-1526.12,0.0499565452,0,0,-18771.62,0.614476766,3783.5066666667,56.7233333333,0.0207369595,628.82,-458.65,-56.7233333333,normal,False,,No driver activity this period.,0 transactions
ACC-0005,21,SMB,Energy,Monthly,0.076,stable,40.8563,0.11083,0.177131,0.017461,2,-0.5,0,2924.52,2494.47,20,2924.52,41.7409,0.157252,0.019231,4,0.076,0,0,0,increase,-0.8846,-0.0211926432,0.019879,-0.00177,-2,-0.5,0,,,,0,,0,[],[],[],[],[],0,0,0,0,0,0,0,0,0,0,0,0,0,0,0,0,0,0,,,,0,,0,0,,,0,0,,,0,0,No_Change,positive,positive,stable,positive,stable,True,True,False,False,False,False,0,27,False,0,0,-1526.12,0.0499565452,-168.74,0.0055235941,19549.73,-0.6399476905,2880.3266666667,-62.21,-0.0133555162,319.21,-505.84,62.21,normal,False,,No driver activity this period.,0 transactions
ACC-0006,21,Mid-Market,Media,Annual,0.1946,decline,500.733,0.020551,0.114324,0.012396,5,4,0,108517.59,108517.59,20,125577.8,511.305,0.10429,0.014854,1,0.1946,-17060.21,-0.1358537098,17060.21,decrease,-10.572,-0.0206765042,0.010034,-0.002458,4,4,0,CR-2026-09-001,2026-09-10T10:00:00,Contraction,-14557.61,Contract_Downgrade,2,"[""CR-2026-09-001"", ""CR-2026-09-002""]","[""2026-09-10T10:00:00"", ""2026-09-20T10:00:00""]","[""Contraction"", ""Refund""]","[-14557.61, -2502.6]","[""Contract_Downgrade"", ""Billing_Adjustment""]",-17060.21,0,0,-17060.21,0,0,-14557.61,0,0,-2502.6,0,0,0,0.8533077846,0,0,0.1466922154,0,CR-2026-09-001,2026-09-10T10:00:00,Contraction,-14557.61,Contract_Downgrade,0,-14557.61,Contraction,Contract_Downgrade,-14557.61,0.8533077846,Refund,Billing_Adjustment,-2502.6,0.1466922154,Contraction,positive,positive,stable,negative,stable,True,True,False,True,False,False,0.3738934711,2,True,-17060.21,0.5584548732,-44606.34,1.4601595145,-17060.21,0.5584548732,-18771.62,0.614476766,125577.8,0,0,0,0,-17060.21,normal,False,,"Contraction -14,557.6100; Refund -2,502.6000","2 transactions; largest CR-2026-09-001 -14,557.6100 (Contract_Downgrade)"
ACC-0007,21,Mid-Market,Technology,Multi-Year,0.0723,churned,149.2618,0.051765,0.211222,0.08511,2,1,0,0,,20,33979.83,152.3864,0.191898,0.017248,1,0.0723,-33979.83,-1,33979.83,decrease,-3.1246,-0.0205044545,0.019324,0.067862,1,1,0,CR-2026-09-003,2026-09-02T10:00:00,Churn,-33979.83,Budget_Cut,1,"[""CR-2026-09-003""]","[""2026-09-02T10:00:00""]","[""Churn""]",[-33979.83],"[""Budget_Cut""]",-33979.83,0,0,-33979.83,0,0,0,-33979.83,0,0,0,0,0,0,1,0,0,0,CR-2026-09-003,2026-09-02T10:00:00,Churn,-33979.83,Budget_Cut,0,-33979.83,Churn,Budget_Cut,-33979.83,1,,,0,0,Churn,positive,positive,negative,stable,stable,True,True,True,False,False,False,1,1,True,-33979.83,1.1123076243,-44606.34,1.4601595145,-34512.2,1.1297344099,-31327.06,1.0254709245,30389.3033333333,3098.6166666667,0.1207369584,7820.12,0,-37078.4466666667,unusual_decrease,True,Budget_Cut,"Churn -33,979.8300","1 transactions; largest CR-2026-09-003 -33,979.8300 (Budget_Cut)"
ACC-0009,21,SMB,Energy,Monthly,0.0711,stable,90.3826,0.029538,0.16869,0.023246,2,0,0,12157.27,9720.16,20,12157.27,91.0779,0.158971,0.012617,2,0.0711,0,0,0,increase,-0.6953,-0.0076341242,0.009719,0.010629,0,0,0,,,,0,,0,[],[],[],[],[],0,0,0,0,0,0,0,0,0,0,0,0,0,0,0,0,0,0,,,,0,,0,0,,,0,0,,,0,0,No_Change,positive,stable,negative,stable,stable,True,False,True,False,False,False,0,28,False,0,0,-1526.12,0.0499565452,-168.74,0.0055235941,19549.73,-0.6399476905,11648.5166666667,3.33,0.0062476543,1526.26,-1516.27,-3.33,normal,False,,No driver activity this period.,0 transactions
ACC-0010,21,SMB,Healthcare,Annual,0.0342,decline,56.2974,0.085747,0.196499,0.023117,8,0.3333333333,0,5562.77,0,20,6044.13,57.3496,0.195017,0.020434,6,0.0342,-481.36,-0.0796409078,481.36,decrease,-1.0522,-0.0183471201,0.001482,0.002683,2,0.3333333333,0,CR-2026-09-004,2026-09-15T10:00:00,Contraction,-410.19,Contract_Downgrade,2,"[""CR-2026-09-004"", ""CR-2026-09-005""]","[""2026-09-15T10:00:00"", ""2026-09-25T10:00:00""]","[""Contraction"", ""Refund""]","[-410.19, -71.17]","[""Contract_Downgrade"", ""Billing_Adjustment""]",-481.36,0,0,-481.36,0,0,-410.19,0,0,-71.17,0,0,0,0.8521480804,0,0,0.1478519196,0,CR-2026-09-004,2026-09-15T10:00:00,Contraction,-410.19,Contract_Downgrade,0,-410.19,Contraction,Contract_Downgrade,-410.19,0.8521480804,Refund,Billing_Adjustment,-71.17,0.1478519196,Contraction,positive,stable,stable,negative,stable,True,False,False,True,False,False,0.0370822508,19,False,-481.36,0.0157570064,-1526.12,0.0499565452,1703.7,-0.0557695109,-18771.62,0.614476766,5750.65,146.74,0.0261852885,440.22,0,-628.1,unusual_decrease,False,,Contraction -410.1900; Refund -71.1700,2 transactions; largest CR-2026-09-004 -410.1900 (Contract_Downgrade)
ACC-0013,21,Mid-Market,Media,Monthly,0.0279,stable,75.2997,0.115706,0.141485,0.075299,2,0,0,12983.42,16631.63,20,12983.42,76.0708,0.150346,0.018454,2,0.0279,0,0,0,increase,-0.7711,-0.0101366096,-0.008861,0.056845,0,0,0,,,,0,,0,[],[],[],[],[],0,0,0,0,0,0,0,0,0,0,0,0,0,0,0,0,0,0,,,,0,,0,0,,,0,0,,,0,0,No_Change,positive,stable,negative,stable,stable,True,False,True,False,False,False,0,29,False,0,0,-44606.34,1.4601595145,-17060.21,0.5584548732,19549.73,-0.6399476905,12983.42,0,0,0,0,0,normal,False,,No driver activity this period.,0 transactions
ACC-0014,21,SMB,Education,Multi-Year,0.0799,stable,77.2292,-0.053921,0.123555,0.01411,2,0,0,7911.77,7911.77,20,7911.77,77.4828,0.119862,0.012035,2,0.0799,0,0,0,increase,-0.2536,-0.0032729845,0.003693,0.002075,0,0,0,,,,0,,0,[],[],[],[],[],0,0,0,0,0,0,0,0,0,0,0,0,0,0,0,0,0,0,,,,0,,0,0,,,0,0,,,0,0,No_Change,negative,stable,stable,stable,stable,True,False,False,False,False,False,0,30,False,0,0,-1526.12,0.0499565452,2299.37,-0.0752683807,-31327.06,1.0254709245,7911.77,-655.8166666667,-0.0663834459,0,-1967.45,655.8166666667,normal,False,,No driver activity this period.,0 transactions
ACC-0017,21,Mid-Market,Healthcare,Annual,0.1074,growth,47.7233,0.084188,0.127012,0.017206,1,0,0,1250.03,1250.03,20,989.64,43.5565,0.12734,0.013013,1,0.1074,260.39,0.2631158805,260.39,increase,4.1668,0.0956642522,-0.000328,0.004193,0,0,0,INV-2026-09-001,2026-09-11T10:00:00,Expansion,260.39,Seat_Add,1,"[""INV-2026-09-001""]","[""2026-09-11T10:00:00""]","[""Expansion""]",[260.39],"[""Seat_Add""]",260.39,0,260.39,0,0,260.39,0,0,0,0,0,0,1,0,0,0,0,0,INV-2026-09-001,2026-09-11T10:00:00,Expansion,260.39,Seat_Add,260.39,0,Expansion,Seat_Add,260.39,1,,,0,0,Expansion,positive,stable,stable,stable,stable,True,False,False,False,False,False,0.0970715572,12,False,260.39,-0.0085236972,-44606.34,1.4601595145,1703.7,-0.0557695109,-18771.62,0.614476766,989.64,0,0,0,0,260.39,normal,False,,Expansion +260.3900,1 transactions; largest INV-2026-09-001 +260.3900 (Seat_Add)
ACC-0019,21,Mid-Market,Real Estate,Annual,0.1741,growth,59.35,0.106869,0.146028,0.076983,1,-0.5,0,15339.95,15339.95,20,11934.75,53.2947,0.138132,0.01329,2,0.1741,3405.2,0.2853180837,3405.2,increase,6.0553,0.1136191779,0.007896,0.063693,-1,-0.5,0,INV-2026-09-002,2026-09-06T10:00:00,Expansion,2958.56,Feature_Upgrade,2,"[""INV-2026-09-002"", ""INV-2026-09-003""]","[""2026-09-06T10:00:00"", ""2026-09-11T10:00:00""]","[""Expansion"", ""Usage_Overage""]","[2958.56, 446.64]","[""Feature_Upgrade"", ""Usage_Above_Commit""]",3405.2,0,3405.2,0,0,2958.56,0,0,0,0,446.64,0,0.868835898,0,0,0,0,0.131164102,INV-2026-09-002,2026-09-06T10:00:00,Expansion,2958.56,Feature_Upgrade,2958.56,0,Expansion,Feature_Upgrade,2958.56,0.868835898,Usage_Overage,Usage_Above_Commit,446.64,0.131164102,Expansion,positive,stable,negative,stable,stable,True,False,True,False,False,False,0.1649993833,4,True,3405.2,-0.1114670062,-44606.34,1.4601595145,4712.59,-0.1542635672,-18771.62,0.614476766,12601.8966666667,-333.5733333333,-0.0257874923,0,-1000.72,3738.7733333333,normal,False,,"Expansion +2,958.5600; Usage_Overage +446.6400","2 transactions; largest INV-2026-09-002 +2,958.5600 (Feature_Upgrade)"
ACC-0020,21,SMB,Energy,Annual,0.1079,stable,38.5053,0.118082,0.14746,0.021464,2,0,0,981.79,949.68,20,981.79,34.3384,0.140224,0.010099,2,0.1079,0,0,0,increase,4.1669,0.1213481117,0.007236,0.011365,0,0,0,,,,0,,0,[],[],[],[],[],0,0,0,0,0,0,0,0,0,0,0,0,0,0,0,0,0,0,,,,0,,0,0,,,0,0,,,0,0,No_Change,positive,stable,negative,stable,stable,True,False,True,False,False,False,0,31,False,0,0,-1526.12,0.0499565452,-168.74,0.0055235941,-18771.62,0.614476766,1004.2266666667,-22.4366666667,-0.0213865853,0,-67.31,22.4366666667,normal,False,,No driver activity this period.,0 transactions
ACC-0022,21,Mid-Market,Education,Multi-Year,0.13,growth,59.2205,-0.020564,0.050986,0.011353,4,0.3333333333,1,10381.84,10381.84,20,8576.55,57.5201,0.057234,0.016792,3,0.13,1805.29,0.2104913981,1805.29,increase,1.7004,0.0295618401,-0.006248,-0.005439,1,0.3333333333,0,INV-2026-09-004,2026-09-17T10:00:00,Expansion,1805.29,Seat_Add,1,"[""INV-2026-09-004""]","[""2026-09-17T10:00:00""]","[""Expansion""]",[1805.29],"[""Seat_Add""]",1805.29,0,1805.29,0,0,1805.29,0,0,0,0,0,0,1,0,0,0,0,0,INV-2026-09-004,2026-09-17T10:00:00,Expansion,1805.29,Seat_Add,1805.29,0,Expansion,Seat_Add,1805.29,1,,,0,0,Expansion,negative,stable,stable,stable,negative,True,False,False,False,True,False,0.1082053728,10,False,1805.29,-0.0590949934,-44606.34,1.4601595145,2299.37,-0.0752683807,-31327.06,1.0254709245,8576.55,0,0,0,0,1805.29,normal,False,,"Expansion +1,805.2900","1 transactions; largest INV-2026-09-004 +1,805.2900 (Seat_Add)"
ACC-0024,21,SMB,Healthcare,Multi-Year,0.1719,stable,40.2834,-0.018819,0.175645,0.011344,2,1,0,1040.28,1040.28,20,1040.28,41.7819,0.162341,0.012972,1,0.1719,0,0,0,increase,-1.4985,-0.0358648123,0.013304,-0.001628,1,1,0,,,,0,,0,[],[],[],[],[],0,0,0,0,0,0,0,0,0,0,0,0,0,0,0,0,0,0,,,,0,,0,0,,,0,0,,,0,0,No_Change,stable,positive,stable,stable,stable,False,True,False,False,False,False,0,32,False,0,0,-1526.12,0.0499565452,1703.7,-0.0557695109,-31327.06,1.0254709245,1040.28,0,0,0,0,0,normal,False,,No driver activity this period.,0 transactions
ACC-0025,21,Mid-Market,Real Estate,Monthly,0.1871,decline,93.2375,0.138269,0.090505,0.019383,2,-0.5,0,12046.91,12046.91,20,13664.16,96.5541,0.089039,0.013865,4,0.1871,-1617.25,-0.1183570743,1617.25,decrease,-3.3166,-0.0343496548,0.001466,0.005518,-2,-0.5,0,CR-2026-09-006,2026-09-02T10:00:00,Contraction,-1617.25,Seat_Reduction,1,"[""CR-2026-09-006""]","[""2026-09-02T10:00:00""]","[""Contraction""]",[-1617.25],"[""Seat_Reduction""]",-1617.25,0,0,-1617.25,0,0,-1617.25,0,0,0,0,0,0,1,0,0,0,0,CR-2026-09-006,2026-09-02T10:00:00,Contraction,-1617.25,Seat_Reduction,0,-1617.25,Contraction,Seat_Reduction,-1617.25,1,,,0,0,Contraction,positive,stable,stable,positive,stable,True,False,False,False,False,False,0.0723613432,15,False,-1617.25,0.0529396264,-44606.34,1.4601595145,4712.59,-0.1542635672,19549.73,-0.6399476905,13664.16,0,0,0,0,-1617.25,normal,False,,"Contraction -1,617.2500","1 transactions; largest CR-2026-09-006 -1,617.2500 (Seat_Reduction)"
ACC-0026,21,SMB,Healthcare,Annual,0.0709,stable,21.7578,-0.025038,0.04994,0.01751,1,-0.5,0,2200.44,2645.41,20,2200.44,17.432,0.046033,0.014568,2,0.0709,0,0,0,increase,4.3258,0.2481528224,0.003907,0.002942,-1,-0.5,0,,,,0,,0,[],[],[],[],[],0,0,0,0,0,0,0,0,0,0,0,0,0,0,0,0,0,0,,,,0,,0,0,,,0,0,,,0,0,No_Change,negative,stable,stable,stable,stable,True,False,False,False,False,False,0,33,False,0,0,-1526.12,0.0499565452,1703.7,-0.0557695109,-18771.62,0.614476766,2200.44,0,0,0,0,0,normal,False,,No driver activity this period.,0 transactions
ACC-0027,21,Mid-Market,Healthcare,Monthly,0.1456,growth,68.4307,-0.038348,0.11799,0.017984,2,1,0,4428.67,4666.07,20,4165.83,64.0376,0.121695,0.088078,1,0.1456,262.84,0.0630942693,262.84,increase,4.3931,0.0686018839,-0.003705,-0.070094,1,1,0,INV-2026-09-005,2026-09-03T10:00:00,Usage_Overage,262.84,Usage_Above_Commit,1,"[""INV-2026-09-005""]","[""2026-09-03T10:00:00""]","[""Usage_Overage""]",[262.84],"[""Usage_Above_Commit""]",262.84,0,262.84,0,0,0,0,0,0,0,262.84,0,0,0,0,0,0,1,INV-2026-09-005,2026-09-03T10:00:00,Usage_Overage,262.84,Usage_Above_Commit,262.84,0,Usage_Overage,Usage_Above_Commit,262.84,1,,,0,0,Usage_Overage,negative,stable,positive,stable,stable,True,False,False,False,False,False,0.0271108593,22,False,262.84,-0.0086038964,-44606.34,1.4601595145,1703.7,-0.0557695109,19549.73,-0.6399476905,4165.83,0,0,0,0,262.84,normal,False,,Usage_Overage +262.8400,1 transactions; largest INV-2026-09-005 +262.8400 (Usage_Above_Commit)
ACC-0028,21,SMB,Education,Monthly,0.0925,growth,27.778,0.039364,0.100116,0.014168,1,0,0,2949,2949,20,2189.13,26.9615,0.107641,0.021775,1,0.0925,759.87,0.347110496,759.87,increase,0.8165,0.0302839234,-0.007525,-0.007607,0,0,0,INV-2026-09-006,2026-09-22T10:00:00,Expansion,759.87,Plan_Upgrade,1,"[""INV-2026-09-006""]","[""2026-09-22T10:00:00""]","[""Expansion""]",[759.87],"[""Plan_Upgrade""]",759.87,0,759.87,0,0,759.87,0,0,0,0,0,0,1,0,0,0,0,0,INV-2026-09-006,2026-09-22T10:00:00,Expansion,759.87,Plan_Upgrade,759.87,0,Expansion,Plan_Upgrade,759.87,1,,,0,0,Expansion,positive,stable,stable,stable,stable,True,False,False,False,False,False,0.1360242231,6,True,759.87,-0.02487385,-1526.12,0.0499565452,2299.37,-0.0752683807,19549.73,-0.6399476905,2047.8466666667,141.2833333333,0.0800345177,423.85,0,618.5866666667,unusual_increase,False,,Expansion +759.8700,1 transactions; largest INV-2026-09-006 +759.8700 (Plan_Upgrade)
ACC-0029,21,SMB,Real Estate,Annual,0.1938,stable,29.3146,0.128257,0.093375,0.020796,1,0,0,1857.55,1857.55,20,1857.55,26.885,0.081315,0.019911,1,0.1938,0,0,0,increase,2.4296,0.0903700948,0.01206,0.000885,0,0,0,,,,0,,0,[],[],[],[],[],0,0,0,0,0,0,0,0,0,0,0,0,0,0,0,0,0,0,,,,0,,0,0,,,0,0,,,0,0,No_Change,positive,positive,stable,stable,stable,True,True,False,False,False,False,0,34,False,0,0,-1526.12,0.0499565452,4712.59,-0.1542635672,-18771.62,0.614476766,1857.55,0,0,0,0,0,normal,False,,No driver activity this period.,0 transactions
ACC-0031,21,Mid-Market,Logistics,Monthly,0.1915,growth,29.8203,-0.048856,0.088876,0.078144,1,0,0,5779.35,7591.44,20,4434.96,29.8078,0.071195,0.021555,1,0.1915,1344.39,0.3031346393,1344.39,increase,0.0125,0.0004193533,0.017681,0.056589,0,0,0,INV-2026-09-007,2026-09-10T10:00:00,Expansion,1344.39,Feature_Upgrade,1,"[""INV-2026-09-007""]","[""2026-09-10T10:00:00""]","[""Expansion""]",[1344.39],"[""Feature_Upgrade""]",1344.39,0,1344.39,0,0,1344.39,0,0,0,0,0,0,1,0,0,0,0,0,INV-2026-09-007,2026-09-10T10:00:00,Expansion,1344.39,Feature_Upgrade,1344.39,0,Expansion,Feature_Upgrade,1344.39,1,,,0,0,Expansion,negative,positive,negative,stable,stable,True,True,True,False,False,False,0.1318139534,7,False,1344.39,-0.0440077319,-44606.34,1.4601595145,12298.05,-0.4025686644,19549.73,-0.6399476905,4434.96,0,0,0,0,1344.39,normal,False,,"Expansion +1,344.3900","1 transactions; largest INV-2026-09-007 +1,344.3900 (Feature_Upgrade)"
ACC-0032,21,SMB,Fintech,Annual,0.1084,stable,27.0852,-0.012658,0.11905,0.0179,3,-0.4,0,309.27,309.27,20,309.27,27.1452,0.127149,0.020543,5,0.1084,0,0,0,increase,-0.06,-0.0022103355,-0.008099,-0.002643,-2,-0.4,0,,,,0,,0,[],[],[],[],[],0,0,0,0,0,0,0,0,0,0,0,0,0,0,0,0,0,0,,,,0,,0,0,,,0,0,,,0,0,No_Change,stable,stable,stable,positive,stable,False,False,False,False,False,False,0,35,False,0,0,-1526.12,0.0499565452,0,0,-18771.62,0.614476766,376.63,-33.68,-0.0820842777,0,-101.04,33.68,normal,False,,No driver activity this period.,0 transactions
ACC-0033,21,Mid-Market,Real Estate,Monthly,0.1922,growth,58.5101,0.011466,0.077294,0.022691,2,0,0,4476.85,4476.85,20,4083.35,53.344,0.070534,0.014221,2,0.1922,393.5,0.0963669536,393.5,increase,5.1661,0.096845006,0.00676,0.00847,0,0,0,INV-2026-09-008,2026-09-15T10:00:00,Expansion,393.5,Seat_Add,1,"[""INV-2026-09-008""]","[""2026-09-15T10:00:00""]","[""Expansion""]",[393.5],"[""Seat_Add""]",393.5,0,393.5,0,0,393.5,0,0,0,0,0,0,1,0,0,0,0,0,INV-2026-09-008,2026-09-15T10:00:00,Expansion,393.5,Seat_Add,393.5,0,Expansion,Seat_Add,393.5,1,,,0,0,Expansion,stable,stable,stable,stable,stable,False,False,False,False,False,False,0.0412556933,18,False,393.5,-0.0128809664,-44606.34,1.4601595145,4712.59,-0.1542635672,19549.73,-0.6399476905,4083.35,86.13,0.0225178825,258.39,0,307.37,unusual_increase,False,,Expansion +393.5000,1 transactions; largest INV-2026-09-008 +393.5000 (Seat_Add)
ACC-0034,21,Mid-Market,Manufacturing,Monthly,0.1883,stable,145.6153,0.043211,0.13026,0.018583,2,0,0,12118.97,12118.97,20,12118.97,146.8496,0.120009,0.021691,2,0.1883,0,0,0,increase,-1.2343,-0.0084051982,0.010251,-0.003108,0,0,0,,,,0,,0,[],[],[],[],[],0,0,0,0,0,0,0,0,0,0,0,0,0,0,0,0,0,0,,,,0,,0,0,,,0,0,,,0,0,No_Change,positive,positive,stable,stable,stable,True,True,False,False,False,False,0,36,False,0,0,-44606.34,1.4601595145,178.49,-0.005842754,19549.73,-0.6399476905,12118.97,816.78,0.0844773251,2450.34,0,-816.78,normal,False,,No driver activity this period.,0 transactions
ACC-0035,21,SMB,Technology,Annual,0.0633,stable,18.8597,-0.015037,0.10448,0.018186,1,0,0,1155.81,1155.81,20,1155.81,20.4682,0.098475,0.016343,1,0.0633,0,0,0,increase,-1.6085,-0.0785853177,0.006005,0.001843,0,0,0,,,,0,,0,[],[],[],[],[],0,0,0,0,0,0,0,0,0,0,0,0,0,0,0,0,0,0,,,,0,,0,0,,,0,0,,,0,0,No_Change,stable,stable,stable,stable,stable,False,False,False,False,False,False,0,37,False,0,0,-1526.12,0.0499565452,-34512.2,1.1297344099,-18771.62,0.614476766,1155.81,0,0,0,0,0,normal,False,,No driver activity this period.,0 transactions
ACC-0036,21,SMB,Education,Monthly,0.1291,stable,26.1648,0.071592,0.104346,0.013902,3,-0.4,0,2569.67,0,20,2569.67,23.2559,0.109283,0.010345,5,0.1291,0,0,0,increase,2.9089,0.1250822372,-0.004937,0.003557,-2,-0.4,0,,,,0,,0,[],[],[],[],[],0,0,0,0,0,0,0,0,0,0,0,0,0,0,0,0,0,0,,,,0,,0,0,,,0,0,,,0,0,No_Change,positive,stable,stable,positive,stable,True,False,False,False,False,False,0,38,False,0,0,-1526.12,0.0499565452,2299.37,-0.0752683807,19549.73,-0.6399476905,2569.67,20.08,0.0080018171,60.24,0,-20.08,normal,False,,No driver activity this period.,0 transactions
ACC-0037,21,SMB,Technology,Multi-Year,0.1992,stable,37.8553,0.029824,0.154014,0.020805,2,0,0,874.75,874.75,20,874.75,36.2614,0.148695,0.023544,2,0.1992,0,0,0,increase,1.5939,0.0439558318,0.005319,-0.002739,0,0,0,,,,0,,0,[],[],[],[],[],0,0,0,0,0,0,0,0,0,0,0,0,0,0,0,0,0,0,,,,0,,0,0,,,0,0,,,0,0,No_Change,positive,stable,stable,stable,stable,True,False,False,False,False,False,0,39,False,0,0,-1526.12,0.0499565452,-34512.2,1.1297344099,-31327.06,1.0254709245,874.75,0,0,0,0,0,normal,False,,No driver activity this period.,0 transactions
ACC-0038,21,SMB,Energy,Multi-Year,0.1759,decline,26.1424,-0.0419,0.12864,0.010706,3,0.5,0,584.83,584.83,20,647.04,21.6184,0.12953,0.019328,2,0.1759,-62.21,-0.0961455242,62.21,decrease,4.524,0.2092661807,-0.00089,-0.008622,1,0.5,0,CR-2026-09-007,2026-09-25T10:00:00,Contraction,-52.58,Seat_Reduction,2,"[""CR-2026-09-007"", ""CR-2026-09-008""]","[""2026-09-25T10:00:00"", ""2026-10-05T10:00:00""]","[""Contraction"", ""Refund""]","[-52.58, -9.63]","[""Seat_Reduction"", ""Billing_Adjustment""]",-62.21,0,0,-62.21,0,0,-52.58,0,0,-9.63,0,0,0,0.8452017361,0,0,0.1547982639,0,CR-2026-09-007,2026-09-25T10:00:00,Contraction,-52.58,Seat_Reduction,0,-52.58,Contraction,Seat_Reduction,-52.58,0.8452017361,Refund,Billing_Adjustment,-9.63,0.1547982639,Contraction,negative,stable,stable,stable,stable,True,False,False,False,False,False,0.0348409483,21,False,-62.21,0.0020364039,-1526.12,0.0499565452,-168.74,0.0055235941,-31327.06,1.0254709245,647.04,0,0,0,0,-62.21,normal,False,,Contraction -52.5800; Refund -9.6300,2 transactions; largest CR-2026-09-007 -52.5800 (Seat_Reduction)
ACC-0039,21,Mid-Market,Technology,Multi-Year,0.1614,growth,122.2578,0.106868,0.048443,0.021586,2,0,0,11864.51,11864.51,20,10848.29,117.1227,0.056356,0.023471,2,0.1614,1016.22,0.0936755931,1016.22,increase,5.1351,0.0438437638,-0.007913,-0.001885,0,0,0,INV-2026-09-009,2026-09-18T10:00:00,Expansion,1016.22,Seat_Add,1,"[""INV-2026-09-009""]","[""2026-09-18T10:00:00""]","[""Expansion""]",[1016.22],"[""Seat_Add""]",1016.22,0,1016.22,0,0,1016.22,0,0,0,0,0,0,1,0,0,0,0,0,INV-2026-09-009,2026-09-18T10:00:00,Expansion,1016.22,Seat_Add,1016.22,0,Expansion,Seat_Add,1016.22,1,,,0,0,Expansion,positive,stable,stable,stable,stable,True,False,False,False,False,False,0.0522257249,17,False,1016.22,-0.0332653004,-44606.34,1.4601595145,-34512.2,1.1297344099,-31327.06,1.0254709245,10848.29,0,0,0,0,1016.22,normal,False,,"Expansion +1,016.2200","1 transactions; largest INV-2026-09-009 +1,016.2200 (Seat_Add)"
ACC-0040,21,SMB,Healthcare,Multi-Year,0.0269,stable,36.289,0.026693,0.184517,0.017395,2,1,0,4193.27,4193.27,20,4193.27,37.4422,0.18844,0.01447,1,0.0269,0,0,0,increase,-1.1532,-0.0307994723,-0.003923,0.002925,1,1,0,,,,0,,0,[],[],[],[],[],0,0,0,0,0,0,0,0,0,0,0,0,0,0,0,0,0,0,,,,0,,0,0,,,0,0,,,0,0,No_Change,positive,stable,stable,stable,stable,True,False,False,False,False,False,0,40,False,0,0,-1526.12,0.0499565452,1703.7,-0.0557695109,-31327.06,1.0254709245,3845.5833333333,173.8433333333,0.0473463081,521.53,0,-173.8433333333,normal,False,,No driver activity this period.,0 transactions
ACC-0042,21,SMB,Education,Annual,0.0088,stable,27.3553,0.102907,0.027095,0.079699,8,0.3333333333,0,1307.34,1307.34,20,1307.34,25.3027,0.034529,0.015004,6,0.0088,0,0,0,increase,2.0526,0.0811217775,-0.007434,0.064695,2,0.3333333333,0,,,,0,,0,[],[],[],[],[],0,0,0,0,0,0,0,0,0,0,0,0,0,0,0,0,0,0,,,,0,,0,0,,,0,0,,,0,0,No_Change,positive,stable,negative,negative,stable,True,False,True,True,False,False,0,41,False,0,0,-1526.12,0.0499565452,2299.37,-0.0752683807,-18771.62,0.614476766,1408.1733333333,-100.8333333333,-0.0626356242,0,-302.5,100.8333333333,normal,False,,No driver activity this period.,0 transactions
ACC-0044,21,Mid-Market,Energy,Annual,0.0296,stable,56.3452,-0.049971,0.110633,0.018973,2,-0.3333333333,0,18174.31,18174.31,20,18174.31,53.7249,0.117549,0.020126,3,0.0296,0,0,0,increase,2.6203,0.0487725431,-0.006916,-0.001153,-1,-0.3333333333,0,,,,0,,0,[],[],[],[],[],0,0,0,0,0,0,0,0,0,0,0,0,0,0,0,0,0,0,,,,0,,0,0,,,0,0,,,0,0,No_Change,negative,stable,stable,stable,stable,True,False,False,False,False,False,0,42,False,0,0,-44606.34,1.4601595145,-168.74,0.0055235941,-18771.62,0.614476766,14780.8766666667,2176.3233333333,0.1661746589,3651.33,0,-2176.3233333333,normal,False,,No driver activity this period.,0 transactions
ACC-0045,21,Enterprise,Manufacturing,Annual,0.1334,stable,862.7329,-0.022949,0.103046,0.024588,1,0,0,106292.14,106292.14,20,106292.14,860.2837,0.10489,0.012462,1,0.1334,0,0,0,increase,2.4492,0.0028469678,-0.001844,0.012126,0,0,0,,,,0,,0,[],[],[],[],[],0,0,0,0,0,0,0,0,0,0,0,0,0,0,0,0,0,0,,,,0,,0,0,,,0,0,,,0,0,No_Change,negative,stable,negative,stable,stable,True,False,True,False,False,False,0,43,False,0,0,15583.51,-0.5101160596,178.49,-0.005842754,-18771.62,0.614476766,106292.14,0,0,0,0,0,normal,False,,No driver activity this period.,0 transactions
ACC-0046,21,Enterprise,Retail,Multi-Year,0.0473,stable,660.3144,0.147243,0.146109,0.018578,2,0,0,163934.71,213066.96,20,163934.71,660.2574,0.150256,0.024086,2,0.0473,0,0,0,increase,0.057,0.00008633,-0.004147,-0.005508,0,0,0,,,,0,,0,[],[],[],[],[],0,0,0,0,0,0,0,0,0,0,0,0,0,0,0,0,0,0,,,,0,,0,0,,,0,0,,,0,0,No_Change,positive,stable,stable,stable,stable,True,False,False,False,False,False,0,44,False,0,0,15583.51,-0.5101160596,0,0,-31327.06,1.0254709245,163934.71,0,0,0,0,0,normal,False,,No driver activity this period.,0 transactions
ACC-0048,21,SMB,Fintech,Multi-Year,0.0445,stable,9.9007,0.063239,0.100518,0.020541,1,0,0,895.95,895.95,20,895.95,11.2389,0.092732,0.020032,1,0.0445,0,0,0,increase,-1.3382,-0.1190685921,0.007786,0.000509,0,0,0,,,,0,,0,[],[],[],[],[],0,0,0,0,0,0,0,0,0,0,0,0,0,0,0,0,0,0,,,,0,,0,0,,,0,0,,,0,0,No_Change,positive,stable,stable,stable,stable,True,False,False,False,False,False,0,45,False,0,0,-1526.12,0.0499565452,0,0,-31327.06,1.0254709245,895.95,43.1233333333,0.0562541853,129.37,0,-43.1233333333,normal,False,,No driver activity this period.,0 transactions
ACC-0049,21,SMB,Manufacturing,Monthly,0.0557,growth,30.0827,0.036674,0.124444,0.012306,1,-0.5,0,1175.12,1175.12,20,996.63,30.4596,0.119683,0.017324,2,0.0557,178.49,0.1790935452,178.49,increase,-0.3769,-0.0123737672,0.004761,-0.005018,-1,-0.5,0,INV-2026-09-010,2026-09-21T10:00:00,Expansion,154.39,Plan_Upgrade,2,"[""INV-2026-09-010"", ""INV-2026-09-011""]","[""2026-09-21T10:00:00"", ""2026-09-26T10:00:00""]","[""Expansion"", ""Usage_Overage""]","[154.39, 24.1]","[""Plan_Upgrade"", ""Usage_Above_Commit""]",178.49,0,178.49,0,0,154.39,0,0,0,0,24.1,0,0.8649784302,0,0,0,0,0.1350215698,INV-2026-09-010,2026-09-21T10:00:00,Expansion,154.39,Plan_Upgrade,154.39,0,Expansion,Plan_Upgrade,154.39,0.8649784302,Usage_Overage,Usage_Above_Commit,24.1,0.1350215698,Expansion,positive,stable,stable,stable,stable,True,False,False,False,False,False,0.0660970752,16,False,178.49,-0.005842754,-1526.12,0.0499565452,178.49,-0.005842754,19549.73,-0.6399476905,996.63,0,0,0,0,178.49,normal,False,,Expansion +154.3900; Usage_Overage +24.1000,2 transactions; largest INV-2026-09-010 +154.3900 (Plan_Upgrade)
ACC-0051,21,SMB,Technology,Monthly,0.1457,decline,27.0849,-0.013951,0.151315,0.019065,2,-0.5,0,3158.01,3158.01,20,4179.03,24.7634,0.132945,0.019389,4,0.1457,-1021.02,-0.2443198541,1021.02,decrease,2.3215,0.0937472237,0.01837,-0.000324,-2,-0.5,0,CR-2026-09-009,2026-09-13T10:00:00,Contraction,-1021.02,Contract_Downgrade,1,"[""CR-2026-09-009""]","[""2026-09-13T10:00:00""]","[""Contraction""]",[-1021.02],"[""Contract_Downgrade""]",-1021.02,0,0,-1021.02,0,0,-1021.02,0,0,0,0,0,0,1,0,0,0,0,CR-2026-09-009,2026-09-13T10:00:00,Contraction,-1021.02,Contract_Downgrade,0,-1021.02,Contraction,Contract_Downgrade,-1021.02,1,,,0,0,Contraction,stable,positive,stable,positive,stable,False,True,False,False,False,False,0.1050430355,11,False,-1021.02,0.0334224253,-1526.12,0.0499565452,-34512.2,1.1297344099,19549.73,-0.6399476905,3847.7533333333,331.2766666667,0.1040049814,993.83,0,-1352.2966666667,unusual_decrease,False,,"Contraction -1,021.0200","1 transactions; largest CR-2026-09-009 -1,021.0200 (Contract_Downgrade)"
ACC-0052,21,SMB,Technology,Monthly,0.0089,decline,35.7317,-0.059542,0.09327,0.011697,5,1.5,0,1920.82,1920.82,20,2448.39,32.81,0.073979,0.023605,2,0.0089,-527.57,-0.2154762926,527.57,decrease,2.9217,0.0890490704,0.019291,-0.011908,3,1.5,0,CR-2026-09-010,2026-09-27T10:00:00,Contraction,-443.58,Seat_Reduction,2,"[""CR-2026-09-010"", ""CR-2026-09-011""]","[""2026-09-27T10:00:00"", ""2026-10-07T10:00:00""]","[""Contraction"", ""Refund""]","[-443.58, -83.99]","[""Seat_Reduction"", ""Billing_Adjustment""]",-527.57,0,0,-527.57,0,0,-443.58,0,0,-83.99,0,0,0,0.8407983775,0,0,0.1592016225,0,CR-2026-09-010,2026-09-27T10:00:00,Contraction,-443.58,Seat_Reduction,0,-443.58,Contraction,Seat_Reduction,-443.58,0.8407983775,Refund,Billing_Adjustment,-83.99,0.1592016225,Contraction,negative,positive,positive,negative,stable,True,True,False,True,False,False,0.0855085863,13,False,-527.57,0.0172696607,-1526.12,0.0499565452,-34512.2,1.1297344099,19549.73,-0.6399476905,2247.28,201.11,0.1089991653,603.33,0,-728.68,unusual_decrease,False,,Contraction -443.5800; Refund -83.9900,2 transactions; largest CR-2026-09-010 -443.5800 (Seat_Reduction)
ACC-0053,21,Mid-Market,Manufacturing,Monthly,0.014,stable,101.6163,-0.03955,0.053713,0.018795,2,0,0,20564.03,25836.88,20,20564.03,97.9639,0.059207,0.015338,2,0.014,0,0,0,increase,3.6524,0.0372831216,-0.005494,0.003457,0,0,0,,,,0,,0,[],[],[],[],[],0,0,0,0,0,0,0,0,0,0,0,0,0,0,0,0,0,0,,,,0,,0,0,,,0,0,,,0,0,No_Change,negative,stable,stable,stable,stable,True,False,False,False,False,False,0,46,False,0,0,-44606.34,1.4601595145,178.49,-0.005842754,19549.73,-0.6399476905,19232.94,475.7033333333,0.0276867481,2566.16,-1139.05,-475.7033333333,normal,False,,No driver activity this period.,0 transactions
ACC-0054,21,Mid-Market,Logistics,Annual,0.1334,decline,140.8689,0.057791,0.110875,0.014748,1,-0.5,0,19168.53,19168.53,20,23798.38,138.7391,0.092706,0.023689,2,0.1334,-4629.85,-0.1945447547,4629.85,decrease,2.1298,0.0153511159,0.018169,-0.008941,-1,-0.5,0,CR-2026-09-012,2026-09-02T10:00:00,Contraction,-4629.85,Contract_Downgrade,1,"[""CR-2026-09-012""]","[""2026-09-02T10:00:00""]","[""Contraction""]",[-4629.85],"[""Contract_Downgrade""]",-4629.85,0,0,-4629.85,0,0,-4629.85,0,0,0,0,0,0,1,0,0,0,0,CR-2026-09-012,2026-09-02T10:00:00,Contraction,-4629.85,Contract_Downgrade,0,-4629.85,Contraction,Contract_Downgrade,-4629.85,1,,,0,0,Contraction,positive,positive,stable,stable,stable,True,True,False,False,False,False,0.1566550419,5,True,-4629.85,0.1515551271,-44606.34,1.4601595145,12298.05,-0.4025686644,-18771.62,0.614476766,21671.8133333333,1063.2833333333,0.0515943317,3189.85,0,-5693.1333333333,unusual_decrease,False,,"Contraction -4,629.8500","1 transactions; largest CR-2026-09-012 -4,629.8500 (Contract_Downgrade)"
ACC-0055,21,SMB,Education,Annual,0.0758,decline,33.5535,-0.055162,0.112068,0.011899,1,-0.5,0,924.09,924.09,20,1189.88,36.0684,0.117911,0.011824,2,0.0758,-265.79,-0.2233754664,265.79,decrease,-2.5149,-0.0697258542,-0.005843,0.000075,-1,-0.5,0,CR-2026-09-013,2026-09-19T10:00:00,Contraction,-265.79,Contract_Downgrade,1,"[""CR-2026-09-013""]","[""2026-09-19T10:00:00""]","[""Contraction""]",[-265.79],"[""Contract_Downgrade""]",-265.79,0,0,-265.79,0,0,-265.79,0,0,0,0,0,0,1,0,0,0,0,CR-2026-09-013,2026-09-19T10:00:00,Contraction,-265.79,Contract_Downgrade,0,-265.79,Contraction,Contract_Downgrade,-265.79,1,,,0,0,Contraction,negative,stable,stable,stable,stable,True,False,False,False,False,False,0.0832657088,14,False,-265.79,0.0087004627,-1526.12,0.0499565452,2299.37,-0.0752683807,-18771.62,0.614476766,1189.88,-27.79,-0.0218260357,0,-83.37,-238,unusual_decrease,False,,Contraction -265.7900,1 transactions; largest CR-2026-09-013 -265.7900 (Contract_Downgrade)
ACC-0056,21,Enterprise,Logistics,Monthly,0.086,growth,593.8922,0.13422,0.104154,0.011836,1,0,0,122466.46,122466.46,20,106882.95,572.5025,0.085179,0.022187,1,0.086,15583.51,0.1457997744,15583.51,increase,21.3897,0.0373617582,0.018975,-0.010351,0,0,0,INV-2026-09-012,2026-09-07T10:00:00,Expansion,15583.51,Seat_Add,1,"[""INV-2026-09-012""]","[""2026-09-07T10:00:00""]","[""Expansion""]",[15583.51],"[""Seat_Add""]",15583.51,0,15583.51,0,0,15583.51,0,0,0,0,0,0,1,0,0,0,0,0,INV-2026-09-012,2026-09-07T10:00:00,Expansion,15583.51,Seat_Add,15583.51,0,Expansion,Seat_Add,15583.51,1,,,0,0,Expansion,positive,positive,positive,stable,stable,True,True,False,False,False,False,0.3491268068,3,True,15583.51,-0.5101160596,15583.51,-0.5101160596,12298.05,-0.4025686644,19549.73,-0.6399476905,106882.95,0,0,0,0,15583.51,normal,False,,"Expansion +15,583.5100","1 transactions; largest INV-2026-09-012 +15,583.5100 (Seat_Add)"
ACC-0057,21,SMB,Media,Annual,0.192,stable,22.3955,0.143001,0.147463,0.079245,6,0.5,0,748.59,748.59,20,748.59,22.3777,0.13347,0.077207,4,0.192,0,0,0,increase,0.0178,0.0007954347,0.013993,0.002038,2,0.5,0,,,,0,,0,[],[],[],[],[],0,0,0,0,0,0,0,0,0,0,0,0,0,0,0,0,0,0,,,,0,,0,0,,,0,0,,,0,0,No_Change,positive,positive,stable,negative,stable,True,True,False,True,False,False,0,47,False,0,0,-1526.12,0.0499565452,-17060.21,0.5584548732,-18771.62,0.614476766,748.59,0,0,0,0,0,normal,False,,No driver activity this period.,0 transactions
ACC-0058,21,Mid-Market,Energy,Monthly,0.1904,stable,89.1865,0.041586,0.072051,0.020467,2,0,0,13884.74,14851.7,20,13884.74,86.227,0.066842,0.014544,2,0.1904,0,0,0,increase,2.9595,0.0343221961,0.005209,0.005923,0,0,0,,,,0,,0,[],[],[],[],[],0,0,0,0,0,0,0,0,0,0,0,0,0,0,0,0,0,0,,,,0,,0,0,,,0,0,,,0,0,No_Change,positive,stable,stable,stable,stable,True,False,False,False,False,False,0,48,False,0,0,-44606.34,1.4601595145,-168.74,0.0055235941,19549.73,-0.6399476905,11163.9266666667,1918.5233333333,0.2011677817,2748.26,341.39,-1918.5233333333,normal,False,,No driver activity this period.,0 transactions
ACC-0060,21,Mid-Market,Education,Monthly,0.0488,stable,119.4758,0.019556,0.178727,0.024885,2,0,0,7102.15,7102.15,20,7102.15,116.1375,0.169251,0.018722,2,0.0488,0,0,0,increase,3.3383,0.0287443763,0.009476,0.006163,0,0,0,,,,0,,0,[],[],[],[],[],0,0,0,0,0,0,0,0,0,0,0,0,0,0,0,0,0,0,,,,0,,0,0,,,0,0,,,0,0,No_Change,stable,stable,stable,stable,stable,False,False,False,False,False,False,0,49,False,0,0,-44606.34,1.4601595145,2299.37,-0.0752683807,19549.73,-0.6399476905,6225.0433333333,270.5333333333,0.0490792741,1315.66,-504.06,-270.5333333333,normal,False,,No driver activity this period.,0 transactions
ACC-0061,21,SMB,Real Estate,Monthly,0.1115,stable,28.9579,0.080275,0.076116,0.023452,3,0,0,711.24,711.24,20,711.24,27.154,0.077254,0.023168,3,0.1115,0,0,0,increase,1.8039,0.0664322015,-0.001138,0.000284,0,0,0,,,,0,,0,[],[],[],[],[],0,0,0,0,0,0,0,0,0,0,0,0,0,0,0,0,0,0,,,,0,,0,0,,,0,0,,,0,0,No_Change,positive,stable,stable,stable,stable,True,False,False,False,False,False,0,50,False,0,0,-1526.12,0.0499565452,4712.59,-0.1542635672,19549.73,-0.6399476905,711.24,0,0,0,0,0,normal,False,,No driver activity this period.,0 transactions
ACC-0062,21,Mid-Market,Real Estate,Annual,0.19,stable,35.9735,0.022136,0.067383,0.011495,3,0,0,11066.5,14829.84,20,11066.5,34.9975,0.055079,0.012278,3,0.19,0,0,0,increase,0.976,0.0278877063,0.012304,-0.000783,0,0,0,,,,0,,0,[],[],[],[],[],0,0,0,0,0,0,0,0,0,0,0,0,0,0,0,0,0,0,,,,0,,0,0,,,0,0,,,0,0,No_Change,positive,positive,stable,stable,stable,True,True,False,False,False,False,0,51,False,0,0,-44606.34,1.4601595145,4712.59,-0.1542635672,-18771.62,0.614476766,9370.82,1077.4133333333,0.1257250775,1854.8,0,-1077.4133333333,normal,False,,No driver activity this period.,0 transactions
ACC-0064,21,Mid-Market,Real Estate,Monthly,0.0478,growth,121.9665,0.087896,0.102692,0.017102,2,1,0,13950.45,13950.45,20,11419.31,114.0519,0.082775,0.082181,1,0.0478,2531.14,0.2216543732,2531.14,increase,7.9146,0.0693947229,0.019917,-0.065079,1,1,0,INV-2026-09-013,2026-09-24T10:00:00,Expansion,2531.14,Seat_Add,1,"[""INV-2026-09-013""]","[""2026-09-24T10:00:00""]","[""Expansion""]",[2531.14],"[""Seat_Add""]",2531.14,0,2531.14,0,0,2531.14,0,0,0,0,0,0,1,0,0,0,0,0,INV-2026-09-013,2026-09-24T10:00:00,Expansion,2531.14,Seat_Add,2531.14,0,Expansion,Seat_Add,2531.14,1,,,0,0,Expansion,positive,positive,positive,stable,stable,True,True,False,False,False,False,0.1259971951,9,False,2531.14,-0.0828552209,-44606.34,1.4601595145,4712.59,-0.1542635672,19549.73,-0.6399476905,11419.31,0,0,0,0,2531.14,normal,False,,"Expansion +2,531.1400","1 transactions; largest INV-2026-09-013 +2,531.1400 (Seat_Add)"
ACC-0065,21,SMB,Energy,Multi-Year,0.0161,decline,35.0216,-0.054352,0.11583,0.019684,3,-0.5,0,991.39,1155.19,20,1097.92,31.8969,0.107513,0.017325,6,0.0161,-106.53,-0.0970289274,106.53,decrease,3.1247,0.0979624979,0.008317,0.002359,-3,-0.5,0,CR-2026-09-014,2026-09-20T10:00:00,Contraction,-106.53,Seat_Reduction,1,"[""CR-2026-09-014""]","[""2026-09-20T10:00:00""]","[""Contraction""]",[-106.53],"[""Seat_Reduction""]",-106.53,0,0,-106.53,0,0,-106.53,0,0,0,0,0,0,1,0,0,0,0,CR-2026-09-014,2026-09-20T10:00:00,Contraction,-106.53,Seat_Reduction,0,-106.53,Contraction,Seat_Reduction,-106.53,1,,,0,0,Contraction,negative,stable,stable,positive,stable,True,False,False,False,False,False,0.0359979364,20,False,-106.53,0.0034871902,-1526.12,0.0499565452,-168.74,0.0055235941,-31327.06,1.0254709245,936.9266666667,38.8966666667,0.0515951783,241.49,-124.8,-145.4266666667,unusual_decrease,False,,Contraction -106.5300,1 transactions; largest CR-2026-09-014 -106.5300 (Seat_Reduction)
ACC-0066,21,Mid-Market,Healthcare,Monthly,0.0662,growth,26.5058,0.003417,0.052587,0.012875,1,-0.5,0,7726.24,7726.24,20,6064.41,21.675,0.037481,0.011181,2,0.0662,1661.83,0.2740299551,1661.83,increase,4.8308,0.2228742791,0.015106,0.001694,-1,-0.5,0,INV-2026-09-014,2026-09-25T10:00:00,Expansion,1661.83,Plan_Upgrade,1,"[""INV-2026-09-014""]","[""2026-09-25T10:00:00""]","[""Expansion""]",[1661.83],"[""Plan_Upgrade""]",1661.83,0,1661.83,0,0,1661.83,0,0,0,0,0,0,1,0,0,0,0,0,INV-2026-09-014,2026-09-25T10:00:00,Expansion,1661.83,Plan_Upgrade,1661.83,0,Expansion,Plan_Upgrade,1661.83,1,,,0,0,Expansion,stable,positive,stable,stable,stable,False,True,False,False,False,False,0.1276996221,8,False,1661.83,-0.0543989237,-44606.34,1.4601595145,1703.7,-0.0557695109,19549.73,-0.6399476905,5398.89,561.9933333333,0.1180384171,998.28,0,1099.8366666667,unusual_increase,False,,"Expansion +1,661.8300","1 transactions; largest INV-2026-09-014 +1,661.8300 (Plan_Upgrade)"
ACC-0067,21,SMB,Technology,Multi-Year,0.0039,stable,23.4162,0.026162,0.081777,0.024182,1,-0.5,0,255.98,255.98,20,255.98,21.0767,0.061809,0.018702,2,0.0039,0,0,0,increase,2.3395,0.11099935,0.019968,0.00548,-1,-0.5,0,,,,0,,0,[],[],[],[],[],0,0,0,0,0,0,0,0,0,0,0,0,0,0,0,0,0,0,,,,0,,0,0,,,0,0,,,0,0,No_Change,positive,positive,stable,stable,stable,True,True,False,False,False,False,0,52,False,0,0,-1526.12,0.0499565452,-34512.2,1.1297344099,-31327.06,1.0254709245,245.1,5.44,0.0226988233,16.32,0,-5.44,normal,False,,No driver activity this period.,0 transactions
ACC-0068,21,SMB,Education,Multi-Year,0.1907,stable,12.4065,-0.012137,0.08299,0.017752,1,0,0,2285.07,2285.07,20,2285.07,14.3221,0.082065,0.014385,1,0.1907,0,0,0,increase,-1.9156,-0.1337513353,0.000925,0.003367,0,0,0,,,,0,,0,[],[],[],[],[],0,0,0,0,0,0,0,0,0,0,0,0,0,0,0,0,0,0,,,,0,,0,0,,,0,0,,,0,0,No_Change,stable,stable,stable,stable,stable,False,False,False,False,False,False,0,53,False,0,0,-1526.12,0.0499565452,2299.37,-0.0752683807,-31327.06,1.0254709245,2285.07,0,0,0,0,0,normal,False,,No driver activity this period.,0 transactions
ACC-0069,21,Mid-Market,Logistics,Monthly,0.0058,stable,143.7796,0.136209,0.098699,0.018449,2,0,0,7937.01,7937.01,20,7937.01,140.6926,0.083822,0.014041,2,0.0058,0,0,0,increase,3.087,0.0219414525,0.014877,0.004408,0,0,0,,,,0,,0,[],[],[],[],[],0,0,0,0,0,0,0,0,0,0,0,0,0,0,0,0,0,0,,,,0,,0,0,,,0,0,,,0,0,No_Change,positive,positive,stable,stable,stable,True,True,False,False,False,False,0,54,False,0,0,-44606.34,1.4601595145,12298.05,-0.4025686644,19549.73,-0.6399476905,7553.93,46.7266666667,0.0114034757,1009.06,-868.88,-46.7266666667,normal,False,,No driver activity this period.,0 transactions
ACC-0070,21,Enterprise,Technology,Annual,0.1814,stable,766.6102,0.07374,0.175451,0.020745,2,0,0,558995.8199999999,680693.55,20,558995.8199999999,767.7128,0.16576,0.016606,2,0.1814,0,0,0,increase,-1.1026,-0.0014362142,0.009691,0.004139,0,0,0,,,,0,,0,[],[],[],[],[],0,0,0,0,0,0,0,0,0,0,0,0,0,0,0,0,0,0,,,,0,,0,0,,,0,0,,,0,0,No_Change,positive,stable,stable,stable,stable,True,False,False,False,False,False,0,55,False,0,0,15583.51,-0.5101160596,-34512.2,1.1297344099,-18771.62,0.614476766,541529.9666666667,17465.8533333333,0.0344767338,52397.5599999999,0,-17465.8533333333,normal,False,,No driver activity this period.,0 transactions
ACC-0001,22,Enterprise,Technology,Annual,0.049,stable,421.2651,-0.02321,0.195504,0.01705,1,0,0,93514.44,93514.44,21,93514.44,416.2865,0.192428,0.014043,1,0.049,0,0,0,increase,4.9786,0.0119595519,0.003076,0.003007,0,0,0,,,,0,,0,[],[],[],[],[],0,0,0,0,0,0,0,0,0,0,0,0,0,0,0,0,0,0,,,,0,,0,0,,,0,0,,,0,0,No_Change,negative,stable,stable,stable,stable,True,False,False,False,False,False,0,16,False,0,0,170829.9800000001,0.9700302468,121697.7300000001,0.6910407592,120311.1600000001,0.683167347,93514.44,0,0,0,0,0,normal,False,,No driver activity this period.,0 transactions
ACC-0002,22,Enterprise,Healthcare,Annual,0.0064,stable,575.3835,-0.035615,0.274062,0.01881,2,1,0,63677.69,63677.69,21,63677.69,574.7864,0.25558,0.01068,1,0.0064,0,0,0,increase,0.5971,0.0010388207,0.018482,0.00813,1,1,0,,,,0,,0,[],[],[],[],[],0,0,0,0,0,0,0,0,0,0,0,0,0,0,0,0,0,0,,,,0,,0,0,,,0,0,,,0,0,No_Change,negative,positive,stable,stable,stable,True,True,False,False,False,False,0,17,False,0,0,170829.9800000001,0.9700302468,-4880.4,-0.0277125573,120311.1600000001,0.683167347,63677.69,0,0,0,0,0,normal,False,,No driver activity this period.,0 transactions
ACC-0003,22,Mid-Market,Real Estate,Monthly,0.13,stable,54.1092,0.03662,0.165395,0.023058,6,2,0,5128.35,5128.35,21,5128.35,55.3681,0.162325,0.024493,2,0.13,0,0,0,increase,-1.2589,-0.0227369189,0.00307,-0.001435,4,2,0,,,,0,,0,[],[],[],[],[],0,0,0,0,0,0,0,0,0,0,0,0,0,0,0,0,0,0,,,,0,,0,0,,,0,0,,,0,0,No_Change,positive,stable,stable,negative,stable,True,False,False,True,False,False,0,18,False,0,0,15700.85,0.0891547221,3763.34,0.0213695139,6500.68,0.0369130537,5128.35,0,0,0,0,0,normal,False,,No driver activity this period.,0 transactions
ACC-0004,22,SMB,Fintech,Annual,0.0319,stable,48.5632,0.14755,0.172083,0.021828,5,0.6666666667,0,4202.72,4202.72,21,4202.72,46.1135,0.152652,0.024301,3,0.0319,0,0,0,increase,2.4497,0.0531232719,0.019431,-0.002473,2,0.6666666667,0,,,,0,,0,[],[],[],[],[],0,0,0,0,0,0,0,0,0,0,0,0,0,0,0,0,0,0,,,,0,,0,0,,,0,0,,,0,0,No_Change,positive,positive,stable,negative,stable,True,True,False,True,False,False,0,19,False,0,0,-10422.94,-0.0591849689,0,0,120311.1600000001,0.683167347,3993.1133333333,209.6066666667,0.0586492814,628.82,0,-209.6066666667,normal,False,,No driver activity this period.,0 transactions
ACC-0005,22,SMB,Energy,Monthly,0.076,decline,43.9391,0.046143,0.187306,0.010123,3,0.5,0,2494.47,2494.47,21,2924.52,40.8563,0.177131,0.017461,2,0.076,-430.05,-0.1470497723,430.05,decrease,3.0828,0.0754547034,0.010175,-0.007338,1,0.5,0,CR-2026-10-001,2026-10-14T10:00:00,Contraction,-352.64,Contract_Downgrade,2,"[""CR-2026-10-001"", ""CR-2026-10-002""]","[""2026-10-14T10:00:00"", ""2026-10-24T10:00:00""]","[""Contraction"", ""Refund""]","[-352.64, -77.41]","[""Contract_Downgrade"", ""Billing_Adjustment""]",-430.05,0,0,-430.05,0,0,-352.64,0,0,-77.41,0,0,0,0.8199976747,0,0,0.1800023253,0,CR-2026-10-001,2026-10-14T10:00:00,Contraction,-352.64,Contract_Downgrade,0,-352.64,Contraction,Contract_Downgrade,-352.64,0.8199976747,Refund,Billing_Adjustment,-77.41,0.1800023253,Contraction,positive,positive,stable,stable,stable,True,True,False,False,False,False,0.0537643612,12,False,-430.05,-0.002441969,-10422.94,-0.0591849689,-1768.51,-0.0100421963,6500.68,0.0369130537,2818.1166666667,-62.21,-0.0133555162,319.21,-505.84,-367.84,unusual_decrease,False,,Contraction -352.6400; Refund -77.4100,2 transactions; largest CR-2026-10-001 -352.6400 (Contract_Downgrade)
ACC-0006,22,Mid-Market,Media,Annual,0.1946,stable,501.3058,0.101667,0.110949,0.016825,4,-0.2,0,108517.59,108517.59,21,108517.59,500.733,0.114324,0.012396,5,0.1946,0,0,0,increase,0.5728,0.001143923,-0.003375,0.004429,-1,-0.2,0,,,,0,,0,[],[],[],[],[],0,0,0,0,0,0,0,0,0,0,0,0,0,0,0,0,0,0,,,,0,,0,0,,,0,0,,,0,0,No_Change,positive,stable,stable,stable,stable,True,False,False,False,False,False,0,20,False,0,0,15700.85,0.0891547221,3648.21,0.0207157669,120311.1600000001,0.683167347,119891.0633333333,-5686.7366666667,-0.0452845699,0,-17060.21,5686.7366666667,normal,False,,No driver activity this period.,0 transactions
ACC-0009,22,SMB,Energy,Monthly,0.0711,decline,92.1715,0.021656,0.174797,0.011709,2,0,0,9720.16,9720.16,21,12157.27,90.3826,0.16869,0.023246,2,0.0711,-2437.11,-0.200465236,2437.11,decrease,1.7889,0.0197925264,0.006107,-0.011537,0,0,0,CR-2026-10-003,2026-10-15T10:00:00,Contraction,-2437.11,Contract_Downgrade,1,"[""CR-2026-10-003""]","[""2026-10-15T10:00:00""]","[""Contraction""]",[-2437.11],"[""Contract_Downgrade""]",-2437.11,0,0,-2437.11,0,0,-2437.11,0,0,0,0,0,0,1,0,0,0,0,CR-2026-10-003,2026-10-15T10:00:00,Contraction,-2437.11,Contract_Downgrade,0,-2437.11,Contraction,Contract_Downgrade,-2437.11,1,,,0,0,Contraction,positive,stable,positive,stable,stable,True,False,False,False,False,False,0.0831796859,9,False,-2437.11,-0.0138387326,-10422.94,-0.0591849689,-1768.51,-0.0100421963,6500.68,0.0369130537,12157.27,508.7533333333,0.0478555973,1526.26,0,-2945.8633333333,unusual_decrease,False,,"Contraction -2,437.1100","1 transactions; largest CR-2026-10-003 -2,437.1100 (Contract_Downgrade)"
ACC-0010,22,SMB,Healthcare,Annual,0.0342,churned,54.3202,-0.030001,0.197035,0.023798,5,-0.375,0,0,,21,5562.77,56.2974,0.196499,0.023117,8,0.0342,-5562.77,-1,5562.77,decrease,-1.9772,-0.0351206272,0.000536,0.000681,-3,-0.375,0,CR-2026-10-004,2026-10-23T10:00:00,Churn,-5562.77,Budget_Cut,1,"[""CR-2026-10-004""]","[""2026-10-23T10:00:00""]","[""Churn""]",[-5562.77],"[""Budget_Cut""]",-5562.77,0,0,-5562.77,0,0,0,-5562.77,0,0,0,0,0,0,1,0,0,0,CR-2026-10-004,2026-10-23T10:00:00,Churn,-5562.77,Budget_Cut,0,-5562.77,Churn,Budget_Cut,-5562.77,1,,,0,0,Churn,negative,stable,stable,positive,stable,True,False,False,False,False,False,0.3797113225,2,True,-5562.77,-0.0315872844,-10422.94,-0.0591849689,-4880.4,-0.0277125573,120311.1600000001,0.683167347,5736.9366666667,-13.7133333333,-0.0003616808,440.22,-481.36,-5549.0566666667,unusual_decrease,True,Budget_Cut,"Churn -5,562.7700","1 transactions; largest CR-2026-10-004 -5,562.7700 (Budget_Cut)"
ACC-0013,22,Mid-Market,Media,Monthly,0.0279,growth,80.4916,0.132758,0.135735,0.015473,1,-0.5,0,16631.63,18968.87,21,12983.42,75.2997,0.141485,0.075299,2,0.0279,3648.21,0.2809899087,3648.21,increase,5.1919,0.0689498099,-0.00575,-0.059826,-1,-0.5,0,INV-2026-10-001,2026-10-12T10:00:00,Expansion,3441.66,Feature_Upgrade,2,"[""INV-2026-10-001"", ""INV-2026-10-002""]","[""2026-10-12T10:00:00"", ""2026-10-17T10:00:00""]","[""Expansion"", ""Usage_Overage""]","[3441.66, 206.55]","[""Feature_Upgrade"", ""Usage_Above_Commit""]",3648.21,0,3648.21,0,0,3441.66,0,0,0,0,206.55,0,0.9433831934,0,0,0,0,0.0566168066,INV-2026-10-001,2026-10-12T10:00:00,Expansion,3441.66,Feature_Upgrade,3441.66,0,Expansion,Feature_Upgrade,3441.66,0.9433831934,Usage_Overage,Usage_Above_Commit,206.55,0.0566168066,Expansion,positive,stable,positive,stable,stable,True,False,False,False,False,False,0.1178319301,8,False,3648.21,0.0207157669,15700.85,0.0891547221,3648.21,0.0207157669,6500.68,0.0369130537,12983.42,0,0,0,0,3648.21,normal,False,,"Expansion +3,441.6600; Usage_Overage +206.5500","2 transactions; largest INV-2026-10-001 +3,441.6600 (Feature_Upgrade)"
ACC-0014,22,SMB,Education,Multi-Year,0.0799,stable,78.6507,0.023358,0.126938,0.01827,2,0,0,7911.77,7911.77,21,7911.77,77.2292,0.123555,0.01411,2,0.0799,0,0,0,increase,1.4215,0.0184062505,0.003383,0.00416,0,0,0,,,,0,,0,[],[],[],[],[],0,0,0,0,0,0,0,0,0,0,0,0,0,0,0,0,0,0,,,,0,,0,0,,,0,0,,,0,0,No_Change,positive,stable,stable,stable,stable,True,False,False,False,False,False,0,21,False,0,0,-10422.94,-0.0591849689,-2569.67,-0.014591453,49296.05,0.2799195993,7911.77,0,0,0,0,0,normal,False,,No driver activity this period.,0 transactions
ACC-0017,22,Mid-Market,Healthcare,Annual,0.1074,stable,51.8657,0.089126,0.129683,0.080713,1,0,0,1250.03,1435.61,21,1250.03,47.7233,0.127012,0.017206,1,0.1074,0,0,0,increase,4.1424,0.086800368,0.002671,0.063507,0,0,0,,,,0,,0,[],[],[],[],[],0,0,0,0,0,0,0,0,0,0,0,0,0,0,0,0,0,0,,,,0,,0,0,,,0,0,,,0,0,No_Change,positive,stable,negative,stable,stable,True,False,True,False,False,False,0,22,False,0,0,15700.85,0.0891547221,-4880.4,-0.0277125573,120311.1600000001,0.683167347,1076.4366666667,86.7966666667,0.0877052935,260.39,0,-86.7966666667,normal,False,,No driver activity this period.,0 transactions
ACC-0019,22,Mid-Market,Real Estate,Annual,0.1741,stable,58.0241,0.120514,0.150304,0.021758,5,4,0,15339.95,14187.93,21,15339.95,59.35,0.146028,0.076983,1,0.1741,0,0,0,increase,-1.3259,-0.0223403538,0.004276,-0.055225,4,4,0,,,,0,,0,[],[],[],[],[],0,0,0,0,0,0,0,0,0,0,0,0,0,0,0,0,0,0,,,,0,,0,0,,,0,0,,,0,0,No_Change,positive,stable,positive,negative,stable,True,False,False,True,False,False,0,23,False,0,0,15700.85,0.0891547221,3763.34,0.0213695139,120311.1600000001,0.683167347,13403.39,801.4933333333,0.0693185356,3405.2,-1000.72,-801.4933333333,normal,False,,No driver activity this period.,0 transactions
ACC-0020,22,SMB,Energy,Annual,0.1079,decline,41.3301,-0.013361,0.151809,0.015906,2,0,0,949.68,949.68,21,981.79,38.5053,0.14746,0.021464,2,0.1079,-32.11,-0.0327055684,32.11,decrease,2.8248,0.0733613295,0.004349,-0.005558,0,0,0,CR-2026-10-005,2026-10-14T10:00:00,Contraction,-32.11,Contract_Downgrade,1,"[""CR-2026-10-005""]","[""2026-10-14T10:00:00""]","[""Contraction""]",[-32.11],"[""Contract_Downgrade""]",-32.11,0,0,-32.11,0,0,-32.11,0,0,0,0,0,0,1,0,0,0,0,CR-2026-10-005,2026-10-14T10:00:00,Contraction,-32.11,Contract_Downgrade,0,-32.11,Contraction,Contract_Downgrade,-32.11,1,,,0,0,Contraction,stable,stable,stable,stable,stable,False,False,False,False,False,False,0.0116184517,15,False,-32.11,-0.0001823314,-10422.94,-0.0591849689,-1768.51,-0.0100421963,120311.1600000001,0.683167347,981.79,-22.4366666667,-0.0213865853,0,-67.31,-9.6733333333,normal,False,,Contraction -32.1100,1 transactions; largest CR-2026-10-005 -32.1100 (Contract_Downgrade)
ACC-0022,22,Mid-Market,Education,Multi-Year,0.13,stable,60.4663,0.011802,0.064728,0.024275,2,-0.5,0,10381.84,13690.63,21,10381.84,59.2205,0.050986,0.011353,4,0.13,0,0,0,increase,1.2458,0.0210366343,0.013742,0.012922,-2,-0.5,0,,,,0,,0,[],[],[],[],[],0,0,0,0,0,0,0,0,0,0,0,0,0,0,0,0,0,0,,,,0,,0,0,,,0,0,,,0,0,No_Change,stable,positive,negative,positive,stable,False,True,True,False,False,False,0,24,False,0,0,15700.85,0.0891547221,-2569.67,-0.014591453,49296.05,0.2799195993,9178.3133333333,601.7633333333,0.0701637994,1805.29,0,-601.7633333333,normal,False,,No driver activity this period.,0 transactions
ACC-0024,22,SMB,Healthcare,Multi-Year,0.1719,stable,43.6712,0.016706,0.170722,0.022042,2,0,0,1040.28,896.1,21,1040.28,40.2834,0.175645,0.011344,2,0.1719,0,0,0,increase,3.3878,0.0840991575,-0.004923,0.010698,0,0,0,,,,0,,0,[],[],[],[],[],0,0,0,0,0,0,0,0,0,0,0,0,0,0,0,0,0,0,,,,0,,0,0,,,0,0,,,0,0,No_Change,stable,stable,negative,stable,stable,False,False,True,False,False,False,0,25,False,0,0,-10422.94,-0.0591849689,-4880.4,-0.0277125573,49296.05,0.2799195993,1040.28,0,0,0,0,0,normal,False,,No driver activity this period.,0 transactions
ACC-0025,22,Mid-Market,Real Estate,Monthly,0.1871,stable,94.3817,0.060309,0.084458,0.020261,1,-0.5,0,12046.91,12046.91,21,12046.91,93.2375,0.090505,0.019383,2,0.1871,0,0,0,increase,1.1442,0.0122718863,-0.006047,0.000878,-1,-0.5,0,,,,0,,0,[],[],[],[],[],0,0,0,0,0,0,0,0,0,0,0,0,0,0,0,0,0,0,,,,0,,0,0,,,0,0,,,0,0,No_Change,positive,stable,stable,stable,stable,True,False,False,False,False,False,0,26,False,0,0,15700.85,0.0891547221,3763.34,0.0213695139,6500.68,0.0369130537,13125.0766666667,-539.0833333333,-0.0394523581,0,-1617.25,539.0833333333,normal,False,,No driver activity this period.,0 transactions
ACC-0026,22,SMB,Healthcare,Annual,0.0709,growth,26.6868,0.136947,0.066814,0.014861,1,0,0,2645.41,2868.28,21,2200.44,21.7578,0.04994,0.01751,1,0.0709,444.97,0.2022186472,444.97,increase,4.929,0.2265394479,0.016874,-0.002649,0,0,0,INV-2026-10-003,2026-10-20T10:00:00,Expansion,383.03,Feature_Upgrade,2,"[""INV-2026-10-003"", ""INV-2026-10-004""]","[""2026-10-20T10:00:00"", ""2026-10-25T10:00:00""]","[""Expansion"", ""Usage_Overage""]","[383.03, 61.94]","[""Feature_Upgrade"", ""Usage_Above_Commit""]",444.97,0,444.97,0,0,383.03,0,0,0,0,61.94,0,0.8607996045,0,0,0,0,0.1392003955,INV-2026-10-003,2026-10-20T10:00:00,Expansion,383.03,Feature_Upgrade,383.03,0,Expansion,Feature_Upgrade,383.03,0.8607996045,Usage_Overage,Usage_Above_Commit,61.94,0.1392003955,Expansion,positive,positive,stable,stable,stable,True,True,False,False,False,False,0.0731531567,10,False,444.97,0.0025266897,-10422.94,-0.0591849689,-4880.4,-0.0277125573,120311.1600000001,0.683167347,2200.44,0,0,0,0,444.97,normal,False,,Expansion +383.0300; Usage_Overage +61.9400,2 transactions; largest INV-2026-10-003 +383.0300 (Feature_Upgrade)
ACC-0027,22,Mid-Market,Healthcare,Monthly,0.1456,growth,72.082,-0.035293,0.114188,0.012123,2,0,0,4666.07,4666.07,21,4428.67,68.4307,0.11799,0.017984,2,0.1456,237.4,0.0536052585,237.4,increase,3.6513,0.0533576304,-0.003802,-0.005861,0,0,0,INV-2026-10-005,2026-10-23T10:00:00,Usage_Overage,237.4,Usage_Above_Commit,1,"[""INV-2026-10-005""]","[""2026-10-23T10:00:00""]","[""Usage_Overage""]",[237.4],"[""Usage_Above_Commit""]",237.4,0,237.4,0,0,0,0,0,0,0,237.4,0,0,0,0,0,0,1,INV-2026-10-005,2026-10-23T10:00:00,Usage_Overage,237.4,Usage_Above_Commit,237.4,0,Usage_Overage,Usage_Above_Commit,237.4,1,,,0,0,Usage_Overage,negative,stable,stable,stable,stable,True,False,False,False,False,False,0.0200298181,14,False,237.4,0.0013480373,15700.85,0.0891547221,-4880.4,-0.0277125573,6500.68,0.0369130537,4253.4433333333,87.6133333333,0.0210314231,262.84,0,149.7866666667,unusual_increase,False,,Usage_Overage +237.4000,1 transactions; largest INV-2026-10-005 +237.4000 (Usage_Above_Commit)
ACC-0028,22,SMB,Education,Monthly,0.0925,stable,32.149,-0.002204,0.112285,0.012631,2,1,0,2949,2949,21,2949,27.778,0.100116,0.014168,1,0.0925,0,0,0,increase,4.371,0.1573547412,0.012169,-0.001537,1,1,0,,,,0,,0,[],[],[],[],[],0,0,0,0,0,0,0,0,0,0,0,0,0,0,0,0,0,0,,,,0,,0,0,,,0,0,,,0,0,No_Change,stable,positive,stable,stable,stable,False,True,False,False,False,False,0,27,False,0,0,-10422.94,-0.0591849689,-2569.67,-0.014591453,6500.68,0.0369130537,2442.42,394.5733333333,0.1957380163,759.87,0,-394.5733333333,normal,False,,No driver activity this period.,0 transactions
ACC-0029,22,SMB,Real Estate,Annual,0.1938,stable,34.0692,0.021641,0.107728,0.015089,4,3,0,1857.55,1857.55,21,1857.55,29.3146,0.093375,0.020796,1,0.1938,0,0,0,increase,4.7546,0.1621922182,0.014353,-0.005707,3,3,0,,,,0,,0,[],[],[],[],[],0,0,0,0,0,0,0,0,0,0,0,0,0,0,0,0,0,0,,,,0,,0,0,,,0,0,,,0,0,No_Change,positive,positive,stable,negative,stable,True,True,False,True,False,False,0,28,False,0,0,-10422.94,-0.0591849689,3763.34,0.0213695139,120311.1600000001,0.683167347,1857.55,0,0,0,0,0,normal,False,,No driver activity this period.,0 transactions
ACC-0031,22,Mid-Market,Logistics,Monthly,0.1915,growth,32.1103,0.109082,0.082357,0.018891,1,0,0,7591.44,6909.29,21,5779.35,29.8203,0.088876,0.078144,1,0.1915,1812.09,0.3135456409,1812.09,increase,2.29,0.0767933254,-0.006519,-0.059253,0,0,0,INV-2026-10-006,2026-10-21T10:00:00,Expansion,1572.71,Plan_Upgrade,2,"[""INV-2026-10-006"", ""INV-2026-10-007""]","[""2026-10-21T10:00:00"", ""2026-10-26T10:00:00""]","[""Expansion"", ""Usage_Overage""]","[1572.71, 239.38]","[""Plan_Upgrade"", ""Usage_Above_Commit""]",1812.09,0,1812.09,0,0,1572.71,0,0,0,0,239.38,0,0.8678983936,0,0,0,0,0.1321016064,INV-2026-10-006,2026-10-21T10:00:00,Expansion,1572.71,Plan_Upgrade,1572.71,0,Expansion,Plan_Upgrade,1572.71,0.8678983936,Usage_Overage,Usage_Above_Commit,239.38,0.1321016064,Expansion,positive,stable,positive,stable,stable,True,False,False,False,False,False,0.119419532,6,False,1812.09,0.0102896582,15700.85,0.0891547221,1812.09,0.0102896582,6500.68,0.0369130537,4883.09,448.13,0.1010448798,1344.39,0,1363.96,unusual_increase,False,,"Expansion +1,572.7100; Usage_Overage +239.3800","2 transactions; largest INV-2026-10-006 +1,572.7100 (Plan_Upgrade)"
ACC-0032,22,SMB,Fintech,Annual,0.1084,stable,27.6622,0.0517,0.12925,0.023247,2,-0.3333333333,0,309.27,222.93,21,309.27,27.0852,0.11905,0.0179,3,0.1084,0,0,0,increase,0.577,0.0213031471,0.0102,0.005347,-1,-0.3333333333,0,,,,0,,0,[],[],[],[],[],0,0,0,0,0,0,0,0,0,0,0,0,0,0,0,0,0,0,,,,0,,0,0,,,0,0,,,0,0,No_Change,positive,positive,stable,stable,stable,True,True,False,False,False,False,0,29,False,0,0,-10422.94,-0.0591849689,0,0,120311.1600000001,0.683167347,342.95,-33.68,-0.0820842777,0,-101.04,33.68,normal,False,,No driver activity this period.,0 transactions
ACC-0033,22,Mid-Market,Real Estate,Monthly,0.1922,stable,62.242,0.098824,0.094996,0.015439,2,0,0,4476.85,5109.9,21,4476.85,58.5101,0.077294,0.022691,2,0.1922,0,0,0,increase,3.7319,0.0637821504,0.017702,-0.007252,0,0,0,,,,0,,0,[],[],[],[],[],0,0,0,0,0,0,0,0,0,0,0,0,0,0,0,0,0,0,,,,0,,0,0,,,0,0,,,0,0,No_Change,positive,positive,stable,stable,stable,True,True,False,False,False,False,0,30,False,0,0,15700.85,0.0891547221,3763.34,0.0213695139,6500.68,0.0369130537,4214.5166666667,131.1666666667,0.0321223179,393.5,0,-131.1666666667,normal,False,,No driver activity this period.,0 transactions
ACC-0034,22,Mid-Market,Manufacturing,Monthly,0.1883,stable,147.9339,0.046404,0.130843,0.010422,1,-0.5,0,12118.97,15965.57,21,12118.97,145.6153,0.13026,0.018583,2,0.1883,0,0,0,increase,2.3186,0.0159227773,0.000583,-0.008161,-1,-0.5,0,,,,0,,0,[],[],[],[],[],0,0,0,0,0,0,0,0,0,0,0,0,0,0,0,0,0,0,,,,0,,0,0,,,0,0,,,0,0,No_Change,positive,stable,stable,stable,stable,True,False,False,False,False,False,0,31,False,0,0,15700.85,0.0891547221,5272.85,0.0299410208,6500.68,0.0369130537,12118.97,0,0,0,0,0,normal,False,,No driver activity this period.,0 transactions
ACC-0035,22,SMB,Technology,Annual,0.0633,stable,21.8694,0.142296,0.11912,0.084087,2,1,0,1155.81,1155.81,21,1155.81,18.8597,0.10448,0.018186,1,0.0633,0,0,0,increase,3.0097,0.1595836625,0.01464,0.065901,1,1,0,,,,0,,0,[],[],[],[],[],0,0,0,0,0,0,0,0,0,0,0,0,0,0,0,0,0,0,,,,0,,0,0,,,0,0,,,0,0,No_Change,positive,positive,negative,stable,stable,True,True,True,False,False,False,0,32,False,0,0,-10422.94,-0.0591849689,121697.7300000001,0.6910407592,120311.1600000001,0.683167347,1155.81,0,0,0,0,0,normal,False,,No driver activity this period.,0 transactions
ACC-0036,22,SMB,Education,Monthly,0.1291,churned,26.6876,-0.024274,0.121946,0.011778,3,0,0,0,,21,2569.67,26.1648,0.104346,0.013902,3,0.1291,-2569.67,-1,2569.67,decrease,0.5228,0.0199810432,0.0176,-0.002124,0,0,0,CR-2026-10-006,2026-10-13T10:00:00,Churn,-2569.67,Budget_Cut,1,"[""CR-2026-10-006""]","[""2026-10-13T10:00:00""]","[""Churn""]",[-2569.67],"[""Budget_Cut""]",-2569.67,0,0,-2569.67,0,0,0,-2569.67,0,0,0,0,0,0,1,0,0,0,CR-2026-10-006,2026-10-13T10:00:00,Churn,-2569.67,Budget_Cut,0,-2569.67,Churn,Budget_Cut,-2569.67,1,,,0,0,Churn,negative,positive,stable,stable,stable,True,True,False,False,False,False,0.3637248698,4,True,-2569.67,-0.014591453,-10422.94,-0.0591849689,-2569.67,-0.014591453,6500.68,0.0369130537,2569.67,0,0,0,0,-2569.67,normal,True,Budget_Cut,"Churn -2,569.6700","1 transactions; largest CR-2026-10-006 -2,569.6700 (Budget_Cut)"
ACC-0037,22,SMB,Technology,Multi-Year,0.1992,stable,40.4864,-0.006479,0.149401,0.011249,2,0,0,874.75,874.75,21,874.75,37.8553,0.154014,0.020805,2,0.1992,0,0,0,increase,2.6311,0.0695041381,-0.004613,-0.009556,0,0,0,,,,0,,0,[],[],[],[],[],0,0,0,0,0,0,0,0,0,0,0,0,0,0,0,0,0,0,,,,0,,0,0,,,0,0,,,0,0,No_Change,stable,stable,stable,stable,stable,False,False,False,False,False,False,0,33,False,0,0,-10422.94,-0.0591849689,121697.7300000001,0.6910407592,49296.05,0.2799195993,874.75,0,0,0,0,0,normal,False,,No driver activity this period.,0 transactions
ACC-0038,22,SMB,Energy,Multi-Year,0.1759,stable,24.3662,0.014979,0.12055,0.01181,2,-0.3333333333,0,584.83,584.83,21,584.83,26.1424,0.12864,0.010706,3,0.1759,0,0,0,increase,-1.7762,-0.0679432646,-0.00809,0.001104,-1,-0.3333333333,0,,,,0,,0,[],[],[],[],[],0,0,0,0,0,0,0,0,0,0,0,0,0,0,0,0,0,0,,,,0,,0,0,,,0,0,,,0,0,No_Change,stable,stable,stable,stable,stable,False,False,False,False,False,False,0,34,False,0,0,-10422.94,-0.0591849689,-1768.51,-0.0100421963,49296.05,0.2799195993,626.3033333333,-20.7366666667,-0.0320485081,0,-62.21,20.7366666667,normal,False,,No driver activity this period.,0 transactions
ACC-0039,22,Mid-Market,Technology,Multi-Year,0.1614,stable,120.6625,0.09943,0.057392,0.017797,1,-0.5,0,11864.51,11864.51,21,11864.51,122.2578,0.048443,0.021586,2,0.1614,0,0,0,increase,-1.5953,-0.0130486562,0.008949,-0.003789,-1,-0.5,0,,,,0,,0,[],[],[],[],[],0,0,0,0,0,0,0,0,0,0,0,0,0,0,0,0,0,0,,,,0,,0,0,,,0,0,,,0,0,No_Change,positive,stable,stable,stable,stable,True,False,False,False,False,False,0,35,False,0,0,15700.85,0.0891547221,121697.7300000001,0.6910407592,49296.05,0.2799195993,11187.03,338.74,0.0312251977,1016.22,0,-338.74,normal,False,,No driver activity this period.,0 transactions
ACC-0040,22,SMB,Healthcare,Multi-Year,0.0269,stable,34.7472,0.139365,0.175384,0.010279,2,0,0,4193.27,4193.27,21,4193.27,36.289,0.184517,0.017395,2,0.0269,0,0,0,increase,-1.5418,-0.042486704,-0.009133,-0.007116,0,0,0,,,,0,,0,[],[],[],[],[],0,0,0,0,0,0,0,0,0,0,0,0,0,0,0,0,0,0,,,,0,,0,0,,,0,0,,,0,0,No_Change,positive,stable,stable,stable,stable,True,False,False,False,False,False,0,36,False,0,0,-10422.94,-0.0591849689,-4880.4,-0.0277125573,49296.05,0.2799195993,4019.4266666667,173.8433333333,0.0473463081,521.53,0,-173.8433333333,normal,False,,No driver activity this period.,0 transactions
ACC-0042,22,SMB,Education,Annual,0.0088,stable,29.6304,0.104356,0.03005,0.010783,9,0.125,1,1307.34,1085.2,21,1307.34,27.3553,0.027095,0.079699,8,0.0088,0,0,0,increase,2.2751,0.0831685268,0.002955,-0.068916,1,0.125,0,,,,0,,0,[],[],[],[],[],0,0,0,0,0,0,0,0,0,0,0,0,0,0,0,0,0,0,,,,0,,0,0,,,0,0,,,0,0,No_Change,positive,stable,positive,stable,negative,True,False,False,False,True,False,0,37,False,0,0,-10422.94,-0.0591849689,-2569.67,-0.014591453,120311.1600000001,0.683167347,1307.34,-100.8333333333,-0.0626356242,0,-302.5,100.8333333333,normal,False,,No driver activity this period.,0 transactions
ACC-0044,22,Mid-Market,Energy,Annual,0.0296,stable,54.9849,0.101094,0.113283,0.012882,2,0,0,18174.31,18174.31,21,18174.31,56.3452,0.110633,0.018973,2,0.0296,0,0,0,increase,-1.3603,-0.0241422517,0.00265,-0.006091,0,0,0,,,,0,,0,[],[],[],[],[],0,0,0,0,0,0,0,0,0,0,0,0,0,0,0,0,0,0,,,,0,,0,0,,,0,0,,,0,0,No_Change,positive,stable,stable,stable,stable,True,False,False,False,False,False,0,38,False,0,0,15700.85,0.0891547221,-1768.51,-0.0100421963,120311.1600000001,0.683167347,16957.2,2176.3233333333,0.1661746589,3651.33,0,-2176.3233333333,normal,False,,No driver activity this period.,0 transactions
ACC-0045,22,Enterprise,Manufacturing,Annual,0.1334,stable,861.8241,0.03885,0.121659,0.016411,1,0,0,106292.14,106292.14,21,106292.14,862.7329,0.103046,0.024588,1,0.1334,0,0,0,increase,-0.9088,-0.0010533967,0.018613,-0.008177,0,0,0,,,,0,,0,[],[],[],[],[],0,0,0,0,0,0,0,0,0,0,0,0,0,0,0,0,0,0,,,,0,,0,0,,,0,0,,,0,0,No_Change,positive,positive,stable,stable,stable,True,True,False,False,False,False,0,39,False,0,0,170829.9800000001,0.9700302468,5272.85,0.0299410208,120311.1600000001,0.683167347,106292.14,0,0,0,0,0,normal,False,,No driver activity this period.,0 transactions
ACC-0046,22,Enterprise,Retail,Multi-Year,0.0473,growth,681.3914,-0.053333,0.163001,0.01811,1,-0.5,0,213066.96,261567,21,163934.71,660.3144,0.146109,0.018578,2,0.0473,49132.25,0.2997062062,49132.25,increase,21.077,0.0319196431,0.016892,-0.000468,-1,-0.5,0,INV-2026-10-008,2026-10-18T10:00:00,Expansion,49132.25,Plan_Upgrade,1,"[""INV-2026-10-008""]","[""2026-10-18T10:00:00""]","[""Expansion""]",[49132.25],"[""Plan_Upgrade""]",49132.25,0,49132.25,0,0,49132.25,0,0,0,0,0,0,1,0,0,0,0,0,INV-2026-10-008,2026-10-18T10:00:00,Expansion,49132.25,Plan_Upgrade,49132.25,0,Expansion,Plan_Upgrade,49132.25,1,,,0,0,Expansion,negative,positive,stable,stable,stable,True,True,False,False,False,False,0.3673175353,3,True,49132.25,0.2789894876,170829.9800000001,0.9700302468,49132.25,0.2789894876,49296.05,0.2799195993,163934.71,0,0,0,0,49132.25,normal,False,,"Expansion +49,132.2500","1 transactions; largest INV-2026-10-008 +49,132.2500 (Plan_Upgrade)"
ACC-0048,22,SMB,Fintech,Multi-Year,0.0445,stable,9.195,-0.039117,0.114904,0.083046,2,1,1,895.95,895.95,21,895.95,9.9007,0.100518,0.020541,1,0.0445,0,0,0,increase,-0.7057,-0.0712777884,0.014386,0.062505,1,1,0,,,,0,,0,[],[],[],[],[],0,0,0,0,0,0,0,0,0,0,0,0,0,0,0,0,0,0,,,,0,,0,0,,,0,0,,,0,0,No_Change,negative,positive,negative,stable,negative,True,True,True,False,True,False,0,40,False,0,0,-10422.94,-0.0591849689,0,0,49296.05,0.2799195993,895.95,0,0,0,0,0,normal,False,,No driver activity this period.,0 transactions
ACC-0049,22,SMB,Manufacturing,Monthly,0.0557,stable,30.7029,-0.058549,0.125379,0.014042,2,1,0,1175.12,1175.12,21,1175.12,30.0827,0.124444,0.012306,1,0.0557,0,0,0,increase,0.6202,0.0206165005,0.000935,0.001736,1,1,0,,,,0,,0,[],[],[],[],[],0,0,0,0,0,0,0,0,0,0,0,0,0,0,0,0,0,0,,,,0,,0,0,,,0,0,,,0,0,No_Change,negative,stable,stable,stable,stable,True,False,False,False,False,False,0,41,False,0,0,-10422.94,-0.0591849689,5272.85,0.0299410208,6500.68,0.0369130537,1056.1266666667,59.4966666667,0.0596978484,178.49,0,-59.4966666667,normal,False,,No driver activity this period.,0 transactions
ACC-0051,22,SMB,Technology,Monthly,0.1457,stable,30.3552,-0.013666,0.145984,0.01553,2,0,0,3158.01,3158.01,21,3158.01,27.0849,0.151315,0.019065,2,0.1457,0,0,0,increase,3.2703,0.120742554,-0.005331,-0.003535,0,0,0,,,,0,,0,[],[],[],[],[],0,0,0,0,0,0,0,0,0,0,0,0,0,0,0,0,0,0,,,,0,,0,0,,,0,0,,,0,0,No_Change,stable,stable,stable,stable,stable,False,False,False,False,False,False,0,42,False,0,0,-10422.94,-0.0591849689,121697.7300000001,0.6910407592,6500.68,0.0369130537,3838.69,-9.0633333333,0.02256503,993.83,-1021.02,9.0633333333,normal,False,,No driver activity this period.,0 transactions
ACC-0052,22,SMB,Technology,Monthly,0.0089,stable,36.4269,-0.00152,0.092849,0.016209,4,-0.2,0,1920.82,1920.82,21,1920.82,35.7317,0.09327,0.011697,5,0.0089,0,0,0,increase,0.6952,0.0194561132,-0.000421,0.004512,-1,-0.2,0,,,,0,,0,[],[],[],[],[],0,0,0,0,0,0,0,0,0,0,0,0,0,0,0,0,0,0,,,,0,,0,0,,,0,0,,,0,0,No_Change,stable,stable,stable,stable,stable,False,False,False,False,False,False,0,43,False,0,0,-10422.94,-0.0591849689,121697.7300000001,0.6910407592,6500.68,0.0369130537,2272.5333333333,25.2533333333,0.0371737345,603.33,-527.57,-25.2533333333,normal,False,,No driver activity this period.,0 transactions
ACC-0053,22,Mid-Market,Manufacturing,Monthly,0.014,growth,107.435,-0.026143,0.047939,0.017524,2,0,0,25836.88,25836.88,21,20564.03,101.6163,0.053713,0.018795,2,0.014,5272.85,0.2564113163,5272.85,increase,5.8187,0.0572614827,-0.005774,-0.001271,0,0,0,INV-2026-10-009,2026-10-11T10:00:00,Expansion,4889.83,Plan_Upgrade,2,"[""INV-2026-10-009"", ""INV-2026-10-010""]","[""2026-10-11T10:00:00"", ""2026-10-16T10:00:00""]","[""Expansion"", ""Usage_Overage""]","[4889.83, 383.02]","[""Plan_Upgrade"", ""Usage_Above_Commit""]",5272.85,0,5272.85,0,0,4889.83,0,0,0,0,383.02,0,0.9273599666,0,0,0,0,0.0726400334,INV-2026-10-009,2026-10-11T10:00:00,Expansion,4889.83,Plan_Upgrade,4889.83,0,Expansion,Plan_Upgrade,4889.83,0.9273599666,Usage_Overage,Usage_Above_Commit,383.02,0.0726400334,Expansion,negative,stable,stable,stable,stable,True,False,False,False,False,False,0.1179067908,7,False,5272.85,0.0299410208,15700.85,0.0891547221,5272.85,0.0299410208,6500.68,0.0369130537,19708.6433333333,475.7033333333,0.0276867481,2566.16,-1139.05,4797.1466666667,unusual_increase,False,,"Expansion +4,889.8300; Usage_Overage +383.0200","2 transactions; largest INV-2026-10-009 +4,889.8300 (Plan_Upgrade)"
ACC-0054,22,Mid-Market,Logistics,Annual,0.1334,stable,143.5865,0.136102,0.108759,0.02415,2,1,0,19168.53,21384.16,21,19168.53,140.8689,0.110875,0.014748,1,0.1334,0,0,0,increase,2.7176,0.019291696,-0.002116,0.009402,1,1,0,,,,0,,0,[],[],[],[],[],0,0,0,0,0,0,0,0,0,0,0,0,0,0,0,0,0,0,,,,0,,0,0,,,0,0,,,0,0,No_Change,positive,stable,stable,stable,stable,True,False,False,False,False,False,0,44,False,0,0,15700.85,0.0891547221,1812.09,0.0102896582,120311.1600000001,0.683167347,21191.8133333333,-480,-0.0132539198,3189.85,-4629.85,480,normal,False,,No driver activity this period.,0 transactions
ACC-0055,22,SMB,Education,Annual,0.0758,stable,36.7698,0.140178,0.116942,0.012896,1,0,0,924.09,924.09,21,924.09,33.5535,0.112068,0.011899,1,0.0758,0,0,0,increase,3.2163,0.095855872,0.004874,0.000997,0,0,0,,,,0,,0,[],[],[],[],[],0,0,0,0,0,0,0,0,0,0,0,0,0,0,0,0,0,0,,,,0,,0,0,,,0,0,,,0,0,No_Change,positive,stable,stable,stable,stable,True,False,False,False,False,False,0,45,False,0,0,-10422.94,-0.0591849689,-2569.67,-0.014591453,120311.1600000001,0.683167347,1101.2833333333,-88.5966666667,-0.0744584888,0,-265.79,88.5966666667,normal,False,,No driver activity this period.,0 transactions
ACC-0056,22,Enterprise,Logistics,Monthly,0.086,stable,595.2711,0.040365,0.096908,0.015295,2,1,0,122466.46,132745.08,21,122466.46,593.8922,0.104154,0.011836,1,0.086,0,0,0,increase,1.3789,0.0023218018,-0.007246,0.003459,1,1,0,,,,0,,0,[],[],[],[],[],0,0,0,0,0,0,0,0,0,0,0,0,0,0,0,0,0,0,,,,0,,0,0,,,0,0,,,0,0,No_Change,positive,stable,stable,stable,stable,True,False,False,False,False,False,0,46,False,0,0,170829.9800000001,0.9700302468,1812.09,0.0102896582,6500.68,0.0369130537,112077.4533333333,5194.5033333333,0.0485999248,15583.51,0,-5194.5033333333,normal,False,,No driver activity this period.,0 transactions
ACC-0057,22,SMB,Media,Annual,0.192,stable,20.7448,0.042557,0.141595,0.01753,4,-0.3333333333,1,748.59,748.59,21,748.59,22.3955,0.147463,0.079245,6,0.192,0,0,0,increase,-1.6507,-0.0737067714,-0.005868,-0.061715,-2,-0.3333333333,0,,,,0,,0,[],[],[],[],[],0,0,0,0,0,0,0,0,0,0,0,0,0,0,0,0,0,0,,,,0,,0,0,,,0,0,,,0,0,No_Change,positive,stable,positive,positive,negative,True,False,False,False,True,False,0,47,False,0,0,-10422.94,-0.0591849689,3648.21,0.0207157669,120311.1600000001,0.683167347,748.59,0,0,0,0,0,normal,False,,No driver activity this period.,0 transactions
ACC-0058,22,Mid-Market,Energy,Monthly,0.1904,growth,90.9764,0.0131,0.064947,0.017146,2,0,0,14851.7,11436.42,21,13884.74,89.1865,0.072051,0.020467,2,0.1904,966.96,0.0696419234,966.96,increase,1.7899,0.0200691809,-0.007104,-0.003321,0,0,0,INV-2026-10-011,2026-10-20T10:00:00,Usage_Overage,966.96,Usage_Above_Commit,1,"[""INV-2026-10-011""]","[""2026-10-20T10:00:00""]","[""Usage_Overage""]",[966.96],"[""Usage_Above_Commit""]",966.96,0,966.96,0,0,0,0,0,0,0,966.96,0,0,0,0,0,0,1,INV-2026-10-011,2026-10-20T10:00:00,Usage_Overage,966.96,Usage_Above_Commit,966.96,0,Usage_Overage,Usage_Above_Commit,966.96,1,,,0,0,Usage_Overage,stable,stable,stable,stable,stable,False,False,False,False,False,False,0.0295393053,13,False,966.96,0.005490725,15700.85,0.0891547221,-1768.51,-0.0100421963,6500.68,0.0369130537,12968.6533333333,1804.7266666667,0.1871692226,2748.26,0,-837.7666666667,normal,False,,Usage_Overage +966.9600,1 transactions; largest INV-2026-10-011 +966.9600 (Usage_Above_Commit)
ACC-0060,22,Mid-Market,Education,Monthly,0.0488,stable,123.6251,0.072368,0.192673,0.017805,1,-0.5,0,7102.15,6287.63,21,7102.15,119.4758,0.178727,0.024885,2,0.0488,0,0,0,increase,4.1493,0.0347292088,0.013946,-0.00708,-1,-0.5,0,,,,0,,0,[],[],[],[],[],0,0,0,0,0,0,0,0,0,0,0,0,0,0,0,0,0,0,,,,0,,0,0,,,0,0,,,0,0,No_Change,positive,positive,stable,stable,stable,True,True,False,False,False,False,0,48,False,0,0,15700.85,0.0891547221,-2569.67,-0.014591453,6500.68,0.0369130537,6663.5966666667,438.5533333333,0.0757891802,1315.66,0,-438.5533333333,normal,False,,No driver activity this period.,0 transactions
ACC-0061,22,SMB,Real Estate,Monthly,0.1115,stable,30.2111,0.143566,0.075684,0.020572,3,0,0,711.24,711.24,21,711.24,28.9579,0.076116,0.023452,3,0.1115,0,0,0,increase,1.2532,0.0432766188,-0.000432,-0.00288,0,0,0,,,,0,,0,[],[],[],[],[],0,0,0,0,0,0,0,0,0,0,0,0,0,0,0,0,0,0,,,,0,,0,0,,,0,0,,,0,0,No_Change,positive,stable,stable,stable,stable,True,False,False,False,False,False,0,49,False,0,0,-10422.94,-0.0591849689,3763.34,0.0213695139,6500.68,0.0369130537,711.24,0,0,0,0,0,normal,False,,No driver activity this period.,0 transactions
ACC-0062,22,Mid-Market,Real Estate,Annual,0.19,growth,37.0437,0.038994,0.07847,0.024897,3,0,0,14829.84,14829.84,21,11066.5,35.9735,0.067383,0.011495,3,0.19,3763.34,0.3400659648,3763.34,increase,1.0702,0.0297496768,0.011087,0.013402,0,0,0,INV-2026-10-012,2026-10-20T10:00:00,Expansion,3763.34,Plan_Upgrade,1,"[""INV-2026-10-012""]","[""2026-10-20T10:00:00""]","[""Expansion""]",[3763.34],"[""Plan_Upgrade""]",3763.34,0,3763.34,0,0,3763.34,0,0,0,0,0,0,1,0,0,0,0,0,INV-2026-10-012,2026-10-20T10:00:00,Expansion,3763.34,Plan_Upgrade,3763.34,0,Expansion,Plan_Upgrade,3763.34,1,,,0,0,Expansion,positive,positive,negative,stable,stable,True,True,True,False,False,False,0.1391234708,5,True,3763.34,0.0213695139,15700.85,0.0891547221,3763.34,0.0213695139,120311.1600000001,0.683167347,10448.2333333333,1077.4133333333,0.1257250775,1854.8,0,2685.9266666667,unusual_increase,False,,"Expansion +3,763.3400","1 transactions; largest INV-2026-10-012 +3,763.3400 (Plan_Upgrade)"
ACC-0064,22,Mid-Market,Real Estate,Monthly,0.0478,stable,124.9597,0.054573,0.113861,0.011242,2,0,0,13950.45,15055.92,21,13950.45,121.9665,0.102692,0.017102,2,0.0478,0,0,0,increase,2.9932,0.024541165,0.011169,-0.00586,0,0,0,,,,0,,0,[],[],[],[],[],0,0,0,0,0,0,0,0,0,0,0,0,0,0,0,0,0,0,,,,0,,0,0,,,0,0,,,0,0,No_Change,positive,positive,stable,stable,stable,True,True,False,False,False,False,0,50,False,0,0,15700.85,0.0891547221,3763.34,0.0213695139,6500.68,0.0369130537,12263.0233333333,843.7133333333,0.0738847911,2531.14,0,-843.7133333333,normal,False,,No driver activity this period.,0 transactions
ACC-0065,22,SMB,Energy,Multi-Year,0.0161,growth,36.067,-0.050708,0.117434,0.024378,5,0.6666666667,0,1155.19,1492.35,21,991.39,35.0216,0.11583,0.019684,3,0.0161,163.8,0.1652225663,163.8,increase,1.0454,0.0298501496,0.001604,0.004694,2,0.6666666667,0,INV-2026-10-013,2026-10-08T10:00:00,Expansion,163.8,Seat_Add,1,"[""INV-2026-10-013""]","[""2026-10-08T10:00:00""]","[""Expansion""]",[163.8],"[""Seat_Add""]",163.8,0,163.8,0,0,163.8,0,0,0,0,0,0,1,0,0,0,0,0,INV-2026-10-013,2026-10-08T10:00:00,Expansion,163.8,Seat_Add,163.8,0,Expansion,Seat_Add,163.8,1,,,0,0,Expansion,negative,stable,stable,negative,stable,True,False,False,True,False,False,0.0587027707,11,False,163.8,0.0009301116,-10422.94,-0.0591849689,-1768.51,-0.0100421963,49296.05,0.2799195993,981.9133333333,44.9866666667,0.0616479711,241.49,-106.53,118.8133333333,unusual_increase,False,,Expansion +163.8000,1 transactions; largest INV-2026-10-013 +163.8000 (Seat_Add)
ACC-0066,22,Mid-Market,Healthcare,Monthly,0.0662,stable,24.8476,0.069272,0.059787,0.014122,2,1,0,7726.24,7726.24,21,7726.24,26.5058,0.052587,0.012875,1,0.0662,0,0,0,increase,-1.6582,-0.0625598926,0.0072,0.001247,1,1,0,,,,0,,0,[],[],[],[],[],0,0,0,0,0,0,0,0,0,0,0,0,0,0,0,0,0,0,,,,0,,0,0,,,0,0,,,0,0,No_Change,positive,stable,stable,stable,stable,True,False,False,False,False,False,0,51,False,0,0,15700.85,0.0891547221,-4880.4,-0.0277125573,6500.68,0.0369130537,6285.5933333333,886.7033333333,0.1570265914,1661.83,0,-886.7033333333,normal,False,,No driver activity this period.,0 transactions
ACC-0067,22,SMB,Technology,Multi-Year,0.0039,stable,21.5752,-0.025044,0.089817,0.01767,1,0,0,255.98,219.01,21,255.98,23.4162,0.081777,0.024182,1,0.0039,0,0,0,increase,-1.841,-0.0786207839,0.00804,-0.006512,0,0,0,,,,0,,0,[],[],[],[],[],0,0,0,0,0,0,0,0,0,0,0,0,0,0,0,0,0,0,,,,0,,0,0,,,0,0,,,0,0,No_Change,negative,stable,stable,stable,stable,True,False,False,False,False,False,0,52,False,0,0,-10422.94,-0.0591849689,121697.7300000001,0.6910407592,49296.05,0.2799195993,250.54,5.44,0.0226988233,16.32,0,-5.44,normal,False,,No driver activity this period.,0 transactions
ACC-0068,22,SMB,Education,Multi-Year,0.1907,stable,14.0699,0.144205,0.08433,0.023062,1,0,0,2285.07,2285.07,21,2285.07,12.4065,0.08299,0.017752,1,0.1907,0,0,0,increase,1.6634,0.1340748801,0.00134,0.00531,0,0,0,,,,0,,0,[],[],[],[],[],0,0,0,0,0,0,0,0,0,0,0,0,0,0,0,0,0,0,,,,0,,0,0,,,0,0,,,0,0,No_Change,positive,stable,stable,stable,stable,True,False,False,False,False,False,0,53,False,0,0,-10422.94,-0.0591849689,-2569.67,-0.014591453,49296.05,0.2799195993,2285.07,0,0,0,0,0,normal,False,,No driver activity this period.,0 transactions
ACC-0069,22,Mid-Market,Logistics,Monthly,0.0058,stable,147.4172,0.100067,0.117948,0.020565,4,1,0,7937.01,9351.78,21,7937.01,143.7796,0.098699,0.018449,2,0.0058,0,0,0,increase,3.6376,0.0252998339,0.019249,0.002116,2,1,0,,,,0,,0,[],[],[],[],[],0,0,0,0,0,0,0,0,0,0,0,0,0,0,0,0,0,0,,,,0,,0,0,,,0,0,,,0,0,No_Change,positive,positive,stable,negative,stable,True,True,False,True,False,False,0,54,False,0,0,15700.85,0.0891547221,1812.09,0.0102896582,6500.68,0.0369130537,7600.6566666667,46.7266666667,0.0114034757,1009.06,-868.88,-46.7266666667,normal,False,,No driver activity this period.,0 transactions
ACC-0070,22,Enterprise,Technology,Annual,0.1814,growth,788.272,0.114529,0.177566,0.013393,1,-0.5,0,680693.55,680693.55,21,558995.8199999999,766.6102,0.175451,0.020745,2,0.1814,121697.7300000001,0.2177077639,121697.7300000001,increase,21.6618,0.0282566029,0.002115,-0.007352,-1,-0.5,0,INV-2026-10-014,2026-10-25T10:00:00,Expansion,114270.04,Seat_Add,2,"[""INV-2026-10-014"", ""INV-2026-10-015""]","[""2026-10-25T10:00:00"", ""2026-10-30T10:00:00""]","[""Expansion"", ""Usage_Overage""]","[114270.04, 7427.69]","[""Seat_Add"", ""Usage_Above_Commit""]",121697.73,0,121697.73,0,0,114270.04,0,0,0,0,7427.69,0,0.938966076,0,0,0,0,0.061033924,INV-2026-10-014,2026-10-25T10:00:00,Expansion,114270.04,Seat_Add,114270.04,0,Expansion,Seat_Add,114270.04,0.938966076,Usage_Overage,Usage_Above_Commit,7427.69,0.061033924,Expansion,positive,stable,stable,stable,stable,True,False,False,False,False,False,0.7261977174,1,True,121697.7300000001,0.6910407592,170829.9800000001,0.9700302468,121697.7300000001,0.6910407592,120311.1600000001,0.683167347,558995.8199999999,17465.8533333333,0.0344767338,52397.5599999999,0,104231.8766666668,unusual_increase,False,,"Expansion +114,270.0400; Usage_Overage +7,427.6900","2 transactions; largest INV-2026-10-014 +114,270.0400 (Seat_Add)"
ACC-0001,23,Enterprise,Technology,Annual,0.049,stable,421.2826,0.080728,0.21386,0.016822,1,0,0,93514.44,93514.44,22,93514.44,421.2651,0.195504,0.01705,1,0.049,0,0,0,increase,0.0175,0.0000415415,0.018356,-0.000228,0,0,0,,,,0,,0,[],[],[],[],[],0,0,0,0,0,0,0,0,0,0,0,0,0,0,0,0,0,0,,,,0,,0,0,,,0,0,,,0,0,No_Change,positive,positive,stable,stable,stable,True,True,False,False,False,False,0,21,False,0,0,58778.66,0.8665300944,-36.97,-0.0005450212,1163.58,0.0171537951,93514.44,0,0,0,0,0,normal,False,,No driver activity this period.,0 transactions
ACC-0002,23,Enterprise,Healthcare,Annual,0.0064,stable,575.3417,0.077534,0.28477,0.013542,2,0,0,63677.69,63677.69,22,63677.69,575.3835,0.274062,0.01881,2,0.0064,0,0,0,increase,-0.0418,-0.0000726472,0.010708,-0.005268,0,0,0,,,,0,,0,[],[],[],[],[],0,0,0,0,0,0,0,0,0,0,0,0,0,0,0,0,0,0,,,,0,,0,0,,,0,0,,,0,0,No_Change,positive,positive,stable,stable,stable,True,True,False,False,False,False,0,22,False,0,0,58778.66,0.8665300944,264.27,0.0038959362,1163.58,0.0171537951,63677.69,0,0,0,0,0,normal,False,,No driver activity this period.,0 transactions
ACC-0003,23,Mid-Market,Real Estate,Monthly,0.13,stable,55.6788,0.009944,0.182573,0.022284,4,-0.3333333333,0,5128.35,5866.39,22,5128.35,54.1092,0.165395,0.023058,6,0.13,0,0,0,increase,1.5696,0.029008006,0.017178,-0.000774,-2,-0.3333333333,0,,,,0,,0,[],[],[],[],[],0,0,0,0,0,0,0,0,0,0,0,0,0,0,0,0,0,0,,,,0,,0,0,,,0,0,,,0,0,No_Change,stable,positive,stable,positive,stable,False,True,False,False,False,False,0,23,False,0,0,8983.16,0.1324320507,586.5,0.0086463336,14703.8,0.2167671941,5128.35,0,0,0,0,0,normal,False,,No driver activity this period.,0 transactions
ACC-0004,23,SMB,Fintech,Annual,0.0319,stable,47.4971,0.077992,0.172652,0.022456,4,-0.2,0,4202.72,5391.58,22,4202.72,48.5632,0.172083,0.021828,5,0.0319,0,0,0,increase,-1.0661,-0.0219528367,0.000569,0.000628,-1,-0.2,0,,,,0,,0,[],[],[],[],[],0,0,0,0,0,0,0,0,0,0,0,0,0,0,0,0,0,0,,,,0,,0,0,,,0,0,,,0,0,No_Change,positive,stable,stable,stable,stable,True,False,False,False,False,False,0,24,False,0,0,70.4,0.0010378549,-86.34,-0.0012728464,1163.58,0.0171537951,4202.72,209.6066666667,0.0586492814,628.82,0,-209.6066666667,normal,False,,No driver activity this period.,0 transactions
ACC-0005,23,SMB,Energy,Monthly,0.076,stable,44.7432,0.125316,0.194415,0.011103,2,-0.3333333333,0,2494.47,2494.47,22,2494.47,43.9391,0.187306,0.010123,3,0.076,0,0,0,increase,0.8041,0.0183003293,0.007109,0.00098,-1,-0.3333333333,0,,,,0,,0,[],[],[],[],[],0,0,0,0,0,0,0,0,0,0,0,0,0,0,0,0,0,0,,,,0,,0,0,,,0,0,,,0,0,No_Change,positive,stable,stable,stable,stable,True,False,False,False,False,False,0,25,False,0,0,70.4,0.0010378549,-3078.12,-0.0453784352,14703.8,0.2167671941,2781.17,-36.9466666667,-0.0081756416,319.21,-430.05,36.9466666667,normal,False,,No driver activity this period.,0 transactions
ACC-0006,23,Mid-Market,Media,Annual,0.1946,stable,503.9545,0.027328,0.107502,0.023097,2,-0.5,0,108517.59,108517.59,22,108517.59,501.3058,0.110949,0.016825,4,0.1946,0,0,0,increase,2.6487,0.0052836013,-0.003447,0.006272,-2,-0.5,0,,,,0,,0,[],[],[],[],[],0,0,0,0,0,0,0,0,0,0,0,0,0,0,0,0,0,0,,,,0,,0,0,,,0,0,,,0,0,No_Change,positive,stable,stable,positive,stable,True,False,False,False,False,False,0,26,False,0,0,8983.16,0.1324320507,2337.24,0.0344561921,1163.58,0.0171537951,114204.3266666667,-5686.7366666667,-0.0452845699,0,-17060.21,5686.7366666667,normal,False,,No driver activity this period.,0 transactions
ACC-0009,23,SMB,Energy,Monthly,0.0711,stable,94.2805,0.05082,0.175234,0.022206,2,0,0,9720.16,9720.16,22,9720.16,92.1715,0.174797,0.011709,2,0.0711,0,0,0,increase,2.109,0.0228812594,0.000437,0.010497,0,0,0,,,,0,,0,[],[],[],[],[],0,0,0,0,0,0,0,0,0,0,0,0,0,0,0,0,0,0,,,,0,,0,0,,,0,0,,,0,0,No_Change,positive,stable,negative,stable,stable,True,False,True,False,False,False,0,27,False,0,0,70.4,0.0010378549,-3078.12,-0.0453784352,14703.8,0.2167671941,11344.9,-812.37,-0.0668217453,0,-2437.11,812.37,normal,False,,No driver activity this period.,0 transactions
ACC-0013,23,Mid-Market,Media,Monthly,0.0279,growth,86.0328,0.137804,0.138841,0.014759,2,1,0,18968.87,18968.87,22,16631.63,80.4916,0.135735,0.015473,1,0.0279,2337.24,0.1405298218,2337.24,increase,5.5412,0.0688419661,0.003106,-0.000714,1,1,0,INV-2026-11-001,2026-11-24T10:00:00,Expansion,2337.24,Seat_Add,1,"[""INV-2026-11-001""]","[""2026-11-24T10:00:00""]","[""Expansion""]",[2337.24],"[""Seat_Add""]",2337.24,0,2337.24,0,0,2337.24,0,0,0,0,0,0,1,0,0,0,0,0,INV-2026-11-001,2026-11-24T10:00:00,Expansion,2337.24,Seat_Add,2337.24,0,Expansion,Seat_Add,2337.24,1,,,0,0,Expansion,positive,stable,stable,stable,stable,True,False,False,False,False,False,0.1856507214,10,False,2337.24,0.0344561921,8983.16,0.1324320507,2337.24,0.0344561921,14703.8,0.2167671941,14199.49,1216.07,0.0936633029,3648.21,0,1121.17,unusual_increase,False,,"Expansion +2,337.2400","1 transactions; largest INV-2026-11-001 +2,337.2400 (Seat_Add)"
ACC-0014,23,SMB,Education,Multi-Year,0.0799,stable,77.7911,0.097282,0.134106,0.019711,2,0,0,7911.77,7911.77,22,7911.77,78.6507,0.126938,0.01827,2,0.0799,0,0,0,increase,-0.8596,-0.0109293369,0.007168,0.001441,0,0,0,,,,0,,0,[],[],[],[],[],0,0,0,0,0,0,0,0,0,0,0,0,0,0,0,0,0,0,,,,0,,0,0,,,0,0,,,0,0,No_Change,positive,stable,stable,stable,stable,True,False,False,False,False,False,0,28,False,0,0,70.4,0.0010378549,2272.13,0.0334963237,51964.84,0.7660790108,7911.77,0,0,0,0,0,normal,False,,No driver activity this period.,0 transactions
ACC-0017,23,Mid-Market,Healthcare,Annual,0.1074,growth,56.9121,-0.01802,0.125803,0.016789,1,0,0,1435.61,1435.61,22,1250.03,51.8657,0.129683,0.080713,1,0.1074,185.58,0.1484604369,185.58,increase,5.0464,0.0972974432,-0.00388,-0.063924,0,0,0,INV-2026-11-002,2026-11-03T10:00:00,Expansion,169.98,Feature_Upgrade,2,"[""INV-2026-11-002"", ""INV-2026-11-003""]","[""2026-11-03T10:00:00"", ""2026-11-08T10:00:00""]","[""Expansion"", ""Usage_Overage""]","[169.98, 15.6]","[""Feature_Upgrade"", ""Usage_Above_Commit""]",185.58,0,185.58,0,0,169.98,0,0,0,0,15.6,0,0.9159392176,0,0,0,0,0.0840607824,INV-2026-11-002,2026-11-03T10:00:00,Expansion,169.98,Feature_Upgrade,169.98,0,Expansion,Feature_Upgrade,169.98,0.9159392176,Usage_Overage,Usage_Above_Commit,15.6,0.0840607824,Expansion,stable,stable,positive,stable,stable,False,False,False,False,False,False,0.1655233005,11,False,185.58,0.002735868,8983.16,0.1324320507,264.27,0.0038959362,1163.58,0.0171537951,1163.2333333333,86.7966666667,0.0877052935,260.39,0,98.7833333333,unusual_increase,False,,Expansion +169.9800; Usage_Overage +15.6000,2 transactions; largest INV-2026-11-002 +169.9800 (Feature_Upgrade)
ACC-0019,23,Mid-Market,Real Estate,Annual,0.1741,decline,58.6386,-0.04043,0.14034,0.016472,3,-0.4,0,14187.93,14187.93,22,15339.95,58.0241,0.150304,0.021758,5,0.1741,-1152.02,-0.0750993321,1152.02,decrease,0.6145,0.0105904271,-0.009964,-0.005286,-2,-0.4,0,CR-2026-11-001,2026-11-05T10:00:00,Contraction,-1152.02,Contract_Downgrade,1,"[""CR-2026-11-001""]","[""2026-11-05T10:00:00""]","[""Contraction""]",[-1152.02],"[""Contract_Downgrade""]",-1152.02,0,0,-1152.02,0,0,-1152.02,0,0,0,0,0,0,1,0,0,0,0,CR-2026-11-001,2026-11-05T10:00:00,Contraction,-1152.02,Contract_Downgrade,0,-1152.02,Contraction,Contract_Downgrade,-1152.02,1,,,0,0,Contraction,negative,stable,stable,positive,stable,True,False,False,False,False,False,0.097911947,19,False,-1152.02,-0.0169833746,8983.16,0.1324320507,586.5,0.0086463336,1163.58,0.0171537951,14204.8833333333,801.4933333333,0.0693185356,3405.2,-1000.72,-1953.5133333333,unusual_decrease,False,,"Contraction -1,152.0200","1 transactions; largest CR-2026-11-001 -1,152.0200 (Contract_Downgrade)"
ACC-0020,23,SMB,Energy,Annual,0.1079,stable,39.389,0.036011,0.162032,0.015424,2,0,0,949.68,949.68,22,949.68,41.3301,0.151809,0.015906,2,0.1079,0,0,0,increase,-1.9411,-0.0469657707,0.010223,-0.000482,0,0,0,,,,0,,0,[],[],[],[],[],0,0,0,0,0,0,0,0,0,0,0,0,0,0,0,0,0,0,,,,0,,0,0,,,0,0,,,0,0,No_Change,positive,positive,stable,stable,stable,True,True,False,False,False,False,0,29,False,0,0,70.4,0.0010378549,-3078.12,-0.0453784352,1163.58,0.0171537951,971.0866666667,-10.7033333333,-0.0109018561,0,-32.11,10.7033333333,normal,False,,No driver activity this period.,0 transactions
ACC-0022,23,Mid-Market,Education,Multi-Year,0.13,growth,66.078,0.022409,0.058387,0.021568,2,0,0,13690.63,13690.63,22,10381.84,60.4663,0.064728,0.024275,2,0.13,3308.79,0.3187094003,3308.79,increase,5.6117,0.0928070677,-0.006341,-0.002707,0,0,0,INV-2026-11-004,2026-11-26T10:00:00,Expansion,3308.79,Feature_Upgrade,1,"[""INV-2026-11-004""]","[""2026-11-26T10:00:00""]","[""Expansion""]",[3308.79],"[""Feature_Upgrade""]",3308.79,0,3308.79,0,0,3308.79,0,0,0,0,0,0,1,0,0,0,0,0,INV-2026-11-004,2026-11-26T10:00:00,Expansion,3308.79,Feature_Upgrade,3308.79,0,Expansion,Feature_Upgrade,3308.79,1,,,0,0,Expansion,positive,stable,stable,stable,stable,True,False,False,False,False,False,0.3943445717,3,True,3308.79,0.0487790316,8983.16,0.1324320507,2272.13,0.0334963237,51964.84,0.7660790108,9780.0766666667,601.7633333333,0.0701637994,1805.29,0,2707.0266666667,unusual_increase,False,,"Expansion +3,308.7900","1 transactions; largest INV-2026-11-004 +3,308.7900 (Feature_Upgrade)"
ACC-0024,23,SMB,Healthcare,Multi-Year,0.1719,decline,47.4404,-0.050576,0.188524,0.022302,3,0.5,0,896.1,896.1,22,1040.28,43.6712,0.170722,0.022042,2,0.1719,-144.18,-0.1385973007,144.18,decrease,3.7692,0.086308597,0.017802,0.00026,1,0.5,0,CR-2026-11-002,2026-11-16T10:00:00,Contraction,-129.79,Contract_Downgrade,2,"[""CR-2026-11-002"", ""CR-2026-11-003""]","[""2026-11-16T10:00:00"", ""2026-11-26T10:00:00""]","[""Contraction"", ""Refund""]","[-129.79, -14.39]","[""Contract_Downgrade"", ""Billing_Adjustment""]",-144.18,0,0,-144.18,0,0,-129.79,0,0,-14.39,0,0,0,0.9001942017,0,0,0.0998057983,0,CR-2026-11-002,2026-11-16T10:00:00,Contraction,-129.79,Contract_Downgrade,0,-129.79,Contraction,Contract_Downgrade,-129.79,0.9001942017,Refund,Billing_Adjustment,-14.39,0.0998057983,Contraction,negative,positive,stable,stable,stable,True,True,False,False,False,False,0.1541369656,15,False,-144.18,-0.0021255386,70.4,0.0010378549,264.27,0.0038959362,51964.84,0.7660790108,1040.28,0,0,0,0,-144.18,normal,False,,Contraction -129.7900; Refund -14.3900,2 transactions; largest CR-2026-11-002 -129.7900 (Contract_Downgrade)
ACC-0025,23,Mid-Market,Real Estate,Monthly,0.1871,stable,99.3515,0.00489,0.103731,0.023757,1,0,0,12046.91,15683.35,22,12046.91,94.3817,0.084458,0.020261,1,0.1871,0,0,0,increase,4.9698,0.0526563942,0.019273,0.003496,0,0,0,,,,0,,0,[],[],[],[],[],0,0,0,0,0,0,0,0,0,0,0,0,0,0,0,0,0,0,,,,0,,0,0,,,0,0,,,0,0,No_Change,stable,positive,stable,stable,stable,False,True,False,False,False,False,0,30,False,0,0,8983.16,0.1324320507,586.5,0.0086463336,14703.8,0.2167671941,12585.9933333333,-539.0833333333,-0.0394523581,0,-1617.25,539.0833333333,normal,False,,No driver activity this period.,0 transactions
ACC-0026,23,SMB,Healthcare,Annual,0.0709,growth,26.0846,0.107262,0.078032,0.019181,1,0,0,2868.28,2868.28,22,2645.41,26.6868,0.066814,0.014861,1,0.0709,222.87,0.0842478104,222.87,increase,-0.6022,-0.0225654631,0.011218,0.00432,0,0,0,INV-2026-11-005,2026-11-24T10:00:00,Expansion,222.87,Feature_Upgrade,1,"[""INV-2026-11-005""]","[""2026-11-24T10:00:00""]","[""Expansion""]",[222.87],"[""Feature_Upgrade""]",222.87,0,222.87,0,0,222.87,0,0,0,0,0,0,1,0,0,0,0,0,INV-2026-11-005,2026-11-24T10:00:00,Expansion,222.87,Feature_Upgrade,222.87,0,Expansion,Feature_Upgrade,222.87,1,,,0,0,Expansion,positive,positive,stable,stable,stable,True,True,False,False,False,False,0.095506099,20,False,222.87,0.0032856068,70.4,0.0010378549,264.27,0.0038959362,1163.58,0.0171537951,2348.7633333333,148.3233333333,0.0674062157,444.97,0,74.5466666667,normal,False,,Expansion +222.8700,1 transactions; largest INV-2026-11-005 +222.8700 (Feature_Upgrade)
ACC-0027,23,Mid-Market,Healthcare,Monthly,0.1456,stable,73.8661,0.060557,0.105709,0.075757,2,0,0,4666.07,4666.07,22,4666.07,72.082,0.114188,0.012123,2,0.1456,0,0,0,increase,1.7841,0.0247509781,-0.008479,0.063634,0,0,0,,,,0,,0,[],[],[],[],[],0,0,0,0,0,0,0,0,0,0,0,0,0,0,0,0,0,0,,,,0,,0,0,,,0,0,,,0,0,No_Change,positive,stable,negative,stable,stable,True,False,True,False,False,False,0,31,False,0,0,8983.16,0.1324320507,264.27,0.0038959362,14703.8,0.2167671941,4420.19,166.7466666667,0.0388998426,262.84,0,-166.7466666667,normal,False,,No driver activity this period.,0 transactions
ACC-0028,23,SMB,Education,Monthly,0.0925,stable,30.7398,0.041833,0.106638,0.017439,2,0,0,2949,2949,22,2949,32.149,0.112285,0.012631,2,0.0925,0,0,0,increase,-1.4092,-0.0438334007,-0.005647,0.004808,0,0,0,,,,0,,0,[],[],[],[],[],0,0,0,0,0,0,0,0,0,0,0,0,0,0,0,0,0,0,,,,0,,0,0,,,0,0,,,0,0,No_Change,positive,stable,stable,stable,stable,True,False,False,False,False,False,0,32,False,0,0,70.4,0.0010378549,2272.13,0.0334963237,14703.8,0.2167671941,2695.71,253.29,0.1157034987,759.87,0,-253.29,normal,False,,No driver activity this period.,0 transactions
ACC-0029,23,SMB,Real Estate,Annual,0.1938,stable,35.2778,-0.051009,0.11807,0.01869,3,-0.25,0,1857.55,0,22,1857.55,34.0692,0.107728,0.015089,4,0.1938,0,0,0,increase,1.2086,0.0354748571,0.010342,0.003601,-1,-0.25,0,,,,0,,0,[],[],[],[],[],0,0,0,0,0,0,0,0,0,0,0,0,0,0,0,0,0,0,,,,0,,0,0,,,0,0,,,0,0,No_Change,negative,positive,stable,stable,stable,True,True,False,False,False,False,0,33,False,0,0,70.4,0.0010378549,586.5,0.0086463336,1163.58,0.0171537951,1857.55,0,0,0,0,0,normal,False,,No driver activity this period.,0 transactions
ACC-0031,23,Mid-Market,Logistics,Monthly,0.1915,decline,35.5573,0.096888,0.083623,0.017065,4,3,0,6909.29,6909.29,22,7591.44,32.1103,0.082357,0.018891,1,0.1915,-682.15,-0.0898577872,682.15,decrease,3.447,0.1073487323,0.001266,-0.001826,3,3,0,CR-2026-11-004,2026-11-08T10:00:00,Contraction,-546.79,Contract_Downgrade,2,"[""CR-2026-11-004"", ""CR-2026-11-005""]","[""2026-11-08T10:00:00"", ""2026-11-18T10:00:00""]","[""Contraction"", ""Refund""]","[-546.79, -135.36]","[""Contract_Downgrade"", ""Billing_Adjustment""]",-682.15,0,0,-682.15,0,0,-546.79,0,0,-135.36,0,0,0,0.80156857,0,0,0.19843143,0,CR-2026-11-004,2026-11-08T10:00:00,Contraction,-546.79,Contract_Downgrade,0,-546.79,Contraction,Contract_Downgrade,-546.79,0.80156857,Refund,Billing_Adjustment,-135.36,0.19843143,Contraction,positive,stable,stable,negative,stable,True,False,False,True,False,False,0.1078221522,17,False,-682.15,-0.0100564304,8983.16,0.1324320507,13226.87,0.1949939129,14703.8,0.2167671941,5935.25,1052.16,0.2055600934,1812.09,0,-1734.31,normal,False,,Contraction -546.7900; Refund -135.3600,2 transactions; largest CR-2026-11-004 -546.7900 (Contract_Downgrade)
ACC-0032,23,SMB,Fintech,Annual,0.1084,decline,29.9886,-0.041665,0.13414,0.01781,6,2,0,222.93,222.93,22,309.27,27.6622,0.12925,0.023247,2,0.1084,-86.34,-0.2791735377,86.34,decrease,2.3264,0.0841003246,0.00489,-0.005437,4,2,0,CR-2026-11-006,2026-11-16T10:00:00,Contraction,-74.74,Contract_Downgrade,2,"[""CR-2026-11-006"", ""CR-2026-11-007""]","[""2026-11-16T10:00:00"", ""2026-11-26T10:00:00""]","[""Contraction"", ""Refund""]","[-74.74, -11.6]","[""Contract_Downgrade"", ""Billing_Adjustment""]",-86.34,0,0,-86.34,0,0,-74.74,0,0,-11.6,0,0,0,0.8656474404,0,0,0.1343525596,0,CR-2026-11-006,2026-11-16T10:00:00,Contraction,-74.74,Contract_Downgrade,0,-74.74,Contraction,Contract_Downgrade,-74.74,0.8656474404,Refund,Billing_Adjustment,-11.6,0.1343525596,Contraction,negative,stable,stable,negative,stable,True,False,False,True,False,False,0.3077396754,5,True,-86.34,-0.0012728464,70.4,0.0010378549,-86.34,-0.0012728464,1163.58,0.0171537951,309.27,-33.68,-0.0820842777,0,-101.04,-52.66,normal,False,,Contraction -74.7400; Refund -11.6000,2 transactions; largest CR-2026-11-006 -74.7400 (Contract_Downgrade)
ACC-0033,23,Mid-Market,Real Estate,Monthly,0.1922,growth,63.6658,0.049855,0.1107,0.01188,1,-0.5,0,5109.9,5394.22,22,4476.85,62.242,0.094996,0.015439,2,0.1922,633.05,0.1414052291,633.05,increase,1.4238,0.0228752289,0.015704,-0.003559,-1,-0.5,0,INV-2026-11-006,2026-11-21T10:00:00,Expansion,633.05,Plan_Upgrade,1,"[""INV-2026-11-006""]","[""2026-11-21T10:00:00""]","[""Expansion""]",[633.05],"[""Plan_Upgrade""]",633.05,0,633.05,0,0,633.05,0,0,0,0,0,0,1,0,0,0,0,0,INV-2026-11-006,2026-11-21T10:00:00,Expansion,633.05,Plan_Upgrade,633.05,0,Expansion,Plan_Upgrade,633.05,1,,,0,0,Expansion,positive,positive,stable,stable,stable,True,True,False,False,False,False,0.1637724345,12,False,633.05,0.0093325856,8983.16,0.1324320507,586.5,0.0086463336,14703.8,0.2167671941,4345.6833333333,131.1666666667,0.0321223179,393.5,0,501.8833333333,unusual_increase,False,,Expansion +633.0500,1 transactions; largest INV-2026-11-006 +633.0500 (Plan_Upgrade)
ACC-0034,23,Mid-Market,Manufacturing,Monthly,0.1883,growth,153.3689,0.013264,0.150601,0.013663,3,2,0,15965.57,18727.78,22,12118.97,147.9339,0.130843,0.010422,1,0.1883,3846.6,0.3174032117,3846.6,increase,5.435,0.0367393816,0.019758,0.003241,2,2,0,INV-2026-11-007,2026-11-13T10:00:00,Expansion,3846.6,Feature_Upgrade,1,"[""INV-2026-11-007""]","[""2026-11-13T10:00:00""]","[""Expansion""]",[3846.6],"[""Feature_Upgrade""]",3846.6,0,3846.6,0,0,3846.6,0,0,0,0,0,0,1,0,0,0,0,0,INV-2026-11-007,2026-11-13T10:00:00,Expansion,3846.6,Feature_Upgrade,3846.6,0,Expansion,Feature_Upgrade,3846.6,1,,,0,0,Expansion,stable,positive,stable,negative,stable,False,True,False,True,False,False,0.4001178996,2,True,3846.6,0.0567075646,8983.16,0.1324320507,3846.6,0.0567075646,14703.8,0.2167671941,12118.97,0,0,0,0,3846.6,normal,False,,"Expansion +3,846.6000","1 transactions; largest INV-2026-11-007 +3,846.6000 (Feature_Upgrade)"
ACC-0035,23,SMB,Technology,Annual,0.0633,stable,21.6403,0.107778,0.120661,0.023547,2,0,1,1155.81,1155.81,22,1155.81,21.8694,0.11912,0.084087,2,0.0633,0,0,0,increase,-0.2291,-0.0104758247,0.001541,-0.06054,0,0,0,,,,0,,0,[],[],[],[],[],0,0,0,0,0,0,0,0,0,0,0,0,0,0,0,0,0,0,,,,0,,0,0,,,0,0,,,0,0,No_Change,positive,stable,positive,stable,negative,True,False,False,False,True,False,0,34,False,0,0,70.4,0.0010378549,-36.97,-0.0005450212,1163.58,0.0171537951,1155.81,0,0,0,0,0,normal,False,,No driver activity this period.,0 transactions
ACC-0037,23,SMB,Technology,Multi-Year,0.1992,stable,44.1412,0.005929,0.149641,0.013166,1,-0.5,0,874.75,907.68,22,874.75,40.4864,0.149401,0.011249,2,0.1992,0,0,0,increase,3.6548,0.090272289,0.00024,0.001917,-1,-0.5,0,,,,0,,0,[],[],[],[],[],0,0,0,0,0,0,0,0,0,0,0,0,0,0,0,0,0,0,,,,0,,0,0,,,0,0,,,0,0,No_Change,stable,stable,stable,stable,stable,False,False,False,False,False,False,0,35,False,0,0,70.4,0.0010378549,-36.97,-0.0005450212,51964.84,0.7660790108,874.75,0,0,0,0,0,normal,False,,No driver activity this period.,0 transactions
ACC-0038,23,SMB,Energy,Multi-Year,0.1759,stable,26.2654,0.148669,0.137439,0.019064,1,-0.5,0,584.83,584.83,22,584.83,24.3662,0.12055,0.01181,2,0.1759,0,0,0,increase,1.8992,0.0779440372,0.016889,0.007254,-1,-0.5,0,,,,0,,0,[],[],[],[],[],0,0,0,0,0,0,0,0,0,0,0,0,0,0,0,0,0,0,,,,0,,0,0,,,0,0,,,0,0,No_Change,positive,positive,stable,stable,stable,True,True,False,False,False,False,0,36,False,0,0,70.4,0.0010378549,-3078.12,-0.0453784352,51964.84,0.7660790108,605.5666666667,-20.7366666667,-0.0320485081,0,-62.21,20.7366666667,normal,False,,No driver activity this period.,0 transactions
ACC-0039,23,Mid-Market,Technology,Multi-Year,0.1614,stable,120.8584,0.126014,0.057716,0.019156,1,0,0,11864.51,11864.51,22,11864.51,120.6625,0.057392,0.017797,1,0.1614,0,0,0,increase,0.1959,0.0016235367,0.000324,0.001359,0,0,0,,,,0,,0,[],[],[],[],[],0,0,0,0,0,0,0,0,0,0,0,0,0,0,0,0,0,0,,,,0,,0,0,,,0,0,,,0,0,No_Change,positive,stable,stable,stable,stable,True,False,False,False,False,False,0,37,False,0,0,8983.16,0.1324320507,-36.97,-0.0005450212,51964.84,0.7660790108,11525.77,338.74,0.0312251977,1016.22,0,-338.74,normal,False,,No driver activity this period.,0 transactions
ACC-0040,23,SMB,Healthcare,Multi-Year,0.0269,stable,34.8795,0.08177,0.177586,0.013052,2,0,0,4193.27,4193.27,22,4193.27,34.7472,0.175384,0.010279,2,0.0269,0,0,0,increase,0.1323,0.003807501,0.002202,0.002773,0,0,0,,,,0,,0,[],[],[],[],[],0,0,0,0,0,0,0,0,0,0,0,0,0,0,0,0,0,0,,,,0,,0,0,,,0,0,,,0,0,No_Change,positive,stable,stable,stable,stable,True,False,False,False,False,False,0,38,False,0,0,70.4,0.0010378549,264.27,0.0038959362,51964.84,0.7660790108,4193.27,173.8433333333,0.0473463081,521.53,0,-173.8433333333,normal,False,,No driver activity this period.,0 transactions
ACC-0042,23,SMB,Education,Annual,0.0088,decline,30.2873,-0.039876,0.032893,0.019764,6,-0.3333333333,0,1085.2,1008.65,22,1307.34,29.6304,0.03005,0.010783,9,0.0088,-222.14,-0.1699175425,222.14,decrease,0.6569,0.0221697986,0.002843,0.008981,-3,-0.3333333333,0,CR-2026-11-008,2026-11-14T10:00:00,Contraction,-222.14,Contract_Downgrade,1,"[""CR-2026-11-008""]","[""2026-11-14T10:00:00""]","[""Contraction""]",[-222.14],"[""Contract_Downgrade""]",-222.14,0,0,-222.14,0,0,-222.14,0,0,0,0,0,0,1,0,0,0,0,CR-2026-11-008,2026-11-14T10:00:00,Contraction,-222.14,Contract_Downgrade,0,-222.14,Contraction,Contract_Downgrade,-222.14,1,,,0,0,Contraction,negative,stable,stable,positive,stable,True,False,False,False,False,False,0.1895770242,9,False,-222.14,-0.0032748449,70.4,0.0010378549,2272.13,0.0334963237,1163.58,0.0171537951,1307.34,0,0,0,0,-222.14,normal,False,,Contraction -222.1400,1 transactions; largest CR-2026-11-008 -222.1400 (Contract_Downgrade)
ACC-0044,23,Mid-Market,Energy,Annual,0.0296,stable,58.053,0.141337,0.104604,0.01484,2,0,0,18174.31,18174.31,22,18174.31,54.9849,0.113283,0.012882,2,0.0296,0,0,0,increase,3.0681,0.0557989557,-0.008679,0.001958,0,0,0,,,,0,,0,[],[],[],[],[],0,0,0,0,0,0,0,0,0,0,0,0,0,0,0,0,0,0,,,,0,,0,0,,,0,0,,,0,0,No_Change,positive,stable,stable,stable,stable,True,False,False,False,False,False,0,39,False,0,0,8983.16,0.1324320507,-3078.12,-0.0453784352,1163.58,0.0171537951,18174.31,1217.11,0.0838058029,3651.33,0,-1217.11,normal,False,,No driver activity this period.,0 transactions
ACC-0045,23,Enterprise,Manufacturing,Annual,0.1334,stable,863.0696,0.064989,0.125267,0.011079,1,0,0,106292.14,0,22,106292.14,861.8241,0.121659,0.016411,1,0.1334,0,0,0,increase,1.2455,0.0014451905,0.003608,-0.005332,0,0,0,,,,0,,0,[],[],[],[],[],0,0,0,0,0,0,0,0,0,0,0,0,0,0,0,0,0,0,,,,0,,0,0,,,0,0,,,0,0,No_Change,positive,stable,stable,stable,stable,True,False,False,False,False,False,0,40,False,0,0,58778.66,0.8665300944,3846.6,0.0567075646,1163.58,0.0171537951,106292.14,0,0,0,0,0,normal,False,,No driver activity this period.,0 transactions
ACC-0046,23,Enterprise,Retail,Multi-Year,0.0473,growth,702.1187,0.098183,0.164506,0.019989,2,1,0,261567,261567,22,213066.96,681.3914,0.163001,0.01811,1,0.0473,48500.04,0.2276281597,48500.04,increase,20.7273,0.0304190807,0.001505,0.001879,1,1,0,INV-2026-11-008,2026-11-07T10:00:00,Expansion,38451.77,Plan_Upgrade,2,"[""INV-2026-11-008"", ""INV-2026-11-009""]","[""2026-11-07T10:00:00"", ""2026-11-12T10:00:00""]","[""Expansion"", ""Usage_Overage""]","[38451.77, 10048.27]","[""Plan_Upgrade"", ""Usage_Above_Commit""]",48500.04,0,48500.04,0,0,38451.77,0,0,0,0,10048.27,0,0.7928193461,0,0,0,0,0.2071806539,INV-2026-11-008,2026-11-07T10:00:00,Expansion,38451.77,Plan_Upgrade,38451.77,0,Expansion,Plan_Upgrade,38451.77,0.7928193461,Usage_Overage,Usage_Above_Commit,10048.27,0.2071806539,Expansion,positive,stable,stable,stable,stable,True,False,False,False,False,False,0.8999764859,1,True,48500.04,0.7150000398,58778.66,0.8665300944,48500.04,0.7150000398,51964.84,0.7660790108,180312.1266666667,16377.4166666667,0.0999020687,49132.25,0,32122.6233333333,unusual_increase,False,,"Expansion +38,451.7700; Usage_Overage +10,048.2700","2 transactions; largest INV-2026-11-008 +38,451.7700 (Plan_Upgrade)"
ACC-0048,23,SMB,Fintech,Multi-Year,0.0445,stable,11.7569,-0.046574,0.12751,0.01176,2,0,0,895.95,895.95,22,895.95,9.195,0.114904,0.083046,2,0.0445,0,0,0,increase,2.5619,0.2786188146,0.012606,-0.071286,0,0,0,,,,0,,0,[],[],[],[],[],0,0,0,0,0,0,0,0,0,0,0,0,0,0,0,0,0,0,,,,0,,0,0,,,0,0,,,0,0,No_Change,negative,positive,positive,stable,stable,True,True,False,False,False,False,0,41,False,0,0,70.4,0.0010378549,-86.34,-0.0012728464,51964.84,0.7660790108,895.95,0,0,0,0,0,normal,False,,No driver activity this period.,0 transactions
ACC-0049,23,SMB,Manufacturing,Monthly,0.0557,stable,31.2175,0.116265,0.141495,0.010604,2,0,0,1175.12,1175.12,22,1175.12,30.7029,0.125379,0.014042,2,0.0557,0,0,0,increase,0.5146,0.0167606317,0.016116,-0.003438,0,0,0,,,,0,,0,[],[],[],[],[],0,0,0,0,0,0,0,0,0,0,0,0,0,0,0,0,0,0,,,,0,,0,0,,,0,0,,,0,0,No_Change,positive,positive,stable,stable,stable,True,True,False,False,False,False,0,42,False,0,0,70.4,0.0010378549,3846.6,0.0567075646,14703.8,0.2167671941,1115.6233333333,59.4966666667,0.0596978484,178.49,0,-59.4966666667,normal,False,,No driver activity this period.,0 transactions
ACC-0051,23,SMB,Technology,Monthly,0.1457,stable,32.3428,0.044152,0.164285,0.014652,2,0,0,3158.01,3719.88,22,3158.01,30.3552,0.145984,0.01553,2,0.1457,0,0,0,increase,1.9876,0.0654780729,0.018301,-0.000878,0,0,0,,,,0,,0,[],[],[],[],[],0,0,0,0,0,0,0,0,0,0,0,0,0,0,0,0,0,0,,,,0,,0,0,,,0,0,,,0,0,No_Change,positive,positive,stable,stable,stable,True,True,False,False,False,False,0,43,False,0,0,70.4,0.0010378549,-36.97,-0.0005450212,14703.8,0.2167671941,3498.35,-340.34,-0.0814399514,0,-1021.02,340.34,normal,False,,No driver activity this period.,0 transactions
ACC-0052,23,SMB,Technology,Monthly,0.0089,stable,38.2722,-0.030974,0.099011,0.013452,2,-0.5,0,1920.82,1920.82,22,1920.82,36.4269,0.092849,0.016209,4,0.0089,0,0,0,increase,1.8453,0.0506576184,0.006162,-0.002757,-2,-0.5,0,,,,0,,0,[],[],[],[],[],0,0,0,0,0,0,0,0,0,0,0,0,0,0,0,0,0,0,,,,0,,0,0,,,0,0,,,0,0,No_Change,negative,stable,stable,positive,stable,True,False,False,False,False,False,0,44,False,0,0,70.4,0.0010378549,-36.97,-0.0005450212,14703.8,0.2167671941,2096.6766666667,-175.8566666667,-0.0718254309,0,-527.57,175.8566666667,normal,False,,No driver activity this period.,0 transactions
ACC-0053,23,Mid-Market,Manufacturing,Monthly,0.014,stable,107.8082,0.076793,0.048748,0.02336,2,0,0,25836.88,25836.88,22,25836.88,107.435,0.047939,0.017524,2,0.014,0,0,0,increase,0.3732,0.0034737283,0.000809,0.005836,0,0,0,,,,0,,0,[],[],[],[],[],0,0,0,0,0,0,0,0,0,0,0,0,0,0,0,0,0,0,,,,0,,0,0,,,0,0,,,0,0,No_Change,positive,stable,stable,stable,stable,True,False,False,False,False,False,0,45,False,0,0,8983.16,0.1324320507,3846.6,0.0567075646,14703.8,0.2167671941,22321.6466666667,2613.0033333333,0.1329975443,5272.85,0,-2613.0033333333,normal,False,,No driver activity this period.,0 transactions
ACC-0054,23,Mid-Market,Logistics,Annual,0.1334,growth,149.7167,0.034359,0.103742,0.024286,2,0,0,21384.16,21384.16,22,19168.53,143.5865,0.108759,0.02415,2,0.1334,2215.63,0.1155868499,2215.63,increase,6.1302,0.0426934287,-0.005017,0.000136,0,0,0,INV-2026-11-010,2026-11-22T10:00:00,Expansion,2215.63,Seat_Add,1,"[""INV-2026-11-010""]","[""2026-11-22T10:00:00""]","[""Expansion""]",[2215.63],"[""Seat_Add""]",2215.63,0,2215.63,0,0,2215.63,0,0,0,0,0,0,1,0,0,0,0,0,INV-2026-11-010,2026-11-22T10:00:00,Expansion,2215.63,Seat_Add,2215.63,0,Expansion,Seat_Add,2215.63,1,,,0,0,Expansion,positive,stable,stable,stable,stable,True,False,False,False,False,False,0.1566290478,14,False,2215.63,0.0326633862,8983.16,0.1324320507,13226.87,0.1949939129,1163.58,0.0171537951,20711.8133333333,-480,-0.0132539198,3189.85,-4629.85,2695.63,normal,False,,"Expansion +2,215.6300","1 transactions; largest INV-2026-11-010 +2,215.6300 (Seat_Add)"
ACC-0055,23,SMB,Education,Annual,0.0758,stable,40.3219,0.117668,0.12457,0.020831,1,0,0,924.09,924.09,22,924.09,36.7698,0.116942,0.012896,1,0.0758,0,0,0,increase,3.5521,0.0966037346,0.007628,0.007935,0,0,0,,,,0,,0,[],[],[],[],[],0,0,0,0,0,0,0,0,0,0,0,0,0,0,0,0,0,0,,,,0,,0,0,,,0,0,,,0,0,No_Change,positive,stable,stable,stable,stable,True,False,False,False,False,False,0,46,False,0,0,70.4,0.0010378549,2272.13,0.0334963237,1163.58,0.0171537951,1012.6866666667,-88.5966666667,-0.0744584888,0,-265.79,88.5966666667,normal,False,,No driver activity this period.,0 transactions
ACC-0056,23,Enterprise,Logistics,Monthly,0.086,growth,612.6422,0.078491,0.111464,0.01313,2,0,0,132745.08,132745.08,22,122466.46,595.2711,0.096908,0.015295,2,0.086,10278.62,0.0839300818,10278.62,increase,17.3711,0.0291818299,0.014556,-0.002165,0,0,0,INV-2026-11-011,2026-11-09T10:00:00,Expansion,8989.65,Feature_Upgrade,2,"[""INV-2026-11-011"", ""INV-2026-11-012""]","[""2026-11-09T10:00:00"", ""2026-11-14T10:00:00""]","[""Expansion"", ""Usage_Overage""]","[8989.65, 1288.97]","[""Feature_Upgrade"", ""Usage_Above_Commit""]",10278.62,0,10278.62,0,0,8989.65,0,0,0,0,1288.97,0,0.874596979,0,0,0,0,0.125403021,INV-2026-11-011,2026-11-09T10:00:00,Expansion,8989.65,Feature_Upgrade,8989.65,0,Expansion,Feature_Upgrade,8989.65,0.874596979,Usage_Overage,Usage_Above_Commit,1288.97,0.125403021,Expansion,positive,positive,stable,stable,stable,True,True,False,False,False,False,0.2299248484,7,False,10278.62,0.1515300546,58778.66,0.8665300944,13226.87,0.1949939129,14703.8,0.2167671941,117271.9566666667,5194.5033333333,0.0485999248,15583.51,0,5084.1166666666,unusual_increase,False,,"Expansion +8,989.6500; Usage_Overage +1,288.9700","2 transactions; largest INV-2026-11-011 +8,989.6500 (Feature_Upgrade)"
ACC-0057,23,SMB,Media,Annual,0.192,stable,20.1219,-0.027442,0.149151,0.017098,3,-0.25,0,748.59,748.59,22,748.59,20.7448,0.141595,0.01753,4,0.192,0,0,0,increase,-0.6229,-0.0300268019,0.007556,-0.000432,-1,-0.25,0,,,,0,,0,[],[],[],[],[],0,0,0,0,0,0,0,0,0,0,0,0,0,0,0,0,0,0,,,,0,,0,0,,,0,0,,,0,0,No_Change,negative,stable,stable,stable,stable,True,False,False,False,False,False,0,47,False,0,0,70.4,0.0010378549,2337.24,0.0344561921,1163.58,0.0171537951,748.59,0,0,0,0,0,normal,False,,No driver activity this period.,0 transactions
ACC-0058,23,Mid-Market,Energy,Monthly,0.1904,decline,89.8454,0.109797,0.084147,0.013757,3,0.5,0,11436.42,11436.42,22,14851.7,90.9764,0.064947,0.017146,2,0.1904,-3415.28,-0.2299588599,3415.28,decrease,-1.131,-0.0124317955,0.0192,-0.003389,1,0.5,0,CR-2026-11-009,2026-11-26T10:00:00,Contraction,-3415.28,Contract_Downgrade,1,"[""CR-2026-11-009""]","[""2026-11-26T10:00:00""]","[""Contraction""]",[-3415.28],"[""Contract_Downgrade""]",-3415.28,0,0,-3415.28,0,0,-3415.28,0,0,0,0,0,0,1,0,0,0,0,CR-2026-11-009,2026-11-26T10:00:00,Contraction,-3415.28,Contract_Downgrade,0,-3415.28,Contraction,Contract_Downgrade,-3415.28,1,,,0,0,Contraction,positive,positive,stable,stable,stable,True,True,False,False,False,False,0.2983077682,6,False,-3415.28,-0.0503489345,8983.16,0.1324320507,-3078.12,-0.0453784352,14703.8,0.2167671941,14207.06,1238.4066666667,0.1054739585,2748.26,0,-4653.6866666667,unusual_decrease,False,,"Contraction -3,415.2800","1 transactions; largest CR-2026-11-009 -3,415.2800 (Contract_Downgrade)"
ACC-0060,23,Mid-Market,Education,Monthly,0.0488,decline,125.9594,0.115562,0.203465,0.024364,4,3,0,6287.63,6287.63,22,7102.15,123.6251,0.192673,0.017805,1,0.0488,-814.52,-0.1146863978,814.52,decrease,2.3343,0.0188820879,0.010792,0.006559,3,3,0,CR-2026-11-010,2026-11-08T10:00:00,Contraction,-700.38,Seat_Reduction,2,"[""CR-2026-11-010"", ""CR-2026-11-011""]","[""2026-11-08T10:00:00"", ""2026-11-18T10:00:00""]","[""Contraction"", ""Refund""]","[-700.38, -114.14]","[""Seat_Reduction"", ""Billing_Adjustment""]",-814.52,0,0,-814.52,0,0,-700.38,0,0,-114.14,0,0,0,0.8598683887,0,0,0.1401316113,0,CR-2026-11-010,2026-11-08T10:00:00,Contraction,-700.38,Seat_Reduction,0,-700.38,Contraction,Seat_Reduction,-700.38,0.8598683887,Refund,Billing_Adjustment,-114.14,0.1401316113,Contraction,positive,positive,stable,negative,stable,True,True,False,True,False,False,0.1368624427,16,False,-814.52,-0.0120078629,8983.16,0.1324320507,2272.13,0.0334963237,14703.8,0.2167671941,7102.15,438.5533333333,0.0757891802,1315.66,0,-1253.0733333333,unusual_decrease,False,,Contraction -700.3800; Refund -114.1400,2 transactions; largest CR-2026-11-010 -700.3800 (Seat_Reduction)
ACC-0061,23,SMB,Real Estate,Monthly,0.1115,stable,28.4138,0.116425,0.073721,0.016135,2,-0.3333333333,0,711.24,711.24,22,711.24,30.2111,0.075684,0.020572,3,0.1115,0,0,0,increase,-1.7973,-0.059491379,-0.001963,-0.004437,-1,-0.3333333333,0,,,,0,,0,[],[],[],[],[],0,0,0,0,0,0,0,0,0,0,0,0,0,0,0,0,0,0,,,,0,,0,0,,,0,0,,,0,0,No_Change,positive,stable,stable,stable,stable,True,False,False,False,False,False,0,48,False,0,0,70.4,0.0010378549,586.5,0.0086463336,14703.8,0.2167671941,711.24,0,0,0,0,0,normal,False,,No driver activity this period.,0 transactions
ACC-0062,23,Mid-Market,Real Estate,Annual,0.19,stable,35.2179,0.100167,0.091606,0.011634,2,-0.3333333333,0,14829.84,16324.34,22,14829.84,37.0437,0.07847,0.024897,3,0.19,0,0,0,increase,-1.8258,-0.0492877331,0.013136,-0.013263,-1,-0.3333333333,0,,,,0,,0,[],[],[],[],[],0,0,0,0,0,0,0,0,0,0,0,0,0,0,0,0,0,0,,,,0,,0,0,,,0,0,,,0,0,No_Change,positive,positive,positive,stable,stable,True,True,False,False,False,False,0,49,False,0,0,8983.16,0.1324320507,586.5,0.0086463336,1163.58,0.0171537951,12320.9466666667,1872.7133333333,0.1804728642,3763.34,0,-1872.7133333333,normal,False,,No driver activity this period.,0 transactions
ACC-0064,23,Mid-Market,Real Estate,Monthly,0.0478,growth,132.6765,-0.04823,0.123515,0.02008,2,0,0,15055.92,15055.92,22,13950.45,124.9597,0.113861,0.011242,2,0.0478,1105.47,0.0792426051,1105.47,increase,7.7168,0.0617543096,0.009654,0.008838,0,0,0,INV-2026-11-013,2026-11-05T10:00:00,Expansion,1105.47,Plan_Upgrade,1,"[""INV-2026-11-013""]","[""2026-11-05T10:00:00""]","[""Expansion""]",[1105.47],"[""Plan_Upgrade""]",1105.47,0,1105.47,0,0,1105.47,0,0,0,0,0,0,1,0,0,0,0,0,INV-2026-11-013,2026-11-05T10:00:00,Expansion,1105.47,Plan_Upgrade,1105.47,0,Expansion,Plan_Upgrade,1105.47,1,,,0,0,Expansion,negative,stable,stable,stable,stable,True,False,False,False,False,False,0.1018381372,18,False,1105.47,0.0162971225,8983.16,0.1324320507,586.5,0.0086463336,14703.8,0.2167671941,13106.7366666667,843.7133333333,0.0738847911,2531.14,0,261.7566666667,normal,False,,"Expansion +1,105.4700","1 transactions; largest INV-2026-11-013 +1,105.4700 (Plan_Upgrade)"
ACC-0065,23,SMB,Energy,Multi-Year,0.0161,growth,35.8589,0.023625,0.133308,0.014785,7,0.4,0,1492.35,1492.35,22,1155.19,36.067,0.117434,0.024378,5,0.0161,337.16,0.2918654074,337.16,increase,-0.2081,-0.0057698173,0.015874,-0.009593,2,0.4,0,INV-2026-11-014,2026-11-07T10:00:00,Expansion,337.16,Feature_Upgrade,1,"[""INV-2026-11-014""]","[""2026-11-07T10:00:00""]","[""Expansion""]",[337.16],"[""Feature_Upgrade""]",337.16,0,337.16,0,0,337.16,0,0,0,0,0,0,1,0,0,0,0,0,INV-2026-11-014,2026-11-07T10:00:00,Expansion,337.16,Feature_Upgrade,337.16,0,Expansion,Feature_Upgrade,337.16,1,,,0,0,Expansion,positive,positive,stable,negative,stable,True,True,False,True,False,False,0.3250391238,4,True,337.16,0.0049704993,70.4,0.0010378549,-3078.12,-0.0453784352,51964.84,0.7660790108,1081.5,99.5866666667,0.1167221599,241.49,-106.53,237.5733333333,unusual_increase,False,,Expansion +337.1600,1 transactions; largest INV-2026-11-014 +337.1600 (Feature_Upgrade)
ACC-0066,23,Mid-Market,Healthcare,Monthly,0.0662,stable,27.595,-0.001861,0.057967,0.016215,4,1,0,7726.24,7726.24,22,7726.24,24.8476,0.059787,0.014122,2,0.0662,0,0,0,increase,2.7474,0.1105700349,-0.00182,0.002093,2,1,0,,,,0,,0,[],[],[],[],[],0,0,0,0,0,0,0,0,0,0,0,0,0,0,0,0,0,0,,,,0,,0,0,,,0,0,,,0,0,No_Change,stable,stable,stable,negative,stable,False,False,False,True,False,False,0,50,False,0,0,8983.16,0.1324320507,264.27,0.0038959362,14703.8,0.2167671941,7172.2966666667,886.7033333333,0.1570265914,1661.83,0,-886.7033333333,normal,False,,No driver activity this period.,0 transactions
ACC-0067,23,SMB,Technology,Multi-Year,0.0039,decline,21.1946,0.036131,0.10665,0.013676,1,0,0,219.01,219.01,22,255.98,21.5752,0.089817,0.01767,1,0.0039,-36.97,-0.1444253457,36.97,decrease,-0.3806,-0.0176406244,0.016833,-0.003994,0,0,0,CR-2026-11-012,2026-11-07T10:00:00,Contraction,-36.97,Contract_Downgrade,1,"[""CR-2026-11-012""]","[""2026-11-07T10:00:00""]","[""Contraction""]",[-36.97],"[""Contract_Downgrade""]",-36.97,0,0,-36.97,0,0,-36.97,0,0,0,0,0,0,1,0,0,0,0,CR-2026-11-012,2026-11-07T10:00:00,Contraction,-36.97,Contract_Downgrade,0,-36.97,Contraction,Contract_Downgrade,-36.97,1,,,0,0,Contraction,positive,positive,stable,stable,stable,True,True,False,False,False,False,0.1591003689,13,False,-36.97,-0.0005450212,70.4,0.0010378549,-36.97,-0.0005450212,51964.84,0.7660790108,255.98,5.44,0.0226988233,16.32,0,-42.41,unusual_decrease,False,,Contraction -36.9700,1 transactions; largest CR-2026-11-012 -36.9700 (Contract_Downgrade)
ACC-0068,23,SMB,Education,Multi-Year,0.1907,stable,14.235,0.128398,0.081059,0.021839,1,0,1,2285.07,2427.29,22,2285.07,14.0699,0.08433,0.023062,1,0.1907,0,0,0,increase,0.1651,0.0117342696,-0.003271,-0.001223,0,0,0,,,,0,,0,[],[],[],[],[],0,0,0,0,0,0,0,0,0,0,0,0,0,0,0,0,0,0,,,,0,,0,0,,,0,0,,,0,0,No_Change,positive,stable,stable,stable,negative,True,False,False,False,True,False,0,51,False,0,0,70.4,0.0010378549,2272.13,0.0334963237,51964.84,0.7660790108,2285.07,0,0,0,0,0,normal,False,,No driver activity this period.,0 transactions
ACC-0069,23,Mid-Market,Logistics,Monthly,0.0058,growth,153.7595,-0.006255,0.113932,0.022846,2,-0.5,0,9351.78,9351.78,22,7937.01,147.4172,0.117948,0.020565,4,0.0058,1414.77,0.1782497439,1414.77,increase,6.3423,0.0430227952,-0.004016,0.002281,-2,-0.5,0,INV-2026-11-015,2026-11-24T10:00:00,Expansion,1414.77,Feature_Upgrade,1,"[""INV-2026-11-015""]","[""2026-11-24T10:00:00""]","[""Expansion""]",[1414.77],"[""Feature_Upgrade""]",1414.77,0,1414.77,0,0,1414.77,0,0,0,0,0,0,1,0,0,0,0,0,INV-2026-11-015,2026-11-24T10:00:00,Expansion,1414.77,Feature_Upgrade,1414.77,0,Expansion,Feature_Upgrade,1414.77,1,,,0,0,Expansion,stable,stable,stable,positive,stable,False,False,False,False,False,False,0.2147109615,8,False,1414.77,0.0208569025,8983.16,0.1324320507,13226.87,0.1949939129,14703.8,0.2167671941,7937.01,336.3533333333,0.0485501964,1009.06,0,1078.4166666667,unusual_increase,False,,"Expansion +1,414.7700","1 transactions; largest INV-2026-11-015 +1,414.7700 (Feature_Upgrade)"
ACC-0070,23,Enterprise,Technology,Annual,0.1814,stable,789.8904,0.003233,0.197195,0.014919,1,0,0,680693.55,899743.7,22,680693.55,788.272,0.177566,0.013393,1,0.1814,0,0,0,increase,1.6184,0.0020530984,0.019629,0.001526,0,0,0,,,,0,,0,[],[],[],[],[],0,0,0,0,0,0,0,0,0,0,0,0,0,0,0,0,0,0,,,,0,,0,0,,,0,0,,,0,0,No_Change,stable,positive,stable,stable,stable,False,True,False,False,False,False,0,52,False,0,0,58778.66,0.8665300944,-36.97,-0.0005450212,1163.58,0.0171537951,599561.73,40565.91,0.0725692546,121697.7300000001,0,-40565.91,normal,False,,No driver activity this period.,0 transactions
ACC-0001,24,Enterprise,Technology,Annual,0.049,stable,419.2907,-0.035656,0.229941,0.017777,5,4,0,93514.44,,23,93514.44,421.2826,0.21386,0.016822,1,0.049,0,0,0,increase,-1.9919,-0.0047281801,0.016081,0.000955,4,4,0,,,,0,,0,[],[],[],[],[],0,0,0,0,0,0,0,0,0,0,0,0,0,0,0,0,0,0,,,,0,,0,0,,,0,0,,,0,0,No_Change,negative,positive,stable,negative,stable,True,True,False,True,False,False,0,14,False,0,0,112758.0099999999,0.9267885749,219644.9499999999,1.8053212379,113507.2699999999,0.9329469454,93514.44,0,0,0,0,0,normal,False,,No driver activity this period.,0 transactions
ACC-0002,24,Enterprise,Healthcare,Annual,0.0064,stable,575.2729,0.01714,0.303816,0.011375,1,-0.5,0,63677.69,,23,63677.69,575.3417,0.28477,0.013542,2,0.0064,0,0,0,increase,-0.0688,-0.0001195811,0.019046,-0.002167,-1,-0.5,0,,,,0,,0,[],[],[],[],[],0,0,0,0,0,0,0,0,0,0,0,0,0,0,0,0,0,0,,,,0,,0,0,,,0,0,,,0,0,No_Change,stable,positive,stable,stable,stable,False,True,False,False,False,False,0,15,False,0,0,112758.0099999999,0.9267885749,0,0,113507.2699999999,0.9329469454,63677.69,0,0,0,0,0,normal,False,,No driver activity this period.,0 transactions
ACC-0003,24,Mid-Market,Real Estate,Monthly,0.13,growth,59.7448,-0.038411,0.186492,0.020217,3,-0.25,0,5866.39,,23,5128.35,55.6788,0.182573,0.022284,4,0.13,738.04,0.1439137344,738.04,increase,4.066,0.0730259991,0.003919,-0.002067,-1,-0.25,0,INV-2026-12-001,2026-12-09T10:00:00,Expansion,491.61,Plan_Upgrade,2,"[""INV-2026-12-001"", ""INV-2026-12-002""]","[""2026-12-09T10:00:00"", ""2026-12-14T10:00:00""]","[""Expansion"", ""Usage_Overage""]","[491.61, 246.43]","[""Plan_Upgrade"", ""Usage_Above_Commit""]",738.04,0,738.04,0,0,491.61,0,0,0,0,246.43,0,0.6661021083,0,0,0,0,0.3338978917,INV-2026-12-001,2026-12-09T10:00:00,Expansion,491.61,Plan_Upgrade,491.61,0,Expansion,Plan_Upgrade,491.61,0.6661021083,Usage_Overage,Usage_Above_Commit,246.43,0.3338978917,Mixed,negative,stable,stable,stable,stable,True,False,False,False,False,False,0.0525598352,8,False,738.04,0.0060661503,8915.51,0.0732789875,4295.75,0.0353079309,7982.88,0.0656134494,5128.35,0,0,0,0,738.04,normal,False,,Expansion +491.6100; Usage_Overage +246.4300,2 transactions; largest INV-2026-12-001 +491.6100 (Plan_Upgrade)
ACC-0004,24,SMB,Fintech,Annual,0.0319,growth,52.4598,0.040492,0.189225,0.015973,3,-0.25,0,5391.58,,23,4202.72,47.4971,0.172652,0.022456,4,0.0319,1188.86,0.2828787071,1188.86,increase,4.9627,0.1044842738,0.016573,-0.006483,-1,-0.25,0,INV-2026-12-003,2026-12-24T10:00:00,Expansion,1112.94,Feature_Upgrade,2,"[""INV-2026-12-003"", ""INV-2026-12-004""]","[""2026-12-24T10:00:00"", ""2026-12-29T10:00:00""]","[""Expansion"", ""Usage_Overage""]","[1112.94, 75.92]","[""Feature_Upgrade"", ""Usage_Above_Commit""]",1188.86,0,1188.86,0,0,1112.94,0,0,0,0,75.92,0,0.9361405043,0,0,0,0,0.0638594957,INV-2026-12-003,2026-12-24T10:00:00,Expansion,1112.94,Feature_Upgrade,1112.94,0,Expansion,Feature_Upgrade,1112.94,0.9361405043,Usage_Overage,Usage_Above_Commit,75.92,0.0638594957,Expansion,positive,positive,stable,stable,stable,True,True,False,False,False,False,0.1025353196,5,True,1188.86,0.0097715618,-8.22,-0.0000675624,1188.86,0.0097715618,113507.2699999999,0.9329469454,4202.72,0,0,0,0,1188.86,normal,False,,"Expansion +1,112.9400; Usage_Overage +75.9200","2 transactions; largest INV-2026-12-003 +1,112.9400 (Feature_Upgrade)"
ACC-0005,24,SMB,Energy,Monthly,0.076,stable,43.6439,0.05547,0.187315,0.018367,2,0,0,2494.47,,23,2494.47,44.7432,0.194415,0.011103,2,0.076,0,0,0,increase,-1.0993,-0.0245690965,-0.0071,0.007264,0,0,0,,,,0,,0,[],[],[],[],[],0,0,0,0,0,0,0,0,0,0,0,0,0,0,0,0,0,0,,,,0,,0,0,,,0,0,,,0,0,No_Change,positive,stable,stable,stable,stable,True,False,False,False,False,False,0,16,False,0,0,-8.22,-0.0000675624,0,0,7982.88,0.0656134494,2637.82,-143.35,-0.0490165908,0,-430.05,143.35,normal,False,,No driver activity this period.,0 transactions
ACC-0006,24,Mid-Market,Media,Annual,0.1946,stable,507.7559,0.050916,0.124588,0.012468,2,0,0,108517.59,,23,108517.59,503.9545,0.107502,0.023097,2,0.1946,0,0,0,increase,3.8014,0.0075431413,0.017086,-0.010629,0,0,0,,,,0,,0,[],[],[],[],[],0,0,0,0,0,0,0,0,0,0,0,0,0,0,0,0,0,0,,,,0,,0,0,,,0,0,,,0,0,No_Change,positive,positive,positive,stable,stable,True,True,False,False,False,False,0,17,False,0,0,8915.51,0.0732789875,0,0,113507.2699999999,0.9329469454,108517.59,-5686.7366666667,-0.0452845699,0,-17060.21,5686.7366666667,normal,False,,No driver activity this period.,0 transactions
ACC-0009,24,SMB,Energy,Monthly,0.0711,stable,93.9505,0.132923,0.168743,0.015827,2,0,0,9720.16,,23,9720.16,94.2805,0.175234,0.022206,2,0.0711,0,0,0,increase,-0.33,-0.0035001936,-0.006491,-0.006379,0,0,0,,,,0,,0,[],[],[],[],[],0,0,0,0,0,0,0,0,0,0,0,0,0,0,0,0,0,0,,,,0,,0,0,,,0,0,,,0,0,No_Change,positive,stable,stable,stable,stable,True,False,False,False,False,False,0,18,False,0,0,-8.22,-0.0000675624,0,0,7982.88,0.0656134494,10532.53,-812.37,-0.0668217453,0,-2437.11,812.37,normal,False,,No driver activity this period.,0 transactions
ACC-0013,24,Mid-Market,Media,Monthly,0.0279,stable,88.1554,0.085648,0.134101,0.01191,2,0,0,18968.87,,23,18968.87,86.0328,0.138841,0.014759,2,0.0279,0,0,0,increase,2.1226,0.0246719856,-0.00474,-0.002849,0,0,0,,,,0,,0,[],[],[],[],[],0,0,0,0,0,0,0,0,0,0,0,0,0,0,0,0,0,0,,,,0,,0,0,,,0,0,,,0,0,No_Change,positive,stable,stable,stable,stable,True,False,False,False,False,False,0,19,False,0,0,8915.51,0.0732789875,0,0,7982.88,0.0656134494,16194.64,1995.15,0.1405065768,3648.21,0,-1995.15,normal,False,,No driver activity this period.,0 transactions
ACC-0014,24,SMB,Education,Multi-Year,0.0799,stable,80.5665,0.076833,0.138329,0.022013,1,-0.5,0,7911.77,,23,7911.77,77.7911,0.134106,0.019711,2,0.0799,0,0,0,increase,2.7754,0.0356776032,0.004223,0.002302,-1,-0.5,0,,,,0,,0,[],[],[],[],[],0,0,0,0,0,0,0,0,0,0,0,0,0,0,0,0,0,0,,,,0,,0,0,,,0,0,,,0,0,No_Change,positive,stable,stable,stable,stable,True,False,False,False,False,False,0,20,False,0,0,-8.22,-0.0000675624,65.67,0.0005397595,175.15,0.0014396052,7911.77,0,0,0,0,0,normal,False,,No driver activity this period.,0 transactions
ACC-0017,24,Mid-Market,Healthcare,Annual,0.1074,stable,56.5753,0.095293,0.139333,0.019967,2,1,0,1435.61,,23,1435.61,56.9121,0.125803,0.016789,1,0.1074,0,0,0,increase,-0.3368,-0.005917898,0.01353,0.003178,1,1,0,,,,0,,0,[],[],[],[],[],0,0,0,0,0,0,0,0,0,0,0,0,0,0,0,0,0,0,,,,0,,0,0,,,0,0,,,0,0,No_Change,positive,positive,stable,stable,stable,True,True,False,False,False,False,0,21,False,0,0,8915.51,0.0732789875,0,0,113507.2699999999,0.9329469454,1311.89,148.6566666667,0.1371921058,260.39,0,-148.6566666667,normal,False,,No driver activity this period.,0 transactions
ACC-0019,24,Mid-Market,Real Estate,Annual,0.1741,stable,62.0193,0.086505,0.140856,0.022558,2,-0.3333333333,0,14187.93,,23,14187.93,58.6386,0.14034,0.016472,3,0.1741,0,0,0,increase,3.3807,0.05765315,0.000516,0.006086,-1,-0.3333333333,0,,,,0,,0,[],[],[],[],[],0,0,0,0,0,0,0,0,0,0,0,0,0,0,0,0,0,0,,,,0,,0,0,,,0,0,,,0,0,No_Change,positive,stable,stable,stable,stable,True,False,False,False,False,False,0,22,False,0,0,8915.51,0.0732789875,4295.75,0.0353079309,113507.2699999999,0.9329469454,14955.9433333333,751.06,0.0700729172,3405.2,-1152.02,-751.06,normal,False,,No driver activity this period.,0 transactions
ACC-0020,24,SMB,Energy,Annual,0.1079,stable,39.9505,0.055198,0.166995,0.015585,2,0,0,949.68,,23,949.68,39.389,0.162032,0.015424,2,0.1079,0,0,0,increase,0.5615,0.0142552489,0.004963,0.000161,0,0,0,,,,0,,0,[],[],[],[],[],0,0,0,0,0,0,0,0,0,0,0,0,0,0,0,0,0,0,,,,0,,0,0,,,0,0,,,0,0,No_Change,positive,stable,stable,stable,stable,True,False,False,False,False,False,0,23,False,0,0,-8.22,-0.0000675624,0,0,113507.2699999999,0.9329469454,960.3833333333,-10.7033333333,-0.0109018561,0,-32.11,10.7033333333,normal,False,,No driver activity this period.,0 transactions
ACC-0022,24,Mid-Market,Education,Multi-Year,0.13,stable,68.7401,0.148852,0.054641,0.024043,1,-0.5,0,13690.63,,23,13690.63,66.078,0.058387,0.021568,2,0.13,0,0,0,increase,2.6621,0.0402872363,-0.003746,0.002475,-1,-0.5,0,,,,0,,0,[],[],[],[],[],0,0,0,0,0,0,0,0,0,0,0,0,0,0,0,0,0,0,,,,0,,0,0,,,0,0,,,0,0,No_Change,positive,stable,stable,stable,stable,True,False,False,False,False,False,0,24,False,0,0,8915.51,0.0732789875,65.67,0.0005397595,175.15,0.0014396052,11484.77,1704.6933333333,0.1764002661,3308.79,0,-1704.6933333333,normal,False,,No driver activity this period.,0 transactions
ACC-0024,24,SMB,Healthcare,Multi-Year,0.1719,stable,50.6205,0.108899,0.18488,0.018232,2,-0.3333333333,0,896.1,,23,896.1,47.4404,0.188524,0.022302,3,0.1719,0,0,0,increase,3.1801,0.0670335832,-0.003644,-0.00407,-1,-0.3333333333,0,,,,0,,0,[],[],[],[],[],0,0,0,0,0,0,0,0,0,0,0,0,0,0,0,0,0,0,,,,0,,0,0,,,0,0,,,0,0,No_Change,positive,stable,stable,stable,stable,True,False,False,False,False,False,0,25,False,0,0,-8.22,-0.0000675624,0,0,175.15,0.0014396052,992.22,-48.06,-0.0461991002,0,-144.18,48.06,normal,False,,No driver activity this period.,0 transactions
ACC-0025,24,Mid-Market,Real Estate,Monthly,0.1871,growth,105.6901,0.051922,0.120135,0.016645,2,1,0,15683.35,,23,12046.91,99.3515,0.103731,0.023757,1,0.1871,3636.44,0.3018566587,3636.44,increase,6.3386,0.0637997413,0.016404,-0.007112,1,1,0,INV-2026-12-005,2026-12-19T10:00:00,Expansion,3636.44,Seat_Add,1,"[""INV-2026-12-005""]","[""2026-12-19T10:00:00""]","[""Expansion""]",[3636.44],"[""Seat_Add""]",3636.44,0,3636.44,0,0,3636.44,0,0,0,0,0,0,1,0,0,0,0,0,INV-2026-12-005,2026-12-19T10:00:00,Expansion,3636.44,Seat_Add,3636.44,0,Expansion,Seat_Add,3636.44,1,,,0,0,Expansion,positive,positive,stable,stable,stable,True,True,False,False,False,False,0.1164404463,4,True,3636.44,0.0298888837,8915.51,0.0732789875,4295.75,0.0353079309,7982.88,0.0656134494,12046.91,-539.0833333333,-0.0394523581,0,-1617.25,4175.5233333333,normal,False,,"Expansion +3,636.4400","1 transactions; largest INV-2026-12-005 +3,636.4400 (Seat_Add)"
ACC-0026,24,SMB,Healthcare,Annual,0.0709,stable,28.7013,0.019927,0.072535,0.020681,1,0,0,2868.28,,23,2868.28,26.0846,0.078032,0.019181,1,0.0709,0,0,0,increase,2.6167,0.1003158952,-0.005497,0.0015,0,0,0,,,,0,,0,[],[],[],[],[],0,0,0,0,0,0,0,0,0,0,0,0,0,0,0,0,0,0,,,,0,,0,0,,,0,0,,,0,0,No_Change,stable,stable,stable,stable,stable,False,False,False,False,False,False,0,26,False,0,0,-8.22,-0.0000675624,0,0,113507.2699999999,0.9329469454,2571.3766666667,222.6133333333,0.0954888192,444.97,0,-222.6133333333,normal,False,,No driver activity this period.,0 transactions
ACC-0027,24,Mid-Market,Healthcare,Monthly,0.1456,stable,77.7193,0.029558,0.11669,0.022262,2,0,0,4666.07,,23,4666.07,73.8661,0.105709,0.075757,2,0.1456,0,0,0,increase,3.8532,0.0521646601,0.010981,-0.053495,0,0,0,,,,0,,0,[],[],[],[],[],0,0,0,0,0,0,0,0,0,0,0,0,0,0,0,0,0,0,,,,0,,0,0,,,0,0,,,0,0,No_Change,positive,positive,positive,stable,stable,True,True,False,False,False,False,0,27,False,0,0,8915.51,0.0732789875,0,0,7982.88,0.0656134494,4586.9366666667,166.7466666667,0.0388998426,262.84,0,-166.7466666667,normal,False,,No driver activity this period.,0 transactions
ACC-0028,24,SMB,Education,Monthly,0.0925,stable,32.7841,0.020465,0.121893,0.087293,1,-0.5,0,2949,,23,2949,30.7398,0.106638,0.017439,2,0.0925,0,0,0,increase,2.0443,0.0665033605,0.015255,0.069854,-1,-0.5,0,,,,0,,0,[],[],[],[],[],0,0,0,0,0,0,0,0,0,0,0,0,0,0,0,0,0,0,,,,0,,0,0,,,0,0,,,0,0,No_Change,positive,positive,negative,stable,stable,True,True,True,False,False,False,0,28,False,0,0,-8.22,-0.0000675624,65.67,0.0005397595,7982.88,0.0656134494,2949,253.29,0.1157034987,759.87,0,-253.29,normal,False,,No driver activity this period.,0 transactions
ACC-0029,24,SMB,Real Estate,Annual,0.1938,churned,32.8929,0.094447,0.129109,0.010749,2,-0.3333333333,0,0,,23,1857.55,35.2778,0.11807,0.01869,3,0.1938,-1857.55,-1,1857.55,decrease,-2.3849,-0.067603422,0.011039,-0.007941,-1,-0.3333333333,0,CR-2026-12-001,2026-12-03T10:00:00,Churn,-1857.55,Budget_Cut,1,"[""CR-2026-12-001""]","[""2026-12-03T10:00:00""]","[""Churn""]",[-1857.55],"[""Budget_Cut""]",-1857.55,0,0,-1857.55,0,0,0,-1857.55,0,0,0,0,0,0,1,0,0,0,CR-2026-12-001,2026-12-03T10:00:00,Churn,-1857.55,Budget_Cut,0,-1857.55,Churn,Budget_Cut,-1857.55,1,,,0,0,Churn,positive,positive,stable,stable,stable,True,True,False,False,False,False,0.355512014,3,True,-1857.55,-0.0152677057,-8.22,-0.0000675624,4295.75,0.0353079309,113507.2699999999,0.9329469454,1857.55,0,0,0,0,-1857.55,normal,True,Budget_Cut,"Churn -1,857.5500","1 transactions; largest CR-2026-12-001 -1,857.5500 (Budget_Cut)"
ACC-0031,24,Mid-Market,Logistics,Monthly,0.1915,stable,34.5122,-0.029562,0.095218,0.013033,2,-0.5,0,6909.29,,23,6909.29,35.5573,0.083623,0.017065,4,0.1915,0,0,0,increase,-1.0451,-0.0293919955,0.011595,-0.004032,-2,-0.5,0,,,,0,,0,[],[],[],[],[],0,0,0,0,0,0,0,0,0,0,0,0,0,0,0,0,0,0,,,,0,,0,0,,,0,0,,,0,0,No_Change,negative,positive,stable,positive,stable,True,True,False,False,False,False,0,29,False,0,0,8915.51,0.0732789875,0,0,7982.88,0.0656134494,6760.0266666667,824.7766666667,0.1756074977,1812.09,-682.15,-824.7766666667,normal,False,,No driver activity this period.,0 transactions
ACC-0032,24,SMB,Fintech,Annual,0.1084,stable,30.9295,0.027473,0.146271,0.075331,4,-0.3333333333,0,222.93,,23,222.93,29.9886,0.13414,0.01781,6,0.1084,0,0,0,increase,0.9409,0.0313752559,0.012131,0.057521,-2,-0.3333333333,0,,,,0,,0,[],[],[],[],[],0,0,0,0,0,0,0,0,0,0,0,0,0,0,0,0,0,0,,,,0,,0,0,,,0,0,,,0,0,No_Change,positive,positive,negative,positive,stable,True,True,True,False,False,False,0,30,False,0,0,-8.22,-0.0000675624,1188.86,0.0097715618,113507.2699999999,0.9329469454,280.49,-28.78,-0.0930578459,0,-86.34,28.78,normal,False,,No driver activity this period.,0 transactions
ACC-0033,24,Mid-Market,Real Estate,Monthly,0.1922,growth,63.8734,0.029209,0.103935,0.010889,1,0,0,5394.22,,23,5109.9,63.6658,0.1107,0.01188,1,0.1922,284.32,0.0556410106,284.32,increase,0.2076,0.0032607774,-0.006765,-0.000991,0,0,0,INV-2026-12-006,2026-12-04T10:00:00,Expansion,284.32,Feature_Upgrade,1,"[""INV-2026-12-006""]","[""2026-12-04T10:00:00""]","[""Expansion""]",[284.32],"[""Feature_Upgrade""]",284.32,0,284.32,0,0,284.32,0,0,0,0,0,0,1,0,0,0,0,0,INV-2026-12-006,2026-12-04T10:00:00,Expansion,284.32,Feature_Upgrade,284.32,0,Expansion,Feature_Upgrade,284.32,1,,,0,0,Expansion,positive,stable,stable,stable,stable,True,False,False,False,False,False,0.0203180327,12,False,284.32,0.002336903,8915.51,0.0732789875,4295.75,0.0353079309,7982.88,0.0656134494,4687.8666666667,342.1833333333,0.0792573942,633.05,0,-57.8633333333,normal,False,,Expansion +284.3200,1 transactions; largest INV-2026-12-006 +284.3200 (Feature_Upgrade)
ACC-0034,24,Mid-Market,Manufacturing,Monthly,0.1883,growth,156.2316,0.064432,0.160334,0.016318,2,-0.3333333333,0,18727.78,,23,15965.57,153.3689,0.150601,0.013663,3,0.1883,2762.21,0.1730104218,2762.21,increase,2.8627,0.018665453,0.009733,0.002655,-1,-0.3333333333,0,INV-2026-12-007,2026-12-11T10:00:00,Expansion,2258.71,Feature_Upgrade,2,"[""INV-2026-12-007"", ""INV-2026-12-008""]","[""2026-12-11T10:00:00"", ""2026-12-16T10:00:00""]","[""Expansion"", ""Usage_Overage""]","[2258.71, 503.5]","[""Feature_Upgrade"", ""Usage_Above_Commit""]",2762.21,0,2762.21,0,0,2258.71,0,0,0,0,503.5,0,0.8177184211,0,0,0,0,0.1822815789,INV-2026-12-007,2026-12-11T10:00:00,Expansion,2258.71,Feature_Upgrade,2258.71,0,Expansion,Feature_Upgrade,2258.71,0.8177184211,Usage_Overage,Usage_Above_Commit,503.5,0.1822815789,Expansion,positive,stable,stable,stable,stable,True,False,False,False,False,False,0.0687501109,6,False,2762.21,0.0227033509,8915.51,0.0732789875,-103529.93,-0.85094049,7982.88,0.0656134494,13401.17,1282.2,0.1058010706,3846.6,0,1480.01,unusual_increase,False,,"Expansion +2,258.7100; Usage_Overage +503.5000","2 transactions; largest INV-2026-12-007 +2,258.7100 (Feature_Upgrade)"
ACC-0035,24,SMB,Technology,Annual,0.0633,stable,22.3911,0.12206,0.140001,0.022341,1,-0.5,0,1155.81,,23,1155.81,21.6403,0.120661,0.023547,2,0.0633,0,0,0,increase,0.7508,0.0346945283,0.01934,-0.001206,-1,-0.5,0,,,,0,,0,[],[],[],[],[],0,0,0,0,0,0,0,0,0,0,0,0,0,0,0,0,0,0,,,,0,,0,0,,,0,0,,,0,0,No_Change,positive,positive,stable,stable,stable,True,True,False,False,False,False,0,31,False,0,0,-8.22,-0.0000675624,219644.9499999999,1.8053212379,113507.2699999999,0.9329469454,1155.81,0,0,0,0,0,normal,False,,No driver activity this period.,0 transactions
ACC-0037,24,SMB,Technology,Multi-Year,0.1992,growth,43.5586,-0.005543,0.159315,0.019866,2,1,0,907.68,,23,874.75,44.1412,0.149641,0.013166,1,0.1992,32.93,0.0376450414,32.93,increase,-0.5826,-0.0131985537,0.009674,0.0067,1,1,0,INV-2026-12-009,2026-12-21T10:00:00,Usage_Overage,32.93,Usage_Above_Commit,1,"[""INV-2026-12-009""]","[""2026-12-21T10:00:00""]","[""Usage_Overage""]",[32.93],"[""Usage_Above_Commit""]",32.93,0,32.93,0,0,0,0,0,0,0,32.93,0,0,0,0,0,0,1,INV-2026-12-009,2026-12-21T10:00:00,Usage_Overage,32.93,Usage_Above_Commit,32.93,0,Usage_Overage,Usage_Above_Commit,32.93,1,,,0,0,Usage_Overage,stable,stable,stable,stable,stable,False,False,False,False,False,False,0.0132734796,13,False,32.93,0.0002706606,-8.22,-0.0000675624,219644.9499999999,1.8053212379,175.15,0.0014396052,874.75,0,0,0,0,32.93,normal,False,,Usage_Overage +32.9300,1 transactions; largest INV-2026-12-009 +32.9300 (Usage_Above_Commit)
ACC-0038,24,SMB,Energy,Multi-Year,0.1759,stable,25.0419,0.134593,0.130616,0.024211,2,1,0,584.83,,23,584.83,26.2654,0.137439,0.019064,1,0.1759,0,0,0,increase,-1.2235,-0.0465821956,-0.006823,0.005147,1,1,0,,,,0,,0,[],[],[],[],[],0,0,0,0,0,0,0,0,0,0,0,0,0,0,0,0,0,0,,,,0,,0,0,,,0,0,,,0,0,No_Change,positive,stable,stable,stable,stable,True,False,False,False,False,False,0,32,False,0,0,-8.22,-0.0000675624,0,0,175.15,0.0014396052,584.83,-20.7366666667,-0.0320485081,0,-62.21,20.7366666667,normal,False,,No driver activity this period.,0 transactions
ACC-0039,24,Mid-Market,Technology,Multi-Year,0.1614,stable,123.4226,0.0337,0.068641,0.016068,1,0,0,11864.51,,23,11864.51,120.8584,0.057716,0.019156,1,0.1614,0,0,0,increase,2.5642,0.0212165642,0.010925,-0.003088,0,0,0,,,,0,,0,[],[],[],[],[],0,0,0,0,0,0,0,0,0,0,0,0,0,0,0,0,0,0,,,,0,,0,0,,,0,0,,,0,0,No_Change,positive,positive,stable,stable,stable,True,True,False,False,False,False,0,33,False,0,0,8915.51,0.0732789875,219644.9499999999,1.8053212379,175.15,0.0014396052,11864.51,338.74,0.0312251977,1016.22,0,-338.74,normal,False,,No driver activity this period.,0 transactions
ACC-0040,24,SMB,Healthcare,Multi-Year,0.0269,stable,39.6089,0.053492,0.184241,0.089417,2,0,0,4193.27,,23,4193.27,34.8795,0.177586,0.013052,2,0.0269,0,0,0,increase,4.7294,0.13559254,0.006655,0.076365,0,0,0,,,,0,,0,[],[],[],[],[],0,0,0,0,0,0,0,0,0,0,0,0,0,0,0,0,0,0,,,,0,,0,0,,,0,0,,,0,0,No_Change,positive,stable,negative,stable,stable,True,False,True,False,False,False,0,34,False,0,0,-8.22,-0.0000675624,0,0,175.15,0.0014396052,4193.27,0,0,0,0,0,normal,False,,No driver activity this period.,0 transactions
ACC-0042,24,SMB,Education,Annual,0.0088,decline,33.567,0.035356,0.050025,0.015331,4,-0.3333333333,0,1008.65,,23,1085.2,30.2873,0.032893,0.019764,6,0.0088,-76.55,-0.0705399926,76.55,decrease,3.2797,0.1082863114,0.017132,-0.004433,-2,-0.3333333333,0,CR-2026-12-002,2026-12-02T10:00:00,Contraction,-76.55,Contract_Downgrade,1,"[""CR-2026-12-002""]","[""2026-12-02T10:00:00""]","[""Contraction""]",[-76.55],"[""Contract_Downgrade""]",-76.55,0,0,-76.55,0,0,-76.55,0,0,0,0,0,0,1,0,0,0,0,CR-2026-12-002,2026-12-02T10:00:00,Contraction,-76.55,Contract_Downgrade,0,-76.55,Contraction,Contract_Downgrade,-76.55,1,,,0,0,Contraction,positive,positive,stable,positive,stable,True,True,False,False,False,False,0.0249161486,10,False,-76.55,-0.0006291851,-8.22,-0.0000675624,65.67,0.0005397595,113507.2699999999,0.9329469454,1233.2933333333,-74.0466666667,-0.0566391808,0,-222.14,-2.5033333333,normal,False,,Contraction -76.5500,1 transactions; largest CR-2026-12-002 -76.5500 (Contract_Downgrade)
ACC-0044,24,Mid-Market,Energy,Annual,0.0296,stable,57.5494,-0.016505,0.105301,0.014744,2,0,0,18174.31,,23,18174.31,58.053,0.104604,0.01484,2,0.0296,0,0,0,increase,-0.5036,-0.0086748316,0.000697,-0.000096,0,0,0,,,,0,,0,[],[],[],[],[],0,0,0,0,0,0,0,0,0,0,0,0,0,0,0,0,0,0,,,,0,,0,0,,,0,0,,,0,0,No_Change,stable,stable,stable,stable,stable,False,False,False,False,False,False,0,35,False,0,0,8915.51,0.0732789875,0,0,113507.2699999999,0.9329469454,18174.31,0,0,0,0,0,normal,False,,No driver activity this period.,0 transactions
ACC-0045,24,Enterprise,Manufacturing,Annual,0.1334,churned,848.9208,-0.0189,0.126494,0.01592,2,1,0,0,,23,106292.14,863.0696,0.125267,0.011079,1,0.1334,-106292.14,-1,106292.14,decrease,-14.1488,-0.0163935794,0.001227,0.004841,1,1,0,CR-2026-12-003,2026-12-17T10:00:00,Churn,-106292.14,Budget_Cut,1,"[""CR-2026-12-003""]","[""2026-12-17T10:00:00""]","[""Churn""]",[-106292.14],"[""Budget_Cut""]",-106292.14,0,0,-106292.14,0,0,0,-106292.14,0,0,0,0,0,0,1,0,0,0,CR-2026-12-003,2026-12-17T10:00:00,Churn,-106292.14,Budget_Cut,0,-106292.14,Churn,Budget_Cut,-106292.14,1,,,0,0,Churn,stable,stable,stable,stable,stable,False,False,False,False,False,False,0.6654067276,2,True,-106292.14,-0.8736438409,112758.0099999999,0.9267885749,-103529.93,-0.85094049,113507.2699999999,0.9329469454,106292.14,0,0,0,0,-106292.14,normal,True,Budget_Cut,"Churn -106,292.1400","1 transactions; largest CR-2026-12-003 -106,292.1400 (Budget_Cut)"
ACC-0046,24,Enterprise,Retail,Multi-Year,0.0473,stable,700.7518,-0.034149,0.175259,0.021495,2,0,0,261567,,23,261567,702.1187,0.164506,0.019989,2,0.0473,0,0,0,increase,-1.3669,-0.0019468218,0.010753,0.001506,0,0,0,,,,0,,0,[],[],[],[],[],0,0,0,0,0,0,0,0,0,0,0,0,0,0,0,0,0,0,,,,0,,0,0,,,0,0,,,0,0,No_Change,negative,positive,stable,stable,stable,True,True,False,False,False,False,0,36,False,0,0,112758.0099999999,0.9267885749,0,0,175.15,0.0014396052,212856.2233333333,32544.0966666667,0.175778122,49132.25,0,-32544.0966666667,normal,False,,No driver activity this period.,0 transactions
ACC-0048,24,SMB,Fintech,Multi-Year,0.0445,stable,10.6586,-0.022213,0.123697,0.022772,1,-0.5,0,895.95,,23,895.95,11.7569,0.12751,0.01176,2,0.0445,0,0,0,increase,-1.0983,-0.0934174825,-0.003813,0.011012,-1,-0.5,0,,,,0,,0,[],[],[],[],[],0,0,0,0,0,0,0,0,0,0,0,0,0,0,0,0,0,0,,,,0,,0,0,,,0,0,,,0,0,No_Change,negative,stable,negative,stable,stable,True,False,True,False,False,False,0,37,False,0,0,-8.22,-0.0000675624,1188.86,0.0097715618,175.15,0.0014396052,895.95,0,0,0,0,0,normal,False,,No driver activity this period.,0 transactions
ACC-0049,24,SMB,Manufacturing,Monthly,0.0557,stable,35.9354,0.009555,0.160983,0.017434,2,0,1,1175.12,,23,1175.12,31.2175,0.141495,0.010604,2,0.0557,0,0,0,increase,4.7179,0.1511299752,0.019488,0.00683,0,0,0,,,,0,,0,[],[],[],[],[],0,0,0,0,0,0,0,0,0,0,0,0,0,0,0,0,0,0,,,,0,,0,0,,,0,0,,,0,0,No_Change,stable,positive,stable,stable,negative,False,True,False,False,True,False,0,38,False,0,0,-8.22,-0.0000675624,-103529.93,-0.85094049,7982.88,0.0656134494,1175.12,59.4966666667,0.0596978484,178.49,0,-59.4966666667,normal,False,,No driver activity this period.,0 transactions
ACC-0051,24,SMB,Technology,Monthly,0.1457,growth,38.1058,0.084347,0.157292,0.02212,2,0,0,3719.88,,23,3158.01,32.3428,0.164285,0.014652,2,0.1457,561.87,0.177919006,561.87,increase,5.763,0.1781849438,-0.006993,0.007468,0,0,0,INV-2026-12-010,2026-12-14T10:00:00,Expansion,561.87,Feature_Upgrade,1,"[""INV-2026-12-010""]","[""2026-12-14T10:00:00""]","[""Expansion""]",[561.87],"[""Feature_Upgrade""]",561.87,0,561.87,0,0,561.87,0,0,0,0,0,0,1,0,0,0,0,0,INV-2026-12-010,2026-12-14T10:00:00,Expansion,561.87,Feature_Upgrade,561.87,0,Expansion,Feature_Upgrade,561.87,1,,,0,0,Expansion,positive,stable,stable,stable,stable,True,False,False,False,False,False,0.063938921,7,False,561.87,0.0046181615,-8.22,-0.0000675624,219644.9499999999,1.8053212379,7982.88,0.0656134494,3158.01,-340.34,-0.0814399514,0,-1021.02,902.21,normal,False,,Expansion +561.8700,1 transactions; largest INV-2026-12-010 +561.8700 (Feature_Upgrade)
ACC-0052,24,SMB,Technology,Monthly,0.0089,stable,41.1939,0.028587,0.096067,0.075257,2,0,0,1920.82,,23,1920.82,38.2722,0.099011,0.013452,2,0.0089,0,0,0,increase,2.9217,0.0763400066,-0.002944,0.061805,0,0,0,,,,0,,0,[],[],[],[],[],0,0,0,0,0,0,0,0,0,0,0,0,0,0,0,0,0,0,,,,0,,0,0,,,0,0,,,0,0,No_Change,positive,stable,negative,stable,stable,True,False,True,False,False,False,0,39,False,0,0,-8.22,-0.0000675624,219644.9499999999,1.8053212379,7982.88,0.0656134494,1920.82,-175.8566666667,-0.0718254309,0,-527.57,175.8566666667,normal,False,,No driver activity this period.,0 transactions
ACC-0053,24,Mid-Market,Manufacturing,Monthly,0.014,stable,109.7765,-0.009787,0.068581,0.021495,4,1,0,25836.88,,23,25836.88,107.8082,0.048748,0.02336,2,0.014,0,0,0,increase,1.9683,0.0182574238,0.019833,-0.001865,2,1,0,,,,0,,0,[],[],[],[],[],0,0,0,0,0,0,0,0,0,0,0,0,0,0,0,0,0,0,,,,0,,0,0,,,0,0,,,0,0,No_Change,stable,positive,stable,negative,stable,False,True,False,True,False,False,0,40,False,0,0,8915.51,0.0732789875,-103529.93,-0.85094049,7982.88,0.0656134494,24079.2633333333,1757.6166666667,0.0854704388,5272.85,0,-1757.6166666667,normal,False,,No driver activity this period.,0 transactions
ACC-0054,24,Mid-Market,Logistics,Annual,0.1334,stable,149.8655,0.140572,0.118314,0.024986,2,0,0,21384.16,,23,21384.16,149.7167,0.103742,0.024286,2,0.1334,0,0,0,increase,0.1488,0.0009938771,0.014572,0.0007,0,0,0,,,,0,,0,[],[],[],[],[],0,0,0,0,0,0,0,0,0,0,0,0,0,0,0,0,0,0,,,,0,,0,0,,,0,0,,,0,0,No_Change,positive,positive,stable,stable,stable,True,True,False,False,False,False,0,41,False,0,0,8915.51,0.0732789875,0,0,113507.2699999999,0.9329469454,19907.0733333333,-804.74,-0.0263193016,2215.63,-4629.85,804.74,normal,False,,No driver activity this period.,0 transactions
ACC-0055,24,SMB,Education,Annual,0.0758,stable,42.573,0.028985,0.127449,0.01949,1,0,0,924.09,,23,924.09,40.3219,0.12457,0.020831,1,0.0758,0,0,0,increase,2.2511,0.0558282224,0.002879,-0.001341,0,0,0,,,,0,,0,[],[],[],[],[],0,0,0,0,0,0,0,0,0,0,0,0,0,0,0,0,0,0,,,,0,,0,0,,,0,0,,,0,0,No_Change,positive,stable,stable,stable,stable,True,False,False,False,False,False,0,42,False,0,0,-8.22,-0.0000675624,65.67,0.0005397595,113507.2699999999,0.9329469454,924.09,-88.5966666667,-0.0744584888,0,-265.79,88.5966666667,normal,False,,No driver activity this period.,0 transactions
ACC-0056,24,Enterprise,Logistics,Monthly,0.086,stable,615.2292,0.047925,0.126898,0.02375,2,0,0,132745.08,,23,132745.08,612.6422,0.111464,0.01313,2,0.086,0,0,0,increase,2.587,0.0042226931,0.015434,0.01062,0,0,0,,,,0,,0,[],[],[],[],[],0,0,0,0,0,0,0,0,0,0,0,0,0,0,0,0,0,0,,,,0,,0,0,,,0,0,,,0,0,No_Change,positive,positive,negative,stable,stable,True,True,True,False,False,False,0,43,False,0,0,112758.0099999999,0.9267885749,0,0,7982.88,0.0656134494,125892.6666666667,8620.71,0.0765766187,15583.51,0,-8620.71,normal,False,,No driver activity this period.,0 transactions
ACC-0057,24,SMB,Media,Annual,0.192,stable,24.3731,0.082485,0.166757,0.016537,3,0,0,748.59,,23,748.59,20.1219,0.149151,0.017098,3,0.192,0,0,0,increase,4.2512,0.2112722954,0.017606,-0.000561,0,0,0,,,,0,,0,[],[],[],[],[],0,0,0,0,0,0,0,0,0,0,0,0,0,0,0,0,0,0,,,,0,,0,0,,,0,0,,,0,0,No_Change,positive,positive,stable,stable,stable,True,True,False,False,False,False,0,44,False,0,0,-8.22,-0.0000675624,0,0,113507.2699999999,0.9329469454,748.59,0,0,0,0,0,normal,False,,No driver activity this period.,0 transactions
ACC-0058,24,Mid-Market,Energy,Monthly,0.1904,stable,94.3103,-0.044695,0.083782,0.024833,2,-0.3333333333,0,11436.42,,23,11436.42,89.8454,0.084147,0.013757,3,0.1904,0,0,0,increase,4.4649,0.0496953656,-0.000365,0.011076,-1,-0.3333333333,0,,,,0,,0,[],[],[],[],[],0,0,0,0,0,0,0,0,0,0,0,0,0,0,0,0,0,0,,,,0,,0,0,,,0,0,,,0,0,No_Change,negative,stable,negative,stable,stable,True,False,True,False,False,False,0,45,False,0,0,8915.51,0.0732789875,0,0,7982.88,0.0656134494,13390.9533333333,-816.1066666667,-0.0534389788,966.96,-3415.28,816.1066666667,normal,False,,No driver activity this period.,0 transactions
ACC-0060,24,Mid-Market,Education,Monthly,0.0488,stable,128.1959,0.013917,0.206934,0.022402,2,-0.5,0,6287.63,,23,6287.63,125.9594,0.203465,0.024364,4,0.0488,0,0,0,increase,2.2365,0.0177557213,0.003469,-0.001962,-2,-0.5,0,,,,0,,0,[],[],[],[],[],0,0,0,0,0,0,0,0,0,0,0,0,0,0,0,0,0,0,,,,0,,0,0,,,0,0,,,0,0,No_Change,stable,stable,stable,positive,stable,False,False,False,False,False,False,0,46,False,0,0,8915.51,0.0732789875,65.67,0.0005397595,7982.88,0.0656134494,6830.6433333333,-271.5066666667,-0.0382287993,0,-814.52,271.5066666667,normal,False,,No driver activity this period.,0 transactions
ACC-0061,24,SMB,Real Estate,Monthly,0.1115,stable,29.2046,-0.005063,0.091092,0.015098,2,0,0,711.24,,23,711.24,28.4138,0.073721,0.016135,2,0.1115,0,0,0,increase,0.7908,0.0278315466,0.017371,-0.001037,0,0,0,,,,0,,0,[],[],[],[],[],0,0,0,0,0,0,0,0,0,0,0,0,0,0,0,0,0,0,,,,0,,0,0,,,0,0,,,0,0,No_Change,stable,positive,stable,stable,stable,False,True,False,False,False,False,0,47,False,0,0,-8.22,-0.0000675624,4295.75,0.0353079309,7982.88,0.0656134494,711.24,0,0,0,0,0,normal,False,,No driver activity this period.,0 transactions
ACC-0062,24,Mid-Market,Real Estate,Annual,0.19,growth,34.8617,0.110033,0.093702,0.022595,2,0,0,16324.34,,23,14829.84,35.2179,0.091606,0.011634,2,0.19,1494.5,0.1007765424,1494.5,increase,-0.3562,-0.0101141749,0.002096,0.010961,0,0,0,INV-2026-12-011,2026-12-06T10:00:00,Expansion,1494.5,Feature_Upgrade,1,"[""INV-2026-12-011""]","[""2026-12-06T10:00:00""]","[""Expansion""]",[1494.5],"[""Feature_Upgrade""]",1494.5,0,1494.5,0,0,1494.5,0,0,0,0,0,0,1,0,0,0,0,0,INV-2026-12-011,2026-12-06T10:00:00,Expansion,1494.5,Feature_Upgrade,1494.5,0,Expansion,Feature_Upgrade,1494.5,1,,,0,0,Expansion,positive,stable,negative,stable,stable,True,False,True,False,False,False,0.0397065049,9,False,1494.5,0.0122836996,8915.51,0.0732789875,4295.75,0.0353079309,113507.2699999999,0.9329469454,13575.3933333333,1254.4466666667,0.1133553216,3763.34,0,240.0533333333,normal,False,,"Expansion +1,494.5000","1 transactions; largest INV-2026-12-011 +1,494.5000 (Feature_Upgrade)"
ACC-0064,24,Mid-Market,Real Estate,Monthly,0.0478,stable,130.7757,-0.024465,0.133449,0.010922,1,-0.5,0,15055.92,,23,15055.92,132.6765,0.123515,0.02008,2,0.0478,0,0,0,increase,-1.9008,-0.0143265763,0.009934,-0.009158,-1,-0.5,0,,,,0,,0,[],[],[],[],[],0,0,0,0,0,0,0,0,0,0,0,0,0,0,0,0,0,0,,,,0,,0,0,,,0,0,,,0,0,No_Change,negative,stable,stable,stable,stable,True,False,False,False,False,False,0,48,False,0,0,8915.51,0.0732789875,4295.75,0.0353079309,7982.88,0.0656134494,14318.94,1212.2033333333,0.1002989927,2531.14,0,-1212.2033333333,normal,False,,No driver activity this period.,0 transactions
ACC-0065,24,SMB,Energy,Multi-Year,0.0161,stable,36.8161,0.084123,0.124944,0.011739,5,-0.2857142857,1,1492.35,,23,1492.35,35.8589,0.133308,0.014785,7,0.0161,0,0,0,increase,0.9572,0.0266935126,-0.008364,-0.003046,-2,-0.2857142857,0,,,,0,,0,[],[],[],[],[],0,0,0,0,0,0,0,0,0,0,0,0,0,0,0,0,0,0,,,,0,,0,0,,,0,0,,,0,0,No_Change,positive,stable,stable,positive,negative,True,False,False,False,True,False,0,49,False,0,0,-8.22,-0.0000675624,0,0,175.15,0.0014396052,1212.9766666667,131.4766666667,0.1200196821,337.16,-106.53,-131.4766666667,normal,False,,No driver activity this period.,0 transactions
ACC-0066,24,Mid-Market,Healthcare,Monthly,0.0662,stable,27.1688,0.037113,0.069238,0.020922,3,-0.25,0,7726.24,,23,7726.24,27.595,0.057967,0.016215,4,0.0662,0,0,0,increase,-0.4262,-0.015444827,0.011271,0.004707,-1,-0.25,0,,,,0,,0,[],[],[],[],[],0,0,0,0,0,0,0,0,0,0,0,0,0,0,0,0,0,0,,,,0,,0,0,,,0,0,,,0,0,No_Change,positive,positive,stable,stable,stable,True,True,False,False,False,False,0,50,False,0,0,8915.51,0.0732789875,0,0,7982.88,0.0656134494,7726.24,553.9433333333,0.0913433184,1661.83,0,-553.9433333333,normal,False,,No driver activity this period.,0 transactions
ACC-0067,24,SMB,Technology,Multi-Year,0.0039,stable,23.4226,0.107318,0.106588,0.016933,2,1,0,219.01,,23,219.01,21.1946,0.10665,0.013676,1,0.0039,0,0,0,increase,2.228,0.1051211158,-0.000062,0.003257,1,1,0,,,,0,,0,[],[],[],[],[],0,0,0,0,0,0,0,0,0,0,0,0,0,0,0,0,0,0,,,,0,,0,0,,,0,0,,,0,0,No_Change,positive,stable,stable,stable,stable,True,False,False,False,False,False,0,51,False,0,0,-8.22,-0.0000675624,219644.9499999999,1.8053212379,175.15,0.0014396052,243.6566666667,-12.3233333333,-0.0481417819,0,-36.97,12.3233333333,normal,False,,No driver activity this period.,0 transactions
ACC-0068,24,SMB,Education,Multi-Year,0.1907,growth,18.3944,0.044746,0.094689,0.015453,1,0,0,2427.29,,23,2285.07,14.235,0.081059,0.021839,1,0.1907,142.22,0.0622387936,142.22,increase,4.1594,0.2921952933,0.01363,-0.006386,0,0,0,INV-2026-12-012,2026-12-13T10:00:00,Usage_Overage,142.22,Usage_Above_Commit,1,"[""INV-2026-12-012""]","[""2026-12-13T10:00:00""]","[""Usage_Overage""]",[142.22],"[""Usage_Above_Commit""]",142.22,0,142.22,0,0,0,0,0,0,0,142.22,0,0,0,0,0,0,1,INV-2026-12-012,2026-12-13T10:00:00,Usage_Overage,142.22,Usage_Above_Commit,142.22,0,Usage_Overage,Usage_Above_Commit,142.22,1,,,0,0,Usage_Overage,positive,positive,stable,stable,stable,True,True,False,False,False,False,0.0222055953,11,False,142.22,0.0011689446,-8.22,-0.0000675624,65.67,0.0005397595,175.15,0.0014396052,2285.07,0,0,0,0,142.22,normal,False,,Usage_Overage +142.2200,1 transactions; largest INV-2026-12-012 +142.2200 (Usage_Above_Commit)
ACC-0069,24,Mid-Market,Logistics,Monthly,0.0058,stable,158.4238,-0.026312,0.132333,0.024396,2,0,0,9351.78,,23,9351.78,153.7595,0.113932,0.022846,2,0.0058,0,0,0,increase,4.6643,0.0303350362,0.018401,0.00155,0,0,0,,,,0,,0,[],[],[],[],[],0,0,0,0,0,0,0,0,0,0,0,0,0,0,0,0,0,0,,,,0,,0,0,,,0,0,,,0,0,No_Change,negative,positive,stable,stable,stable,True,True,False,False,False,False,0,52,False,0,0,8915.51,0.0732789875,0,0,7982.88,0.0656134494,8408.6,471.59,0.0594165813,1414.77,0,-471.59,normal,False,,No driver activity this period.,0 transactions
ACC-0070,24,Enterprise,Technology,Annual,0.1814,growth,817.1464,0.061667,0.216581,0.087531,1,0,0,899743.7,,23,680693.55,789.8904,0.197195,0.014919,1,0.1814,219050.1499999999,0.3218043567,219050.1499999999,increase,27.256,0.034506053,0.019386,0.072612,0,0,0,INV-2026-12-013,2026-12-06T10:00:00,Expansion,219050.15,Feature_Upgrade,1,"[""INV-2026-12-013""]","[""2026-12-06T10:00:00""]","[""Expansion""]",[219050.15],"[""Feature_Upgrade""]",219050.15,0,219050.15,0,0,219050.15,0,0,0,0,0,0,1,0,0,0,0,0,INV-2026-12-013,2026-12-06T10:00:00,Expansion,219050.15,Feature_Upgrade,219050.15,0,Expansion,Feature_Upgrade,219050.15,1,,,0,0,Expansion,positive,positive,negative,stable,stable,True,True,True,False,False,False,0.7626315249,1,True,219050.1499999999,1.8004324158,112758.0099999999,0.9267885749,219644.9499999999,1.8053212379,113507.2699999999,0.9329469454,640127.64,40565.91,0.0725692546,121697.7300000001,0,178484.2399999999,unusual_increase,False,,"Expansion +219,050.1500","1 transactions; largest INV-2026-12-013 +219,050.1500 (Feature_Upgrade)"
